[34m# Start to validate the parameters passed into script... [0m
[32m[✔] oc command available[0m
[32m[✔] /Users/varunsriram/Documents/Work/CloudPak/CodeRepos/cert-kubernetes/scripts/cpfs/yq/macos/yq command available[0m
[32m[✔] oc command logged in as kube:admin[0m
[32m[✔] Channel v4.11 is valid[0m
[INFO] ibm-common-service-operator subscription exists, it is upgrade scenario

[33m[✗] It is simple namespace topology
[0m
[32m[✔] Profile size is valid.[0m
[34m# Validate CatalogSource for operator ibm-common-service-operator in cp24 namespace[0m
[32m[✔] CatalogSource ibm-cs-install-catalog-v4-11-0 from cp24 CatalogSourceNamespace is available for ibm-common-service-operator in cp24 namespace[0m

[34m# Checking whether Namespace cp24 exist...[0m
[32m[✔] Namespace cp24 already exists. Skip creating
[0m
[34m# Checking whether Namespace cp24 exist...[0m
[32m[✔] Namespace cp24 already exists. Skip creating
[0m
[34m# Checking whether OperatorGroup in cp24 exist...[0m
[32m[✔] OperatorGroup already exists in cp24. Skip creating
[0m
[34m#  Checking whether Cert Manager exist...[0m
[34m#  Smoke test for Cert Manager existence...[0m
[33m[DEBUG] Creating Issuer test-issuer in namespace cp24 .[0m
[INFO] Creating following issuer:

apiVersion: cert-manager.io/v1
kind: Issuer
metadata:
  name: test-issuer
  namespace: cp24
spec:
  selfSigned: {}

issuer.cert-manager.io/test-issuer created
[33m[DEBUG] Creating Certificate test-certificate in namespace cp24 .[0m
[INFO] Creating following certificate:

apiVersion: cert-manager.io/v1
kind: Certificate
metadata:
  name: test-certificate
  namespace: cp24
spec:
  commonName: test-certificate
  issuerRef:
    kind: Issuer
    name: test-issuer
  secretName: test-certificate-secret

certificate.cert-manager.io/test-certificate created
[INFO] Waiting for Issuer test-issuer in namespace cp24 to be Ready
[32m[✔] Issuer test-issuer in namespace cp24 is Ready
[0m
[INFO] Waiting for Certificate test-certificate in namespace cp24 to be Ready
[32m[✔] Certificate test-certificate in namespace cp24 is Ready
[0m
[INFO] Deleting test-issuer Issuer ...
issuer.cert-manager.io "test-issuer" deleted

[INFO] Deleting test-certificate Certificate ...
certificate.cert-manager.io "test-certificate" deleted

[INFO] Deleting 81273secret_name Secret ...
secret "test-certificate-secret" deleted

[34m#  Checking IBMLicensing...[0m
[33m[✗] NamespaceScope Configuration is not needed for simple or all namespaces topology, skip NamespaceScope setup
[0m
[34m# Installing IBM Foundational services operator into operator namespace cp24...[0m
[34m# Checking if CommonService CRD exists in the cluster...[0m
[INFO] CommonService CRD exist

[34m# Configuring CommonService CR in cp24...[0m
[INFO] Configuring CommonService CR common-service in cp24

apiVersion: operator.ibm.com/v3
kind: CommonService
metadata:
  annotations:
    version: "-1"
  labels:
    app.kubernetes.io/component: Operator
    app.kubernetes.io/instance: icp4adeploy
    app.kubernetes.io/managed-by: Operator
    app.kubernetes.io/name: icp4adeploy-cp4ba
    app.kubernetes.io/version: 24.0.0
    foundationservices.cloudpak.ibm.com: commonservice
    release: 24.0.0
  name: common-service
  namespace: cp24
spec:
  license:
    accept: true
  operatorNamespace: cp24
  servicesNamespace: cp24
  size: small
  storageClass: csi-cephfs
status:
  conditions:
    - lastTransitionTime: "2025-04-02T17:15:35Z"
      lastUpdateTime: "2025-04-02T17:15:35Z"
      message: reconciling CommonService CR.
      reason: StartReconciling
      status: "False"
      type: Reconciling
    - lastTransitionTime: "2025-04-02T18:06:48Z"
      lastUpdateTime: "2025-04-02T18:06:48Z"
      message: 'initializing/updating: waiting for OperandRegistry and OperandConfig to become ready.'
      reason: UpdatingResources
      status: "False"
      type: Pending
    - lastTransitionTime: "2025-04-02T18:07:08Z"
      lastUpdateTime: "2025-04-02T18:07:08Z"
      message: configuring CommonService CR.
      reason: Configuring
      status: "False"
      type: Reconciling
    - lastTransitionTime: "2025-04-02T18:07:08Z"
      lastUpdateTime: "2025-04-02T18:07:08Z"
      message: CommonService CR is ready.
      reason: ReconcileSucceeded
      status: "True"
      type: Ready
  configStatus:
    catalogName: ibm-cs-install-catalog-v4-6-11
    catalogNamespace: cp24
    configurable: true
    operatorDeployed: true
    operatorNamespace: cp24
    servicesDeployed: true
    servicesNamespace: cp24
    topologyConfigurableCRs:
      - apiVersion: operator.ibm.com/v3
        kind: CommonService
        namespace: cp24
        objectName: common-service
  phase: Succeeded

pod/ibm-common-service-operator-7967594cfc-lmn2k condition met
[33m[DEBUG] ibm-common-service-operator pod is ready
[0m
Warning: resource commonservices/common-service is missing the kubectl.kubernetes.io/last-applied-configuration annotation which is required by oc apply. oc apply should only be used on resources created declaratively by either oc create --save-config or oc apply. The missing annotation will be patched automatically.
commonservice.operator.ibm.com/common-service configured
[32m[✔] Successfully patched CommonService CR in cp24[0m
[34m# Checking whether IBM Common Service operator exist...[0m
[INFO] There is an ibm-common-service-operator Subscription already

[34m# Updating ibm-common-service-operator-v4.6-ibm-cs-install-catalog-v4-6-11-cp24 in namesapce cp24...[0m
[INFO] v4.6 is less than v4.11
[INFO] catalogsource ibm-cs-install-catalog-v4-6-11 is different from ibm-cs-install-catalog-v4-11-0
[INFO] ibm-common-service-operator is ready for updating the subscription.
subscription.operators.coreos.com/ibm-common-service-operator-v4.6-ibm-cs-install-catalog-v4-6-11-cp24 configured
[32m[✔] Successfully patched subscription ibm-common-service-operator in cp24[0m
[INFO] Waiting for operator ibm-common-service-operator to be upgraded
[33m[DEBUG] oc get subscription.operators.coreos.com -l operators.coreos.com/ibm-common-service-operator.cp24='' -n cp24 -o jsonpath='{.items[*].status.conditions}' -> 
[{"lastTransitionTime":"2025-04-02T21:46:59Z","message":"all available catalogsources are healthy","reason":"AllCatalogSourcesHealthy","status":"False","type":"CatalogSourcesUnhealthy"},{"lastTransitionTime":"2025-04-02T18:17:52Z","reason":"ReferencedInstallPlanNotFound","status":"True","type":"InstallPlanMissing"}]
[0m
[INFO] RETRYING: Waiting for operator ibm-common-service-operator to be upgraded (120 left)
[33m[DEBUG] oc get subscription.operators.coreos.com -l operators.coreos.com/ibm-common-service-operator.cp24='' -n cp24 -o jsonpath='{.items[*].status.conditions}' -> 
[{"lastTransitionTime":"2025-04-02T21:46:59Z","message":"all available catalogsources are healthy","reason":"AllCatalogSourcesHealthy","status":"False","type":"CatalogSourcesUnhealthy"},{"lastTransitionTime":"2025-04-02T18:17:52Z","reason":"ReferencedInstallPlanNotFound","status":"True","type":"InstallPlanMissing"}]
[0m
[INFO] RETRYING: Waiting for operator ibm-common-service-operator to be upgraded (119 left)
[33m[DEBUG] oc get subscription.operators.coreos.com -l operators.coreos.com/ibm-common-service-operator.cp24='' -n cp24 -o jsonpath='{.items[*].status.conditions}' -> 
[{"lastTransitionTime":"2025-04-02T21:46:59Z","message":"all available catalogsources are healthy","reason":"AllCatalogSourcesHealthy","status":"False","type":"CatalogSourcesUnhealthy"},{"lastTransitionTime":"2025-04-02T18:17:52Z","reason":"ReferencedInstallPlanNotFound","status":"True","type":"InstallPlanMissing"}]
[0m
[INFO] RETRYING: Waiting for operator ibm-common-service-operator to be upgraded (118 left)
[33m[DEBUG] oc get subscription.operators.coreos.com -l operators.coreos.com/ibm-common-service-operator.cp24='' -n cp24 -o jsonpath='{.items[*].status.conditions}' -> 
[{"lastTransitionTime":"2025-04-02T21:46:59Z","message":"all available catalogsources are healthy","reason":"AllCatalogSourcesHealthy","status":"False","type":"CatalogSourcesUnhealthy"},{"lastTransitionTime":"2025-04-02T18:17:52Z","reason":"ReferencedInstallPlanNotFound","status":"True","type":"InstallPlanMissing"}]
[0m
[INFO] RETRYING: Waiting for operator ibm-common-service-operator to be upgraded (117 left)
[33m[DEBUG] oc get subscription.operators.coreos.com -l operators.coreos.com/ibm-common-service-operator.cp24='' -n cp24 -o jsonpath='{.items[*].status.conditions}' -> 
[{"lastTransitionTime":"2025-04-02T21:46:59Z","message":"all available catalogsources are healthy","reason":"AllCatalogSourcesHealthy","status":"False","type":"CatalogSourcesUnhealthy"},{"lastTransitionTime":"2025-04-02T18:17:52Z","reason":"ReferencedInstallPlanNotFound","status":"True","type":"InstallPlanMissing"},{"message":"[a unique replacement chain within a channel is required to determine the relative order between channel entries, but 2 replacement chains were found in channel \"\" of package \"ibm-content-operator\": ibm-content-operator.v24.0.5, ibm-content-operator.v24.1.2, a unique replacement chain within a channel is required to determine the relative order between channel entries, but 2 replacement chains were found in channel \"\" of package \"icp4a-foundation-operator\": icp4a-foundation-operator.v24.0.5, icp4a-foundation-operator.v24.1.2, a unique replacement chain within a channel is required to determine the relative order between channel entries, but 2 replacement chains were found in channel \"\" of package \"ibm-ads-operator\": ibm-ads-operator.v24.0.5, ibm-ads-operator.v24.1.2, a unique replacement chain within a channel is required to determine the relative order between channel entries, but 2 replacement chains were found in channel \"\" of package \"ibm-dpe-operator\": ibm-dpe-operator.v24.1.2, ibm-dpe-operator.v24.0.5, a unique replacement chain within a channel is required to determine the relative order between channel entries, but 2 replacement chains were found in channel \"\" of package \"ibm-odm-operator\": ibm-odm-operator.v24.1.2, ibm-odm-operator.v24.0.5, a unique replacement chain within a channel is required to determine the relative order between channel entries, but 2 replacement chains were found in channel \"\" of package \"ibm-insights-engine-operator\": ibm-insights-engine-operator.v24.1.2, ibm-insights-engine-operator.v24.0.5, a unique replacement chain within a channel is required to determine the relative order between channel entries, but 2 replacement chains were found in channel \"\" of package \"ibm-pfs-operator\": ibm-pfs-operator.v24.1.2, ibm-pfs-operator.v24.0.5, a unique replacement chain within a channel is required to determine the relative order between channel entries, but 2 replacement chains were found in channel \"\" of package \"ibm-cp4a-wfps-operator\": ibm-cp4a-wfps-operator.v24.1.2, ibm-cp4a-wfps-operator.v24.0.5]","reason":"ErrorPreventedResolution","status":"True","type":"ResolutionFailed"}]
[0m
[INFO] RETRYING: Waiting for operator ibm-common-service-operator to be upgraded (116 left)
[33m[DEBUG] oc get subscription.operators.coreos.com -l operators.coreos.com/ibm-common-service-operator.cp24='' -n cp24 -o jsonpath='{.items[*].status.conditions}' -> 
[{"lastTransitionTime":"2025-04-02T21:46:59Z","message":"all available catalogsources are healthy","reason":"AllCatalogSourcesHealthy","status":"False","type":"CatalogSourcesUnhealthy"},{"lastTransitionTime":"2025-04-02T18:17:52Z","reason":"ReferencedInstallPlanNotFound","status":"True","type":"InstallPlanMissing"},{"message":"[a unique replacement chain within a channel is required to determine the relative order between channel entries, but 2 replacement chains were found in channel \"\" of package \"ibm-content-operator\": ibm-content-operator.v24.0.5, ibm-content-operator.v24.1.2, a unique replacement chain within a channel is required to determine the relative order between channel entries, but 2 replacement chains were found in channel \"\" of package \"icp4a-foundation-operator\": icp4a-foundation-operator.v24.0.5, icp4a-foundation-operator.v24.1.2, a unique replacement chain within a channel is required to determine the relative order between channel entries, but 2 replacement chains were found in channel \"\" of package \"ibm-ads-operator\": ibm-ads-operator.v24.0.5, ibm-ads-operator.v24.1.2, a unique replacement chain within a channel is required to determine the relative order between channel entries, but 2 replacement chains were found in channel \"\" of package \"ibm-dpe-operator\": ibm-dpe-operator.v24.1.2, ibm-dpe-operator.v24.0.5, a unique replacement chain within a channel is required to determine the relative order between channel entries, but 2 replacement chains were found in channel \"\" of package \"ibm-odm-operator\": ibm-odm-operator.v24.1.2, ibm-odm-operator.v24.0.5, a unique replacement chain within a channel is required to determine the relative order between channel entries, but 2 replacement chains were found in channel \"\" of package \"ibm-insights-engine-operator\": ibm-insights-engine-operator.v24.1.2, ibm-insights-engine-operator.v24.0.5, a unique replacement chain within a channel is required to determine the relative order between channel entries, but 2 replacement chains were found in channel \"\" of package \"ibm-pfs-operator\": ibm-pfs-operator.v24.1.2, ibm-pfs-operator.v24.0.5, a unique replacement chain within a channel is required to determine the relative order between channel entries, but 2 replacement chains were found in channel \"\" of package \"ibm-cp4a-wfps-operator\": ibm-cp4a-wfps-operator.v24.1.2, ibm-cp4a-wfps-operator.v24.0.5]","reason":"ErrorPreventedResolution","status":"True","type":"ResolutionFailed"}]
[0m
[INFO] RETRYING: Waiting for operator ibm-common-service-operator to be upgraded (115 left)
[33m[DEBUG] oc get subscription.operators.coreos.com -l operators.coreos.com/ibm-common-service-operator.cp24='' -n cp24 -o jsonpath='{.items[*].status.conditions}' -> 
[{"lastTransitionTime":"2025-04-02T21:46:59Z","message":"all available catalogsources are healthy","reason":"AllCatalogSourcesHealthy","status":"False","type":"CatalogSourcesUnhealthy"},{"lastTransitionTime":"2025-04-02T18:17:52Z","reason":"ReferencedInstallPlanNotFound","status":"True","type":"InstallPlanMissing"},{"message":"[a unique replacement chain within a channel is required to determine the relative order between channel entries, but 2 replacement chains were found in channel \"\" of package \"ibm-content-operator\": ibm-content-operator.v24.0.5, ibm-content-operator.v24.1.2, a unique replacement chain within a channel is required to determine the relative order between channel entries, but 2 replacement chains were found in channel \"\" of package \"icp4a-foundation-operator\": icp4a-foundation-operator.v24.0.5, icp4a-foundation-operator.v24.1.2, a unique replacement chain within a channel is required to determine the relative order between channel entries, but 2 replacement chains were found in channel \"\" of package \"ibm-ads-operator\": ibm-ads-operator.v24.0.5, ibm-ads-operator.v24.1.2, a unique replacement chain within a channel is required to determine the relative order between channel entries, but 2 replacement chains were found in channel \"\" of package \"ibm-dpe-operator\": ibm-dpe-operator.v24.1.2, ibm-dpe-operator.v24.0.5, a unique replacement chain within a channel is required to determine the relative order between channel entries, but 2 replacement chains were found in channel \"\" of package \"ibm-odm-operator\": ibm-odm-operator.v24.1.2, ibm-odm-operator.v24.0.5, a unique replacement chain within a channel is required to determine the relative order between channel entries, but 2 replacement chains were found in channel \"\" of package \"ibm-insights-engine-operator\": ibm-insights-engine-operator.v24.1.2, ibm-insights-engine-operator.v24.0.5, a unique replacement chain within a channel is required to determine the relative order between channel entries, but 2 replacement chains were found in channel \"\" of package \"ibm-pfs-operator\": ibm-pfs-operator.v24.1.2, ibm-pfs-operator.v24.0.5, a unique replacement chain within a channel is required to determine the relative order between channel entries, but 2 replacement chains were found in channel \"\" of package \"ibm-cp4a-wfps-operator\": ibm-cp4a-wfps-operator.v24.1.2, ibm-cp4a-wfps-operator.v24.0.5]","reason":"ErrorPreventedResolution","status":"True","type":"ResolutionFailed"}]
[0m
[INFO] RETRYING: Waiting for operator ibm-common-service-operator to be upgraded (114 left)
[33m[DEBUG] oc get subscription.operators.coreos.com -l operators.coreos.com/ibm-common-service-operator.cp24='' -n cp24 -o jsonpath='{.items[*].status.conditions}' -> 
[{"lastTransitionTime":"2025-04-02T21:46:59Z","message":"all available catalogsources are healthy","reason":"AllCatalogSourcesHealthy","status":"False","type":"CatalogSourcesUnhealthy"},{"lastTransitionTime":"2025-04-02T18:17:52Z","reason":"ReferencedInstallPlanNotFound","status":"True","type":"InstallPlanMissing"},{"message":"[a unique replacement chain within a channel is required to determine the relative order between channel entries, but 2 replacement chains were found in channel \"\" of package \"ibm-content-operator\": ibm-content-operator.v24.0.5, ibm-content-operator.v24.1.2, a unique replacement chain within a channel is required to determine the relative order between channel entries, but 2 replacement chains were found in channel \"\" of package \"icp4a-foundation-operator\": icp4a-foundation-operator.v24.0.5, icp4a-foundation-operator.v24.1.2, a unique replacement chain within a channel is required to determine the relative order between channel entries, but 2 replacement chains were found in channel \"\" of package \"ibm-ads-operator\": ibm-ads-operator.v24.0.5, ibm-ads-operator.v24.1.2, a unique replacement chain within a channel is required to determine the relative order between channel entries, but 2 replacement chains were found in channel \"\" of package \"ibm-dpe-operator\": ibm-dpe-operator.v24.1.2, ibm-dpe-operator.v24.0.5, a unique replacement chain within a channel is required to determine the relative order between channel entries, but 2 replacement chains were found in channel \"\" of package \"ibm-odm-operator\": ibm-odm-operator.v24.1.2, ibm-odm-operator.v24.0.5, a unique replacement chain within a channel is required to determine the relative order between channel entries, but 2 replacement chains were found in channel \"\" of package \"ibm-insights-engine-operator\": ibm-insights-engine-operator.v24.1.2, ibm-insights-engine-operator.v24.0.5, a unique replacement chain within a channel is required to determine the relative order between channel entries, but 2 replacement chains were found in channel \"\" of package \"ibm-pfs-operator\": ibm-pfs-operator.v24.1.2, ibm-pfs-operator.v24.0.5, a unique replacement chain within a channel is required to determine the relative order between channel entries, but 2 replacement chains were found in channel \"\" of package \"ibm-cp4a-wfps-operator\": ibm-cp4a-wfps-operator.v24.1.2, ibm-cp4a-wfps-operator.v24.0.5]","reason":"ErrorPreventedResolution","status":"True","type":"ResolutionFailed"}]
[0m
[INFO] RETRYING: Waiting for operator ibm-common-service-operator to be upgraded (113 left)
[33m[DEBUG] oc get subscription.operators.coreos.com -l operators.coreos.com/ibm-common-service-operator.cp24='' -n cp24 -o jsonpath='{.items[*].status.conditions}' -> 
[{"lastTransitionTime":"2025-04-02T21:46:59Z","message":"all available catalogsources are healthy","reason":"AllCatalogSourcesHealthy","status":"False","type":"CatalogSourcesUnhealthy"},{"lastTransitionTime":"2025-04-02T18:17:52Z","reason":"ReferencedInstallPlanNotFound","status":"True","type":"InstallPlanMissing"},{"message":"[a unique replacement chain within a channel is required to determine the relative order between channel entries, but 2 replacement chains were found in channel \"\" of package \"ibm-content-operator\": ibm-content-operator.v24.1.2, ibm-content-operator.v24.0.5, a unique replacement chain within a channel is required to determine the relative order between channel entries, but 2 replacement chains were found in channel \"\" of package \"icp4a-foundation-operator\": icp4a-foundation-operator.v24.1.2, icp4a-foundation-operator.v24.0.5, a unique replacement chain within a channel is required to determine the relative order between channel entries, but 2 replacement chains were found in channel \"\" of package \"ibm-insights-engine-operator\": ibm-insights-engine-operator.v24.1.2, ibm-insights-engine-operator.v24.0.5]","reason":"ErrorPreventedResolution","status":"True","type":"ResolutionFailed"}]
[0m
[INFO] RETRYING: Waiting for operator ibm-common-service-operator to be upgraded (112 left)
[33m[DEBUG] oc get subscription.operators.coreos.com -l operators.coreos.com/ibm-common-service-operator.cp24='' -n cp24 -o jsonpath='{.items[*].status.conditions}' -> 
[{"lastTransitionTime":"2025-04-02T21:46:59Z","message":"all available catalogsources are healthy","reason":"AllCatalogSourcesHealthy","status":"False","type":"CatalogSourcesUnhealthy"},{"lastTransitionTime":"2025-04-02T18:17:52Z","reason":"ReferencedInstallPlanNotFound","status":"True","type":"InstallPlanMissing"},{"message":"[a unique replacement chain within a channel is required to determine the relative order between channel entries, but 2 replacement chains were found in channel \"\" of package \"ibm-content-operator\": ibm-content-operator.v24.1.2, ibm-content-operator.v24.0.5, a unique replacement chain within a channel is required to determine the relative order between channel entries, but 2 replacement chains were found in channel \"\" of package \"icp4a-foundation-operator\": icp4a-foundation-operator.v24.1.2, icp4a-foundation-operator.v24.0.5, a unique replacement chain within a channel is required to determine the relative order between channel entries, but 2 replacement chains were found in channel \"\" of package \"ibm-insights-engine-operator\": ibm-insights-engine-operator.v24.1.2, ibm-insights-engine-operator.v24.0.5]","reason":"ErrorPreventedResolution","status":"True","type":"ResolutionFailed"}]
[0m
[INFO] RETRYING: Waiting for operator ibm-common-service-operator to be upgraded (111 left)
[33m[DEBUG] oc get subscription.operators.coreos.com -l operators.coreos.com/ibm-common-service-operator.cp24='' -n cp24 -o jsonpath='{.items[*].status.conditions}' -> 
[{"lastTransitionTime":"2025-04-02T21:46:59Z","message":"all available catalogsources are healthy","reason":"AllCatalogSourcesHealthy","status":"False","type":"CatalogSourcesUnhealthy"},{"lastTransitionTime":"2025-04-02T18:17:52Z","reason":"ReferencedInstallPlanNotFound","status":"True","type":"InstallPlanMissing"},{"message":"[a unique replacement chain within a channel is required to determine the relative order between channel entries, but 2 replacement chains were found in channel \"\" of package \"ibm-content-operator\": ibm-content-operator.v24.1.2, ibm-content-operator.v24.0.5, a unique replacement chain within a channel is required to determine the relative order between channel entries, but 2 replacement chains were found in channel \"\" of package \"icp4a-foundation-operator\": icp4a-foundation-operator.v24.1.2, icp4a-foundation-operator.v24.0.5, a unique replacement chain within a channel is required to determine the relative order between channel entries, but 2 replacement chains were found in channel \"\" of package \"ibm-insights-engine-operator\": ibm-insights-engine-operator.v24.1.2, ibm-insights-engine-operator.v24.0.5]","reason":"ErrorPreventedResolution","status":"True","type":"ResolutionFailed"}]
[0m
[INFO] RETRYING: Waiting for operator ibm-common-service-operator to be upgraded (110 left)
[33m[DEBUG] oc get subscription.operators.coreos.com -l operators.coreos.com/ibm-common-service-operator.cp24='' -n cp24 -o jsonpath='{.items[*].status.conditions}' -> 
[{"lastTransitionTime":"2025-04-02T21:46:59Z","message":"all available catalogsources are healthy","reason":"AllCatalogSourcesHealthy","status":"False","type":"CatalogSourcesUnhealthy"},{"lastTransitionTime":"2025-04-02T18:17:52Z","reason":"ReferencedInstallPlanNotFound","status":"True","type":"InstallPlanMissing"},{"message":"[a unique replacement chain within a channel is required to determine the relative order between channel entries, but 2 replacement chains were found in channel \"\" of package \"ibm-content-operator\": ibm-content-operator.v24.1.2, ibm-content-operator.v24.0.5, a unique replacement chain within a channel is required to determine the relative order between channel entries, but 2 replacement chains were found in channel \"\" of package \"icp4a-foundation-operator\": icp4a-foundation-operator.v24.1.2, icp4a-foundation-operator.v24.0.5, a unique replacement chain within a channel is required to determine the relative order between channel entries, but 2 replacement chains were found in channel \"\" of package \"ibm-insights-engine-operator\": ibm-insights-engine-operator.v24.1.2, ibm-insights-engine-operator.v24.0.5]","reason":"ErrorPreventedResolution","status":"True","type":"ResolutionFailed"}]
[0m
[INFO] RETRYING: Waiting for operator ibm-common-service-operator to be upgraded (109 left)
[33m[DEBUG] oc get subscription.operators.coreos.com -l operators.coreos.com/ibm-common-service-operator.cp24='' -n cp24 -o jsonpath='{.items[*].status.conditions}' -> 
[{"lastTransitionTime":"2025-04-02T21:46:59Z","message":"all available catalogsources are healthy","reason":"AllCatalogSourcesHealthy","status":"False","type":"CatalogSourcesUnhealthy"},{"lastTransitionTime":"2025-04-02T18:17:52Z","reason":"ReferencedInstallPlanNotFound","status":"True","type":"InstallPlanMissing"},{"message":"[a unique replacement chain within a channel is required to determine the relative order between channel entries, but 2 replacement chains were found in channel \"\" of package \"ibm-content-operator\": ibm-content-operator.v24.1.2, ibm-content-operator.v24.0.5, a unique replacement chain within a channel is required to determine the relative order between channel entries, but 2 replacement chains were found in channel \"\" of package \"icp4a-foundation-operator\": icp4a-foundation-operator.v24.1.2, icp4a-foundation-operator.v24.0.5, a unique replacement chain within a channel is required to determine the relative order between channel entries, but 2 replacement chains were found in channel \"\" of package \"ibm-insights-engine-operator\": ibm-insights-engine-operator.v24.1.2, ibm-insights-engine-operator.v24.0.5]","reason":"ErrorPreventedResolution","status":"True","type":"ResolutionFailed"}]
[0m
[INFO] RETRYING: Waiting for operator ibm-common-service-operator to be upgraded (108 left)
[33m[DEBUG] oc get subscription.operators.coreos.com -l operators.coreos.com/ibm-common-service-operator.cp24='' -n cp24 -o jsonpath='{.items[*].status.conditions}' -> 
[{"lastTransitionTime":"2025-04-02T21:46:59Z","message":"all available catalogsources are healthy","reason":"AllCatalogSourcesHealthy","status":"False","type":"CatalogSourcesUnhealthy"},{"lastTransitionTime":"2025-04-02T18:17:52Z","reason":"ReferencedInstallPlanNotFound","status":"True","type":"InstallPlanMissing"},{"message":"[a unique replacement chain within a channel is required to determine the relative order between channel entries, but 2 replacement chains were found in channel \"\" of package \"ibm-content-operator\": ibm-content-operator.v24.1.2, ibm-content-operator.v24.0.5, a unique replacement chain within a channel is required to determine the relative order between channel entries, but 2 replacement chains were found in channel \"\" of package \"icp4a-foundation-operator\": icp4a-foundation-operator.v24.1.2, icp4a-foundation-operator.v24.0.5, a unique replacement chain within a channel is required to determine the relative order between channel entries, but 2 replacement chains were found in channel \"\" of package \"ibm-insights-engine-operator\": ibm-insights-engine-operator.v24.1.2, ibm-insights-engine-operator.v24.0.5]","reason":"ErrorPreventedResolution","status":"True","type":"ResolutionFailed"}]
[0m
[INFO] RETRYING: Waiting for operator ibm-common-service-operator to be upgraded (107 left)
[33m[DEBUG] oc get subscription.operators.coreos.com -l operators.coreos.com/ibm-common-service-operator.cp24='' -n cp24 -o jsonpath='{.items[*].status.conditions}' -> 
[{"lastTransitionTime":"2025-04-02T21:46:59Z","message":"all available catalogsources are healthy","reason":"AllCatalogSourcesHealthy","status":"False","type":"CatalogSourcesUnhealthy"},{"lastTransitionTime":"2025-04-02T18:17:52Z","reason":"ReferencedInstallPlanNotFound","status":"True","type":"InstallPlanMissing"},{"message":"[a unique replacement chain within a channel is required to determine the relative order between channel entries, but 2 replacement chains were found in channel \"\" of package \"ibm-content-operator\": ibm-content-operator.v24.1.2, ibm-content-operator.v24.0.5, a unique replacement chain within a channel is required to determine the relative order between channel entries, but 2 replacement chains were found in channel \"\" of package \"icp4a-foundation-operator\": icp4a-foundation-operator.v24.1.2, icp4a-foundation-operator.v24.0.5, a unique replacement chain within a channel is required to determine the relative order between channel entries, but 2 replacement chains were found in channel \"\" of package \"ibm-insights-engine-operator\": ibm-insights-engine-operator.v24.1.2, ibm-insights-engine-operator.v24.0.5]","reason":"ErrorPreventedResolution","status":"True","type":"ResolutionFailed"}]
[0m
[INFO] RETRYING: Waiting for operator ibm-common-service-operator to be upgraded (106 left)
[33m[DEBUG] oc get subscription.operators.coreos.com -l operators.coreos.com/ibm-common-service-operator.cp24='' -n cp24 -o jsonpath='{.items[*].status.conditions}' -> 
[{"lastTransitionTime":"2025-04-02T21:46:59Z","message":"all available catalogsources are healthy","reason":"AllCatalogSourcesHealthy","status":"False","type":"CatalogSourcesUnhealthy"},{"lastTransitionTime":"2025-04-02T18:17:52Z","reason":"ReferencedInstallPlanNotFound","status":"True","type":"InstallPlanMissing"},{"message":"[a unique replacement chain within a channel is required to determine the relative order between channel entries, but 2 replacement chains were found in channel \"\" of package \"ibm-content-operator\": ibm-content-operator.v24.1.2, ibm-content-operator.v24.0.5, a unique replacement chain within a channel is required to determine the relative order between channel entries, but 2 replacement chains were found in channel \"\" of package \"icp4a-foundation-operator\": icp4a-foundation-operator.v24.1.2, icp4a-foundation-operator.v24.0.5, a unique replacement chain within a channel is required to determine the relative order between channel entries, but 2 replacement chains were found in channel \"\" of package \"ibm-insights-engine-operator\": ibm-insights-engine-operator.v24.1.2, ibm-insights-engine-operator.v24.0.5]","reason":"ErrorPreventedResolution","status":"True","type":"ResolutionFailed"}]
[0m
[INFO] RETRYING: Waiting for operator ibm-common-service-operator to be upgraded (105 left)
[33m[DEBUG] oc get subscription.operators.coreos.com -l operators.coreos.com/ibm-common-service-operator.cp24='' -n cp24 -o jsonpath='{.items[*].status.conditions}' -> 
[{"lastTransitionTime":"2025-04-02T21:46:59Z","message":"all available catalogsources are healthy","reason":"AllCatalogSourcesHealthy","status":"False","type":"CatalogSourcesUnhealthy"},{"lastTransitionTime":"2025-04-02T18:17:52Z","reason":"ReferencedInstallPlanNotFound","status":"True","type":"InstallPlanMissing"},{"message":"[a unique replacement chain within a channel is required to determine the relative order between channel entries, but 2 replacement chains were found in channel \"\" of package \"ibm-content-operator\": ibm-content-operator.v24.0.5, ibm-content-operator.v24.1.2, a unique replacement chain within a channel is required to determine the relative order between channel entries, but 2 replacement chains were found in channel \"\" of package \"icp4a-foundation-operator\": icp4a-foundation-operator.v24.0.5, icp4a-foundation-operator.v24.1.2, a unique replacement chain within a channel is required to determine the relative order between channel entries, but 2 replacement chains were found in channel \"\" of package \"ibm-insights-engine-operator\": ibm-insights-engine-operator.v24.1.2, ibm-insights-engine-operator.v24.0.5]","reason":"ErrorPreventedResolution","status":"True","type":"ResolutionFailed"}]
[0m
[INFO] RETRYING: Waiting for operator ibm-common-service-operator to be upgraded (104 left)
[33m[DEBUG] oc get subscription.operators.coreos.com -l operators.coreos.com/ibm-common-service-operator.cp24='' -n cp24 -o jsonpath='{.items[*].status.conditions}' -> 
[{"lastTransitionTime":"2025-04-02T21:46:59Z","message":"all available catalogsources are healthy","reason":"AllCatalogSourcesHealthy","status":"False","type":"CatalogSourcesUnhealthy"},{"lastTransitionTime":"2025-04-02T18:17:52Z","reason":"ReferencedInstallPlanNotFound","status":"True","type":"InstallPlanMissing"},{"message":"[a unique replacement chain within a channel is required to determine the relative order between channel entries, but 2 replacement chains were found in channel \"\" of package \"ibm-content-operator\": ibm-content-operator.v24.0.5, ibm-content-operator.v24.1.2, a unique replacement chain within a channel is required to determine the relative order between channel entries, but 2 replacement chains were found in channel \"\" of package \"icp4a-foundation-operator\": icp4a-foundation-operator.v24.0.5, icp4a-foundation-operator.v24.1.2, a unique replacement chain within a channel is required to determine the relative order between channel entries, but 2 replacement chains were found in channel \"\" of package \"ibm-insights-engine-operator\": ibm-insights-engine-operator.v24.1.2, ibm-insights-engine-operator.v24.0.5]","reason":"ErrorPreventedResolution","status":"True","type":"ResolutionFailed"}]
[0m
[INFO] RETRYING: Waiting for operator ibm-common-service-operator to be upgraded (103 left)
[33m[DEBUG] oc get subscription.operators.coreos.com -l operators.coreos.com/ibm-common-service-operator.cp24='' -n cp24 -o jsonpath='{.items[*].status.conditions}' -> 
[{"lastTransitionTime":"2025-04-02T21:46:59Z","message":"all available catalogsources are healthy","reason":"AllCatalogSourcesHealthy","status":"False","type":"CatalogSourcesUnhealthy"},{"lastTransitionTime":"2025-04-02T18:17:52Z","reason":"ReferencedInstallPlanNotFound","status":"True","type":"InstallPlanMissing"},{"message":"[a unique replacement chain within a channel is required to determine the relative order between channel entries, but 2 replacement chains were found in channel \"\" of package \"ibm-content-operator\": ibm-content-operator.v24.0.5, ibm-content-operator.v24.1.2, a unique replacement chain within a channel is required to determine the relative order between channel entries, but 2 replacement chains were found in channel \"\" of package \"icp4a-foundation-operator\": icp4a-foundation-operator.v24.0.5, icp4a-foundation-operator.v24.1.2, a unique replacement chain within a channel is required to determine the relative order between channel entries, but 2 replacement chains were found in channel \"\" of package \"ibm-insights-engine-operator\": ibm-insights-engine-operator.v24.1.2, ibm-insights-engine-operator.v24.0.5]","reason":"ErrorPreventedResolution","status":"True","type":"ResolutionFailed"}]
[0m
[INFO] RETRYING: Waiting for operator ibm-common-service-operator to be upgraded (102 left)
[33m[DEBUG] oc get subscription.operators.coreos.com -l operators.coreos.com/ibm-common-service-operator.cp24='' -n cp24 -o jsonpath='{.items[*].status.conditions}' -> 
[{"lastTransitionTime":"2025-04-02T21:46:59Z","message":"all available catalogsources are healthy","reason":"AllCatalogSourcesHealthy","status":"False","type":"CatalogSourcesUnhealthy"},{"lastTransitionTime":"2025-04-02T18:17:52Z","reason":"ReferencedInstallPlanNotFound","status":"True","type":"InstallPlanMissing"},{"message":"[a unique replacement chain within a channel is required to determine the relative order between channel entries, but 2 replacement chains were found in channel \"\" of package \"ibm-content-operator\": ibm-content-operator.v24.0.5, ibm-content-operator.v24.1.2, a unique replacement chain within a channel is required to determine the relative order between channel entries, but 2 replacement chains were found in channel \"\" of package \"icp4a-foundation-operator\": icp4a-foundation-operator.v24.0.5, icp4a-foundation-operator.v24.1.2, a unique replacement chain within a channel is required to determine the relative order between channel entries, but 2 replacement chains were found in channel \"\" of package \"ibm-insights-engine-operator\": ibm-insights-engine-operator.v24.1.2, ibm-insights-engine-operator.v24.0.5]","reason":"ErrorPreventedResolution","status":"True","type":"ResolutionFailed"}]
[0m
[INFO] RETRYING: Waiting for operator ibm-common-service-operator to be upgraded (101 left)
[33m[DEBUG] oc get subscription.operators.coreos.com -l operators.coreos.com/ibm-common-service-operator.cp24='' -n cp24 -o jsonpath='{.items[*].status.conditions}' -> 
[{"lastTransitionTime":"2025-04-02T21:46:59Z","message":"all available catalogsources are healthy","reason":"AllCatalogSourcesHealthy","status":"False","type":"CatalogSourcesUnhealthy"},{"lastTransitionTime":"2025-04-02T18:17:52Z","reason":"ReferencedInstallPlanNotFound","status":"True","type":"InstallPlanMissing"},{"message":"[a unique replacement chain within a channel is required to determine the relative order between channel entries, but 2 replacement chains were found in channel \"\" of package \"ibm-content-operator\": ibm-content-operator.v24.0.5, ibm-content-operator.v24.1.2, a unique replacement chain within a channel is required to determine the relative order between channel entries, but 2 replacement chains were found in channel \"\" of package \"icp4a-foundation-operator\": icp4a-foundation-operator.v24.0.5, icp4a-foundation-operator.v24.1.2, a unique replacement chain within a channel is required to determine the relative order between channel entries, but 2 replacement chains were found in channel \"\" of package \"ibm-insights-engine-operator\": ibm-insights-engine-operator.v24.1.2, ibm-insights-engine-operator.v24.0.5]","reason":"ErrorPreventedResolution","status":"True","type":"ResolutionFailed"}]
[0m
[INFO] RETRYING: Waiting for operator ibm-common-service-operator to be upgraded (100 left)
[33m[DEBUG] oc get subscription.operators.coreos.com -l operators.coreos.com/ibm-common-service-operator.cp24='' -n cp24 -o jsonpath='{.items[*].status.conditions}' -> 
[{"lastTransitionTime":"2025-04-02T21:46:59Z","message":"all available catalogsources are healthy","reason":"AllCatalogSourcesHealthy","status":"False","type":"CatalogSourcesUnhealthy"},{"lastTransitionTime":"2025-04-02T18:17:52Z","reason":"ReferencedInstallPlanNotFound","status":"True","type":"InstallPlanMissing"},{"message":"[a unique replacement chain within a channel is required to determine the relative order between channel entries, but 2 replacement chains were found in channel \"\" of package \"ibm-content-operator\": ibm-content-operator.v24.1.2, ibm-content-operator.v24.0.5, a unique replacement chain within a channel is required to determine the relative order between channel entries, but 2 replacement chains were found in channel \"\" of package \"icp4a-foundation-operator\": icp4a-foundation-operator.v24.1.2, icp4a-foundation-operator.v24.0.5, a unique replacement chain within a channel is required to determine the relative order between channel entries, but 2 replacement chains were found in channel \"\" of package \"ibm-insights-engine-operator\": ibm-insights-engine-operator.v24.0.5, ibm-insights-engine-operator.v24.1.2]","reason":"ErrorPreventedResolution","status":"True","type":"ResolutionFailed"}]
[0m
[INFO] RETRYING: Waiting for operator ibm-common-service-operator to be upgraded (99 left)
[33m[DEBUG] oc get subscription.operators.coreos.com -l operators.coreos.com/ibm-common-service-operator.cp24='' -n cp24 -o jsonpath='{.items[*].status.conditions}' -> 
[{"lastTransitionTime":"2025-04-02T21:46:59Z","message":"all available catalogsources are healthy","reason":"AllCatalogSourcesHealthy","status":"False","type":"CatalogSourcesUnhealthy"},{"lastTransitionTime":"2025-04-02T18:17:52Z","reason":"ReferencedInstallPlanNotFound","status":"True","type":"InstallPlanMissing"},{"message":"[a unique replacement chain within a channel is required to determine the relative order between channel entries, but 2 replacement chains were found in channel \"\" of package \"ibm-content-operator\": ibm-content-operator.v24.1.2, ibm-content-operator.v24.0.5, a unique replacement chain within a channel is required to determine the relative order between channel entries, but 2 replacement chains were found in channel \"\" of package \"icp4a-foundation-operator\": icp4a-foundation-operator.v24.1.2, icp4a-foundation-operator.v24.0.5, a unique replacement chain within a channel is required to determine the relative order between channel entries, but 2 replacement chains were found in channel \"\" of package \"ibm-insights-engine-operator\": ibm-insights-engine-operator.v24.0.5, ibm-insights-engine-operator.v24.1.2]","reason":"ErrorPreventedResolution","status":"True","type":"ResolutionFailed"}]
[0m
[INFO] RETRYING: Waiting for operator ibm-common-service-operator to be upgraded (98 left)
[33m[DEBUG] oc get subscription.operators.coreos.com -l operators.coreos.com/ibm-common-service-operator.cp24='' -n cp24 -o jsonpath='{.items[*].status.conditions}' -> 
[{"lastTransitionTime":"2025-04-02T21:46:59Z","message":"all available catalogsources are healthy","reason":"AllCatalogSourcesHealthy","status":"False","type":"CatalogSourcesUnhealthy"},{"lastTransitionTime":"2025-04-02T18:17:52Z","reason":"ReferencedInstallPlanNotFound","status":"True","type":"InstallPlanMissing"},{"message":"[a unique replacement chain within a channel is required to determine the relative order between channel entries, but 2 replacement chains were found in channel \"\" of package \"ibm-content-operator\": ibm-content-operator.v24.1.2, ibm-content-operator.v24.0.5, a unique replacement chain within a channel is required to determine the relative order between channel entries, but 2 replacement chains were found in channel \"\" of package \"icp4a-foundation-operator\": icp4a-foundation-operator.v24.1.2, icp4a-foundation-operator.v24.0.5, a unique replacement chain within a channel is required to determine the relative order between channel entries, but 2 replacement chains were found in channel \"\" of package \"ibm-insights-engine-operator\": ibm-insights-engine-operator.v24.0.5, ibm-insights-engine-operator.v24.1.2]","reason":"ErrorPreventedResolution","status":"True","type":"ResolutionFailed"}]
[0m
[INFO] RETRYING: Waiting for operator ibm-common-service-operator to be upgraded (97 left)
[33m[DEBUG] oc get subscription.operators.coreos.com -l operators.coreos.com/ibm-common-service-operator.cp24='' -n cp24 -o jsonpath='{.items[*].status.conditions}' -> 
[{"lastTransitionTime":"2025-04-02T21:46:59Z","message":"all available catalogsources are healthy","reason":"AllCatalogSourcesHealthy","status":"False","type":"CatalogSourcesUnhealthy"},{"lastTransitionTime":"2025-04-02T18:17:52Z","reason":"ReferencedInstallPlanNotFound","status":"True","type":"InstallPlanMissing"},{"message":"[a unique replacement chain within a channel is required to determine the relative order between channel entries, but 2 replacement chains were found in channel \"\" of package \"ibm-content-operator\": ibm-content-operator.v24.1.2, ibm-content-operator.v24.0.5, a unique replacement chain within a channel is required to determine the relative order between channel entries, but 2 replacement chains were found in channel \"\" of package \"icp4a-foundation-operator\": icp4a-foundation-operator.v24.1.2, icp4a-foundation-operator.v24.0.5, a unique replacement chain within a channel is required to determine the relative order between channel entries, but 2 replacement chains were found in channel \"\" of package \"ibm-insights-engine-operator\": ibm-insights-engine-operator.v24.0.5, ibm-insights-engine-operator.v24.1.2]","reason":"ErrorPreventedResolution","status":"True","type":"ResolutionFailed"}]
[0m
[INFO] RETRYING: Waiting for operator ibm-common-service-operator to be upgraded (96 left)
[33m[DEBUG] oc get subscription.operators.coreos.com -l operators.coreos.com/ibm-common-service-operator.cp24='' -n cp24 -o jsonpath='{.items[*].status.conditions}' -> 
[{"lastTransitionTime":"2025-04-02T21:46:59Z","message":"all available catalogsources are healthy","reason":"AllCatalogSourcesHealthy","status":"False","type":"CatalogSourcesUnhealthy"},{"lastTransitionTime":"2025-04-02T18:17:52Z","reason":"ReferencedInstallPlanNotFound","status":"True","type":"InstallPlanMissing"},{"message":"[a unique replacement chain within a channel is required to determine the relative order between channel entries, but 2 replacement chains were found in channel \"\" of package \"ibm-content-operator\": ibm-content-operator.v24.1.2, ibm-content-operator.v24.0.5, a unique replacement chain within a channel is required to determine the relative order between channel entries, but 2 replacement chains were found in channel \"\" of package \"icp4a-foundation-operator\": icp4a-foundation-operator.v24.1.2, icp4a-foundation-operator.v24.0.5, a unique replacement chain within a channel is required to determine the relative order between channel entries, but 2 replacement chains were found in channel \"\" of package \"ibm-insights-engine-operator\": ibm-insights-engine-operator.v24.0.5, ibm-insights-engine-operator.v24.1.2]","reason":"ErrorPreventedResolution","status":"True","type":"ResolutionFailed"}]
[0m
[INFO] RETRYING: Waiting for operator ibm-common-service-operator to be upgraded (95 left)
[33m[DEBUG] oc get subscription.operators.coreos.com -l operators.coreos.com/ibm-common-service-operator.cp24='' -n cp24 -o jsonpath='{.items[*].status.conditions}' -> 
[{"lastTransitionTime":"2025-04-02T21:46:59Z","message":"all available catalogsources are healthy","reason":"AllCatalogSourcesHealthy","status":"False","type":"CatalogSourcesUnhealthy"},{"lastTransitionTime":"2025-04-02T18:17:52Z","reason":"ReferencedInstallPlanNotFound","status":"True","type":"InstallPlanMissing"},{"message":"[a unique replacement chain within a channel is required to determine the relative order between channel entries, but 2 replacement chains were found in channel \"\" of package \"ibm-content-operator\": ibm-content-operator.v24.0.5, ibm-content-operator.v24.1.2, a unique replacement chain within a channel is required to determine the relative order between channel entries, but 2 replacement chains were found in channel \"\" of package \"icp4a-foundation-operator\": icp4a-foundation-operator.v24.1.2, icp4a-foundation-operator.v24.0.5, a unique replacement chain within a channel is required to determine the relative order between channel entries, but 2 replacement chains were found in channel \"\" of package \"ibm-insights-engine-operator\": ibm-insights-engine-operator.v24.1.2, ibm-insights-engine-operator.v24.0.5]","reason":"ErrorPreventedResolution","status":"True","type":"ResolutionFailed"}]
[0m
[INFO] RETRYING: Waiting for operator ibm-common-service-operator to be upgraded (94 left)
[33m[DEBUG] oc get subscription.operators.coreos.com -l operators.coreos.com/ibm-common-service-operator.cp24='' -n cp24 -o jsonpath='{.items[*].status.conditions}' -> 
[{"lastTransitionTime":"2025-04-02T21:46:59Z","message":"all available catalogsources are healthy","reason":"AllCatalogSourcesHealthy","status":"False","type":"CatalogSourcesUnhealthy"},{"lastTransitionTime":"2025-04-02T18:17:52Z","reason":"ReferencedInstallPlanNotFound","status":"True","type":"InstallPlanMissing"},{"message":"[a unique replacement chain within a channel is required to determine the relative order between channel entries, but 2 replacement chains were found in channel \"\" of package \"ibm-content-operator\": ibm-content-operator.v24.0.5, ibm-content-operator.v24.1.2, a unique replacement chain within a channel is required to determine the relative order between channel entries, but 2 replacement chains were found in channel \"\" of package \"icp4a-foundation-operator\": icp4a-foundation-operator.v24.1.2, icp4a-foundation-operator.v24.0.5, a unique replacement chain within a channel is required to determine the relative order between channel entries, but 2 replacement chains were found in channel \"\" of package \"ibm-insights-engine-operator\": ibm-insights-engine-operator.v24.1.2, ibm-insights-engine-operator.v24.0.5]","reason":"ErrorPreventedResolution","status":"True","type":"ResolutionFailed"}]
[0m
[INFO] RETRYING: Waiting for operator ibm-common-service-operator to be upgraded (93 left)
[33m[DEBUG] oc get subscription.operators.coreos.com -l operators.coreos.com/ibm-common-service-operator.cp24='' -n cp24 -o jsonpath='{.items[*].status.conditions}' -> 
[{"lastTransitionTime":"2025-04-02T21:46:59Z","message":"all available catalogsources are healthy","reason":"AllCatalogSourcesHealthy","status":"False","type":"CatalogSourcesUnhealthy"},{"lastTransitionTime":"2025-04-02T18:17:52Z","reason":"ReferencedInstallPlanNotFound","status":"True","type":"InstallPlanMissing"},{"message":"[a unique replacement chain within a channel is required to determine the relative order between channel entries, but 2 replacement chains were found in channel \"\" of package \"ibm-content-operator\": ibm-content-operator.v24.0.5, ibm-content-operator.v24.1.2, a unique replacement chain within a channel is required to determine the relative order between channel entries, but 2 replacement chains were found in channel \"\" of package \"icp4a-foundation-operator\": icp4a-foundation-operator.v24.1.2, icp4a-foundation-operator.v24.0.5, a unique replacement chain within a channel is required to determine the relative order between channel entries, but 2 replacement chains were found in channel \"\" of package \"ibm-insights-engine-operator\": ibm-insights-engine-operator.v24.1.2, ibm-insights-engine-operator.v24.0.5]","reason":"ErrorPreventedResolution","status":"True","type":"ResolutionFailed"}]
[0m
[INFO] RETRYING: Waiting for operator ibm-common-service-operator to be upgraded (92 left)
[33m[DEBUG] oc get subscription.operators.coreos.com -l operators.coreos.com/ibm-common-service-operator.cp24='' -n cp24 -o jsonpath='{.items[*].status.conditions}' -> 
[{"lastTransitionTime":"2025-04-02T21:46:59Z","message":"all available catalogsources are healthy","reason":"AllCatalogSourcesHealthy","status":"False","type":"CatalogSourcesUnhealthy"},{"lastTransitionTime":"2025-04-02T18:17:52Z","reason":"ReferencedInstallPlanNotFound","status":"True","type":"InstallPlanMissing"},{"message":"[a unique replacement chain within a channel is required to determine the relative order between channel entries, but 2 replacement chains were found in channel \"\" of package \"ibm-content-operator\": ibm-content-operator.v24.0.5, ibm-content-operator.v24.1.2, a unique replacement chain within a channel is required to determine the relative order between channel entries, but 2 replacement chains were found in channel \"\" of package \"icp4a-foundation-operator\": icp4a-foundation-operator.v24.1.2, icp4a-foundation-operator.v24.0.5, a unique replacement chain within a channel is required to determine the relative order between channel entries, but 2 replacement chains were found in channel \"\" of package \"ibm-insights-engine-operator\": ibm-insights-engine-operator.v24.1.2, ibm-insights-engine-operator.v24.0.5]","reason":"ErrorPreventedResolution","status":"True","type":"ResolutionFailed"}]
[0m
[INFO] RETRYING: Waiting for operator ibm-common-service-operator to be upgraded (91 left)
[33m[DEBUG] oc get subscription.operators.coreos.com -l operators.coreos.com/ibm-common-service-operator.cp24='' -n cp24 -o jsonpath='{.items[*].status.conditions}' -> 
[{"lastTransitionTime":"2025-04-02T21:46:59Z","message":"all available catalogsources are healthy","reason":"AllCatalogSourcesHealthy","status":"False","type":"CatalogSourcesUnhealthy"},{"lastTransitionTime":"2025-04-02T18:17:52Z","reason":"ReferencedInstallPlanNotFound","status":"True","type":"InstallPlanMissing"},{"message":"[a unique replacement chain within a channel is required to determine the relative order between channel entries, but 2 replacement chains were found in channel \"\" of package \"ibm-content-operator\": ibm-content-operator.v24.0.5, ibm-content-operator.v24.1.2, a unique replacement chain within a channel is required to determine the relative order between channel entries, but 2 replacement chains were found in channel \"\" of package \"icp4a-foundation-operator\": icp4a-foundation-operator.v24.1.2, icp4a-foundation-operator.v24.0.5, a unique replacement chain within a channel is required to determine the relative order between channel entries, but 2 replacement chains were found in channel \"\" of package \"ibm-insights-engine-operator\": ibm-insights-engine-operator.v24.1.2, ibm-insights-engine-operator.v24.0.5]","reason":"ErrorPreventedResolution","status":"True","type":"ResolutionFailed"}]
[0m
[INFO] RETRYING: Waiting for operator ibm-common-service-operator to be upgraded (90 left)
[33m[DEBUG] oc get subscription.operators.coreos.com -l operators.coreos.com/ibm-common-service-operator.cp24='' -n cp24 -o jsonpath='{.items[*].status.conditions}' -> 
[{"lastTransitionTime":"2025-04-02T21:46:59Z","message":"all available catalogsources are healthy","reason":"AllCatalogSourcesHealthy","status":"False","type":"CatalogSourcesUnhealthy"},{"lastTransitionTime":"2025-04-02T18:17:52Z","reason":"ReferencedInstallPlanNotFound","status":"True","type":"InstallPlanMissing"},{"message":"[a unique replacement chain within a channel is required to determine the relative order between channel entries, but 2 replacement chains were found in channel \"\" of package \"ibm-content-operator\": ibm-content-operator.v24.1.2, ibm-content-operator.v24.0.5, a unique replacement chain within a channel is required to determine the relative order between channel entries, but 2 replacement chains were found in channel \"\" of package \"icp4a-foundation-operator\": icp4a-foundation-operator.v24.1.2, icp4a-foundation-operator.v24.0.5, a unique replacement chain within a channel is required to determine the relative order between channel entries, but 2 replacement chains were found in channel \"\" of package \"ibm-insights-engine-operator\": ibm-insights-engine-operator.v24.1.2, ibm-insights-engine-operator.v24.0.5]","reason":"ErrorPreventedResolution","status":"True","type":"ResolutionFailed"}]
[0m
[INFO] RETRYING: Waiting for operator ibm-common-service-operator to be upgraded (89 left)
[33m[DEBUG] oc get subscription.operators.coreos.com -l operators.coreos.com/ibm-common-service-operator.cp24='' -n cp24 -o jsonpath='{.items[*].status.conditions}' -> 
[{"lastTransitionTime":"2025-04-02T21:46:59Z","message":"all available catalogsources are healthy","reason":"AllCatalogSourcesHealthy","status":"False","type":"CatalogSourcesUnhealthy"},{"lastTransitionTime":"2025-04-02T18:17:52Z","reason":"ReferencedInstallPlanNotFound","status":"True","type":"InstallPlanMissing"},{"message":"[a unique replacement chain within a channel is required to determine the relative order between channel entries, but 2 replacement chains were found in channel \"\" of package \"ibm-content-operator\": ibm-content-operator.v24.1.2, ibm-content-operator.v24.0.5, a unique replacement chain within a channel is required to determine the relative order between channel entries, but 2 replacement chains were found in channel \"\" of package \"icp4a-foundation-operator\": icp4a-foundation-operator.v24.1.2, icp4a-foundation-operator.v24.0.5, a unique replacement chain within a channel is required to determine the relative order between channel entries, but 2 replacement chains were found in channel \"\" of package \"ibm-insights-engine-operator\": ibm-insights-engine-operator.v24.1.2, ibm-insights-engine-operator.v24.0.5]","reason":"ErrorPreventedResolution","status":"True","type":"ResolutionFailed"}]
[0m
[INFO] RETRYING: Waiting for operator ibm-common-service-operator to be upgraded (88 left)
[33m[DEBUG] oc get subscription.operators.coreos.com -l operators.coreos.com/ibm-common-service-operator.cp24='' -n cp24 -o jsonpath='{.items[*].status.conditions}' -> 
[{"lastTransitionTime":"2025-04-02T21:46:59Z","message":"all available catalogsources are healthy","reason":"AllCatalogSourcesHealthy","status":"False","type":"CatalogSourcesUnhealthy"},{"lastTransitionTime":"2025-04-02T18:17:52Z","reason":"ReferencedInstallPlanNotFound","status":"True","type":"InstallPlanMissing"},{"message":"[a unique replacement chain within a channel is required to determine the relative order between channel entries, but 2 replacement chains were found in channel \"\" of package \"ibm-content-operator\": ibm-content-operator.v24.1.2, ibm-content-operator.v24.0.5, a unique replacement chain within a channel is required to determine the relative order between channel entries, but 2 replacement chains were found in channel \"\" of package \"icp4a-foundation-operator\": icp4a-foundation-operator.v24.1.2, icp4a-foundation-operator.v24.0.5, a unique replacement chain within a channel is required to determine the relative order between channel entries, but 2 replacement chains were found in channel \"\" of package \"ibm-insights-engine-operator\": ibm-insights-engine-operator.v24.1.2, ibm-insights-engine-operator.v24.0.5]","reason":"ErrorPreventedResolution","status":"True","type":"ResolutionFailed"}]
[0m
[INFO] RETRYING: Waiting for operator ibm-common-service-operator to be upgraded (87 left)
[33m[DEBUG] oc get subscription.operators.coreos.com -l operators.coreos.com/ibm-common-service-operator.cp24='' -n cp24 -o jsonpath='{.items[*].status.conditions}' -> 
[{"lastTransitionTime":"2025-04-02T21:46:59Z","message":"all available catalogsources are healthy","reason":"AllCatalogSourcesHealthy","status":"False","type":"CatalogSourcesUnhealthy"},{"lastTransitionTime":"2025-04-02T18:17:52Z","reason":"ReferencedInstallPlanNotFound","status":"True","type":"InstallPlanMissing"},{"message":"[a unique replacement chain within a channel is required to determine the relative order between channel entries, but 2 replacement chains were found in channel \"\" of package \"ibm-content-operator\": ibm-content-operator.v24.1.2, ibm-content-operator.v24.0.5, a unique replacement chain within a channel is required to determine the relative order between channel entries, but 2 replacement chains were found in channel \"\" of package \"icp4a-foundation-operator\": icp4a-foundation-operator.v24.1.2, icp4a-foundation-operator.v24.0.5, a unique replacement chain within a channel is required to determine the relative order between channel entries, but 2 replacement chains were found in channel \"\" of package \"ibm-insights-engine-operator\": ibm-insights-engine-operator.v24.1.2, ibm-insights-engine-operator.v24.0.5]","reason":"ErrorPreventedResolution","status":"True","type":"ResolutionFailed"}]
[0m
[INFO] RETRYING: Waiting for operator ibm-common-service-operator to be upgraded (86 left)
[33m[DEBUG] oc get subscription.operators.coreos.com -l operators.coreos.com/ibm-common-service-operator.cp24='' -n cp24 -o jsonpath='{.items[*].status.conditions}' -> 
[{"lastTransitionTime":"2025-04-02T21:46:59Z","message":"all available catalogsources are healthy","reason":"AllCatalogSourcesHealthy","status":"False","type":"CatalogSourcesUnhealthy"},{"lastTransitionTime":"2025-04-02T18:17:52Z","reason":"ReferencedInstallPlanNotFound","status":"True","type":"InstallPlanMissing"},{"message":"[a unique replacement chain within a channel is required to determine the relative order between channel entries, but 2 replacement chains were found in channel \"\" of package \"ibm-content-operator\": ibm-content-operator.v24.0.5, ibm-content-operator.v24.1.2, a unique replacement chain within a channel is required to determine the relative order between channel entries, but 2 replacement chains were found in channel \"\" of package \"icp4a-foundation-operator\": icp4a-foundation-operator.v24.1.2, icp4a-foundation-operator.v24.0.5, a unique replacement chain within a channel is required to determine the relative order between channel entries, but 2 replacement chains were found in channel \"\" of package \"ibm-insights-engine-operator\": ibm-insights-engine-operator.v24.1.2, ibm-insights-engine-operator.v24.0.5]","reason":"ErrorPreventedResolution","status":"True","type":"ResolutionFailed"}]
[0m
[INFO] RETRYING: Waiting for operator ibm-common-service-operator to be upgraded (85 left)
[33m[DEBUG] oc get subscription.operators.coreos.com -l operators.coreos.com/ibm-common-service-operator.cp24='' -n cp24 -o jsonpath='{.items[*].status.conditions}' -> 
[{"lastTransitionTime":"2025-04-02T21:46:59Z","message":"all available catalogsources are healthy","reason":"AllCatalogSourcesHealthy","status":"False","type":"CatalogSourcesUnhealthy"},{"lastTransitionTime":"2025-04-02T18:17:52Z","reason":"ReferencedInstallPlanNotFound","status":"True","type":"InstallPlanMissing"},{"message":"[a unique replacement chain within a channel is required to determine the relative order between channel entries, but 2 replacement chains were found in channel \"\" of package \"ibm-content-operator\": ibm-content-operator.v24.0.5, ibm-content-operator.v24.1.2, a unique replacement chain within a channel is required to determine the relative order between channel entries, but 2 replacement chains were found in channel \"\" of package \"icp4a-foundation-operator\": icp4a-foundation-operator.v24.0.5, icp4a-foundation-operator.v24.1.2, a unique replacement chain within a channel is required to determine the relative order between channel entries, but 2 replacement chains were found in channel \"\" of package \"ibm-insights-engine-operator\": ibm-insights-engine-operator.v24.1.2, ibm-insights-engine-operator.v24.0.5]","reason":"ErrorPreventedResolution","status":"True","type":"ResolutionFailed"}]
[0m
[INFO] RETRYING: Waiting for operator ibm-common-service-operator to be upgraded (84 left)
[33m[DEBUG] oc get subscription.operators.coreos.com -l operators.coreos.com/ibm-common-service-operator.cp24='' -n cp24 -o jsonpath='{.items[*].status.conditions}' -> 
[{"lastTransitionTime":"2025-04-02T21:46:59Z","message":"all available catalogsources are healthy","reason":"AllCatalogSourcesHealthy","status":"False","type":"CatalogSourcesUnhealthy"},{"lastTransitionTime":"2025-04-02T18:17:52Z","reason":"ReferencedInstallPlanNotFound","status":"True","type":"InstallPlanMissing"},{"message":"[a unique replacement chain within a channel is required to determine the relative order between channel entries, but 2 replacement chains were found in channel \"\" of package \"ibm-content-operator\": ibm-content-operator.v24.0.5, ibm-content-operator.v24.1.2, a unique replacement chain within a channel is required to determine the relative order between channel entries, but 2 replacement chains were found in channel \"\" of package \"icp4a-foundation-operator\": icp4a-foundation-operator.v24.0.5, icp4a-foundation-operator.v24.1.2, a unique replacement chain within a channel is required to determine the relative order between channel entries, but 2 replacement chains were found in channel \"\" of package \"ibm-insights-engine-operator\": ibm-insights-engine-operator.v24.1.2, ibm-insights-engine-operator.v24.0.5]","reason":"ErrorPreventedResolution","status":"True","type":"ResolutionFailed"}]
[0m
[INFO] RETRYING: Waiting for operator ibm-common-service-operator to be upgraded (83 left)
[33m[DEBUG] oc get subscription.operators.coreos.com -l operators.coreos.com/ibm-common-service-operator.cp24='' -n cp24 -o jsonpath='{.items[*].status.conditions}' -> 
[{"lastTransitionTime":"2025-04-02T21:46:59Z","message":"all available catalogsources are healthy","reason":"AllCatalogSourcesHealthy","status":"False","type":"CatalogSourcesUnhealthy"},{"lastTransitionTime":"2025-04-02T18:17:52Z","reason":"ReferencedInstallPlanNotFound","status":"True","type":"InstallPlanMissing"},{"message":"[a unique replacement chain within a channel is required to determine the relative order between channel entries, but 2 replacement chains were found in channel \"\" of package \"ibm-content-operator\": ibm-content-operator.v24.0.5, ibm-content-operator.v24.1.2, a unique replacement chain within a channel is required to determine the relative order between channel entries, but 2 replacement chains were found in channel \"\" of package \"icp4a-foundation-operator\": icp4a-foundation-operator.v24.0.5, icp4a-foundation-operator.v24.1.2, a unique replacement chain within a channel is required to determine the relative order between channel entries, but 2 replacement chains were found in channel \"\" of package \"ibm-insights-engine-operator\": ibm-insights-engine-operator.v24.1.2, ibm-insights-engine-operator.v24.0.5]","reason":"ErrorPreventedResolution","status":"True","type":"ResolutionFailed"}]
[0m
[INFO] RETRYING: Waiting for operator ibm-common-service-operator to be upgraded (82 left)
[33m[DEBUG] oc get subscription.operators.coreos.com -l operators.coreos.com/ibm-common-service-operator.cp24='' -n cp24 -o jsonpath='{.items[*].status.conditions}' -> 
[{"lastTransitionTime":"2025-04-02T21:46:59Z","message":"all available catalogsources are healthy","reason":"AllCatalogSourcesHealthy","status":"False","type":"CatalogSourcesUnhealthy"},{"lastTransitionTime":"2025-04-02T18:17:52Z","reason":"ReferencedInstallPlanNotFound","status":"True","type":"InstallPlanMissing"},{"message":"[a unique replacement chain within a channel is required to determine the relative order between channel entries, but 2 replacement chains were found in channel \"\" of package \"ibm-content-operator\": ibm-content-operator.v24.0.5, ibm-content-operator.v24.1.2, a unique replacement chain within a channel is required to determine the relative order between channel entries, but 2 replacement chains were found in channel \"\" of package \"icp4a-foundation-operator\": icp4a-foundation-operator.v24.0.5, icp4a-foundation-operator.v24.1.2, a unique replacement chain within a channel is required to determine the relative order between channel entries, but 2 replacement chains were found in channel \"\" of package \"ibm-insights-engine-operator\": ibm-insights-engine-operator.v24.1.2, ibm-insights-engine-operator.v24.0.5]","reason":"ErrorPreventedResolution","status":"True","type":"ResolutionFailed"}]
[0m
[INFO] RETRYING: Waiting for operator ibm-common-service-operator to be upgraded (81 left)
[33m[DEBUG] oc get subscription.operators.coreos.com -l operators.coreos.com/ibm-common-service-operator.cp24='' -n cp24 -o jsonpath='{.items[*].status.conditions}' -> 
[{"lastTransitionTime":"2025-04-02T21:46:59Z","message":"all available catalogsources are healthy","reason":"AllCatalogSourcesHealthy","status":"False","type":"CatalogSourcesUnhealthy"},{"lastTransitionTime":"2025-04-02T18:17:52Z","reason":"ReferencedInstallPlanNotFound","status":"True","type":"InstallPlanMissing"},{"message":"[a unique replacement chain within a channel is required to determine the relative order between channel entries, but 2 replacement chains were found in channel \"\" of package \"ibm-content-operator\": ibm-content-operator.v24.0.5, ibm-content-operator.v24.1.2, a unique replacement chain within a channel is required to determine the relative order between channel entries, but 2 replacement chains were found in channel \"\" of package \"icp4a-foundation-operator\": icp4a-foundation-operator.v24.0.5, icp4a-foundation-operator.v24.1.2, a unique replacement chain within a channel is required to determine the relative order between channel entries, but 2 replacement chains were found in channel \"\" of package \"ibm-insights-engine-operator\": ibm-insights-engine-operator.v24.1.2, ibm-insights-engine-operator.v24.0.5]","reason":"ErrorPreventedResolution","status":"True","type":"ResolutionFailed"}]
[0m
[INFO] RETRYING: Waiting for operator ibm-common-service-operator to be upgraded (80 left)
[33m[DEBUG] oc get subscription.operators.coreos.com -l operators.coreos.com/ibm-common-service-operator.cp24='' -n cp24 -o jsonpath='{.items[*].status.conditions}' -> 
[{"lastTransitionTime":"2025-04-02T21:46:59Z","message":"all available catalogsources are healthy","reason":"AllCatalogSourcesHealthy","status":"False","type":"CatalogSourcesUnhealthy"},{"lastTransitionTime":"2025-04-02T18:17:52Z","reason":"ReferencedInstallPlanNotFound","status":"True","type":"InstallPlanMissing"},{"message":"[a unique replacement chain within a channel is required to determine the relative order between channel entries, but 2 replacement chains were found in channel \"\" of package \"ibm-content-operator\": ibm-content-operator.v24.1.2, ibm-content-operator.v24.0.5, a unique replacement chain within a channel is required to determine the relative order between channel entries, but 2 replacement chains were found in channel \"\" of package \"icp4a-foundation-operator\": icp4a-foundation-operator.v24.1.2, icp4a-foundation-operator.v24.0.5, a unique replacement chain within a channel is required to determine the relative order between channel entries, but 2 replacement chains were found in channel \"\" of package \"ibm-insights-engine-operator\": ibm-insights-engine-operator.v24.0.5, ibm-insights-engine-operator.v24.1.2]","reason":"ErrorPreventedResolution","status":"True","type":"ResolutionFailed"}]
[0m
[INFO] RETRYING: Waiting for operator ibm-common-service-operator to be upgraded (79 left)
[33m[DEBUG] oc get subscription.operators.coreos.com -l operators.coreos.com/ibm-common-service-operator.cp24='' -n cp24 -o jsonpath='{.items[*].status.conditions}' -> 
[{"lastTransitionTime":"2025-04-02T21:46:59Z","message":"all available catalogsources are healthy","reason":"AllCatalogSourcesHealthy","status":"False","type":"CatalogSourcesUnhealthy"},{"lastTransitionTime":"2025-04-02T18:17:52Z","reason":"ReferencedInstallPlanNotFound","status":"True","type":"InstallPlanMissing"},{"message":"[a unique replacement chain within a channel is required to determine the relative order between channel entries, but 2 replacement chains were found in channel \"\" of package \"ibm-content-operator\": ibm-content-operator.v24.1.2, ibm-content-operator.v24.0.5, a unique replacement chain within a channel is required to determine the relative order between channel entries, but 2 replacement chains were found in channel \"\" of package \"icp4a-foundation-operator\": icp4a-foundation-operator.v24.1.2, icp4a-foundation-operator.v24.0.5, a unique replacement chain within a channel is required to determine the relative order between channel entries, but 2 replacement chains were found in channel \"\" of package \"ibm-insights-engine-operator\": ibm-insights-engine-operator.v24.0.5, ibm-insights-engine-operator.v24.1.2]","reason":"ErrorPreventedResolution","status":"True","type":"ResolutionFailed"}]
[0m
[INFO] RETRYING: Waiting for operator ibm-common-service-operator to be upgraded (78 left)
[33m[DEBUG] oc get subscription.operators.coreos.com -l operators.coreos.com/ibm-common-service-operator.cp24='' -n cp24 -o jsonpath='{.items[*].status.conditions}' -> 
[{"lastTransitionTime":"2025-04-02T21:46:59Z","message":"all available catalogsources are healthy","reason":"AllCatalogSourcesHealthy","status":"False","type":"CatalogSourcesUnhealthy"},{"lastTransitionTime":"2025-04-02T18:17:52Z","reason":"ReferencedInstallPlanNotFound","status":"True","type":"InstallPlanMissing"},{"message":"[a unique replacement chain within a channel is required to determine the relative order between channel entries, but 2 replacement chains were found in channel \"\" of package \"ibm-content-operator\": ibm-content-operator.v24.1.2, ibm-content-operator.v24.0.5, a unique replacement chain within a channel is required to determine the relative order between channel entries, but 2 replacement chains were found in channel \"\" of package \"icp4a-foundation-operator\": icp4a-foundation-operator.v24.1.2, icp4a-foundation-operator.v24.0.5, a unique replacement chain within a channel is required to determine the relative order between channel entries, but 2 replacement chains were found in channel \"\" of package \"ibm-insights-engine-operator\": ibm-insights-engine-operator.v24.0.5, ibm-insights-engine-operator.v24.1.2]","reason":"ErrorPreventedResolution","status":"True","type":"ResolutionFailed"}]
[0m
[INFO] RETRYING: Waiting for operator ibm-common-service-operator to be upgraded (77 left)
[33m[DEBUG] oc get subscription.operators.coreos.com -l operators.coreos.com/ibm-common-service-operator.cp24='' -n cp24 -o jsonpath='{.items[*].status.conditions}' -> 
[{"lastTransitionTime":"2025-04-02T21:46:59Z","message":"all available catalogsources are healthy","reason":"AllCatalogSourcesHealthy","status":"False","type":"CatalogSourcesUnhealthy"},{"lastTransitionTime":"2025-04-02T18:17:52Z","reason":"ReferencedInstallPlanNotFound","status":"True","type":"InstallPlanMissing"},{"message":"[a unique replacement chain within a channel is required to determine the relative order between channel entries, but 2 replacement chains were found in channel \"\" of package \"ibm-content-operator\": ibm-content-operator.v24.1.2, ibm-content-operator.v24.0.5, a unique replacement chain within a channel is required to determine the relative order between channel entries, but 2 replacement chains were found in channel \"\" of package \"icp4a-foundation-operator\": icp4a-foundation-operator.v24.1.2, icp4a-foundation-operator.v24.0.5, a unique replacement chain within a channel is required to determine the relative order between channel entries, but 2 replacement chains were found in channel \"\" of package \"ibm-insights-engine-operator\": ibm-insights-engine-operator.v24.0.5, ibm-insights-engine-operator.v24.1.2]","reason":"ErrorPreventedResolution","status":"True","type":"ResolutionFailed"}]
[0m
[INFO] RETRYING: Waiting for operator ibm-common-service-operator to be upgraded (76 left)
[33m[DEBUG] oc get subscription.operators.coreos.com -l operators.coreos.com/ibm-common-service-operator.cp24='' -n cp24 -o jsonpath='{.items[*].status.conditions}' -> 
[{"lastTransitionTime":"2025-04-02T21:46:59Z","message":"all available catalogsources are healthy","reason":"AllCatalogSourcesHealthy","status":"False","type":"CatalogSourcesUnhealthy"},{"lastTransitionTime":"2025-04-02T18:17:52Z","reason":"ReferencedInstallPlanNotFound","status":"True","type":"InstallPlanMissing"},{"message":"[a unique replacement chain within a channel is required to determine the relative order between channel entries, but 2 replacement chains were found in channel \"\" of package \"ibm-content-operator\": ibm-content-operator.v24.1.2, ibm-content-operator.v24.0.5, a unique replacement chain within a channel is required to determine the relative order between channel entries, but 2 replacement chains were found in channel \"\" of package \"icp4a-foundation-operator\": icp4a-foundation-operator.v24.1.2, icp4a-foundation-operator.v24.0.5, a unique replacement chain within a channel is required to determine the relative order between channel entries, but 2 replacement chains were found in channel \"\" of package \"ibm-insights-engine-operator\": ibm-insights-engine-operator.v24.0.5, ibm-insights-engine-operator.v24.1.2]","reason":"ErrorPreventedResolution","status":"True","type":"ResolutionFailed"}]
[0m
[INFO] RETRYING: Waiting for operator ibm-common-service-operator to be upgraded (75 left)
[33m[DEBUG] oc get subscription.operators.coreos.com -l operators.coreos.com/ibm-common-service-operator.cp24='' -n cp24 -o jsonpath='{.items[*].status.conditions}' -> 
[{"lastTransitionTime":"2025-04-02T21:46:59Z","message":"all available catalogsources are healthy","reason":"AllCatalogSourcesHealthy","status":"False","type":"CatalogSourcesUnhealthy"},{"lastTransitionTime":"2025-04-02T18:17:52Z","reason":"ReferencedInstallPlanNotFound","status":"True","type":"InstallPlanMissing"},{"message":"[a unique replacement chain within a channel is required to determine the relative order between channel entries, but 2 replacement chains were found in channel \"\" of package \"ibm-content-operator\": ibm-content-operator.v24.1.2, ibm-content-operator.v24.0.5, a unique replacement chain within a channel is required to determine the relative order between channel entries, but 2 replacement chains were found in channel \"\" of package \"icp4a-foundation-operator\": icp4a-foundation-operator.v24.1.2, icp4a-foundation-operator.v24.0.5, a unique replacement chain within a channel is required to determine the relative order between channel entries, but 2 replacement chains were found in channel \"\" of package \"ibm-insights-engine-operator\": ibm-insights-engine-operator.v24.1.2, ibm-insights-engine-operator.v24.0.5]","reason":"ErrorPreventedResolution","status":"True","type":"ResolutionFailed"}]
[0m
[INFO] RETRYING: Waiting for operator ibm-common-service-operator to be upgraded (74 left)
[33m[DEBUG] oc get subscription.operators.coreos.com -l operators.coreos.com/ibm-common-service-operator.cp24='' -n cp24 -o jsonpath='{.items[*].status.conditions}' -> 
[{"lastTransitionTime":"2025-04-02T21:46:59Z","message":"all available catalogsources are healthy","reason":"AllCatalogSourcesHealthy","status":"False","type":"CatalogSourcesUnhealthy"},{"lastTransitionTime":"2025-04-02T18:17:52Z","reason":"ReferencedInstallPlanNotFound","status":"True","type":"InstallPlanMissing"},{"message":"[a unique replacement chain within a channel is required to determine the relative order between channel entries, but 2 replacement chains were found in channel \"\" of package \"ibm-content-operator\": ibm-content-operator.v24.1.2, ibm-content-operator.v24.0.5, a unique replacement chain within a channel is required to determine the relative order between channel entries, but 2 replacement chains were found in channel \"\" of package \"icp4a-foundation-operator\": icp4a-foundation-operator.v24.1.2, icp4a-foundation-operator.v24.0.5, a unique replacement chain within a channel is required to determine the relative order between channel entries, but 2 replacement chains were found in channel \"\" of package \"ibm-insights-engine-operator\": ibm-insights-engine-operator.v24.1.2, ibm-insights-engine-operator.v24.0.5]","reason":"ErrorPreventedResolution","status":"True","type":"ResolutionFailed"}]
[0m
[INFO] RETRYING: Waiting for operator ibm-common-service-operator to be upgraded (73 left)
[33m[DEBUG] oc get subscription.operators.coreos.com -l operators.coreos.com/ibm-common-service-operator.cp24='' -n cp24 -o jsonpath='{.items[*].status.conditions}' -> 
[{"lastTransitionTime":"2025-04-02T21:46:59Z","message":"all available catalogsources are healthy","reason":"AllCatalogSourcesHealthy","status":"False","type":"CatalogSourcesUnhealthy"},{"lastTransitionTime":"2025-04-02T18:17:52Z","reason":"ReferencedInstallPlanNotFound","status":"True","type":"InstallPlanMissing"},{"message":"[a unique replacement chain within a channel is required to determine the relative order between channel entries, but 2 replacement chains were found in channel \"\" of package \"ibm-content-operator\": ibm-content-operator.v24.1.2, ibm-content-operator.v24.0.5, a unique replacement chain within a channel is required to determine the relative order between channel entries, but 2 replacement chains were found in channel \"\" of package \"icp4a-foundation-operator\": icp4a-foundation-operator.v24.1.2, icp4a-foundation-operator.v24.0.5, a unique replacement chain within a channel is required to determine the relative order between channel entries, but 2 replacement chains were found in channel \"\" of package \"ibm-insights-engine-operator\": ibm-insights-engine-operator.v24.1.2, ibm-insights-engine-operator.v24.0.5]","reason":"ErrorPreventedResolution","status":"True","type":"ResolutionFailed"}]
[0m
[INFO] RETRYING: Waiting for operator ibm-common-service-operator to be upgraded (72 left)
[33m[DEBUG] oc get subscription.operators.coreos.com -l operators.coreos.com/ibm-common-service-operator.cp24='' -n cp24 -o jsonpath='{.items[*].status.conditions}' -> 
[{"lastTransitionTime":"2025-04-02T21:46:59Z","message":"all available catalogsources are healthy","reason":"AllCatalogSourcesHealthy","status":"False","type":"CatalogSourcesUnhealthy"},{"lastTransitionTime":"2025-04-02T18:17:52Z","reason":"ReferencedInstallPlanNotFound","status":"True","type":"InstallPlanMissing"},{"message":"[a unique replacement chain within a channel is required to determine the relative order between channel entries, but 2 replacement chains were found in channel \"\" of package \"ibm-content-operator\": ibm-content-operator.v24.1.2, ibm-content-operator.v24.0.5, a unique replacement chain within a channel is required to determine the relative order between channel entries, but 2 replacement chains were found in channel \"\" of package \"icp4a-foundation-operator\": icp4a-foundation-operator.v24.1.2, icp4a-foundation-operator.v24.0.5, a unique replacement chain within a channel is required to determine the relative order between channel entries, but 2 replacement chains were found in channel \"\" of package \"ibm-insights-engine-operator\": ibm-insights-engine-operator.v24.1.2, ibm-insights-engine-operator.v24.0.5]","reason":"ErrorPreventedResolution","status":"True","type":"ResolutionFailed"}]
[0m
[INFO] RETRYING: Waiting for operator ibm-common-service-operator to be upgraded (71 left)
[33m[DEBUG] oc get subscription.operators.coreos.com -l operators.coreos.com/ibm-common-service-operator.cp24='' -n cp24 -o jsonpath='{.items[*].status.conditions}' -> 
[{"lastTransitionTime":"2025-04-02T21:46:59Z","message":"all available catalogsources are healthy","reason":"AllCatalogSourcesHealthy","status":"False","type":"CatalogSourcesUnhealthy"},{"lastTransitionTime":"2025-04-02T18:17:52Z","reason":"ReferencedInstallPlanNotFound","status":"True","type":"InstallPlanMissing"},{"message":"[a unique replacement chain within a channel is required to determine the relative order between channel entries, but 2 replacement chains were found in channel \"\" of package \"ibm-content-operator\": ibm-content-operator.v24.0.5, ibm-content-operator.v24.1.2, a unique replacement chain within a channel is required to determine the relative order between channel entries, but 2 replacement chains were found in channel \"\" of package \"icp4a-foundation-operator\": icp4a-foundation-operator.v24.1.2, icp4a-foundation-operator.v24.0.5, a unique replacement chain within a channel is required to determine the relative order between channel entries, but 2 replacement chains were found in channel \"\" of package \"ibm-insights-engine-operator\": ibm-insights-engine-operator.v24.1.2, ibm-insights-engine-operator.v24.0.5]","reason":"ErrorPreventedResolution","status":"True","type":"ResolutionFailed"}]
[0m
[INFO] RETRYING: Waiting for operator ibm-common-service-operator to be upgraded (70 left)
[33m[DEBUG] oc get subscription.operators.coreos.com -l operators.coreos.com/ibm-common-service-operator.cp24='' -n cp24 -o jsonpath='{.items[*].status.conditions}' -> 
[{"lastTransitionTime":"2025-04-02T21:46:59Z","message":"all available catalogsources are healthy","reason":"AllCatalogSourcesHealthy","status":"False","type":"CatalogSourcesUnhealthy"},{"lastTransitionTime":"2025-04-02T18:17:52Z","reason":"ReferencedInstallPlanNotFound","status":"True","type":"InstallPlanMissing"},{"message":"[a unique replacement chain within a channel is required to determine the relative order between channel entries, but 2 replacement chains were found in channel \"\" of package \"ibm-content-operator\": ibm-content-operator.v24.0.5, ibm-content-operator.v24.1.2, a unique replacement chain within a channel is required to determine the relative order between channel entries, but 2 replacement chains were found in channel \"\" of package \"icp4a-foundation-operator\": icp4a-foundation-operator.v24.1.2, icp4a-foundation-operator.v24.0.5, a unique replacement chain within a channel is required to determine the relative order between channel entries, but 2 replacement chains were found in channel \"\" of package \"ibm-insights-engine-operator\": ibm-insights-engine-operator.v24.1.2, ibm-insights-engine-operator.v24.0.5]","reason":"ErrorPreventedResolution","status":"True","type":"ResolutionFailed"}]
[0m
[INFO] RETRYING: Waiting for operator ibm-common-service-operator to be upgraded (69 left)
[33m[DEBUG] oc get subscription.operators.coreos.com -l operators.coreos.com/ibm-common-service-operator.cp24='' -n cp24 -o jsonpath='{.items[*].status.conditions}' -> 
[{"lastTransitionTime":"2025-04-02T21:46:59Z","message":"all available catalogsources are healthy","reason":"AllCatalogSourcesHealthy","status":"False","type":"CatalogSourcesUnhealthy"},{"lastTransitionTime":"2025-04-02T18:17:52Z","reason":"ReferencedInstallPlanNotFound","status":"True","type":"InstallPlanMissing"},{"message":"[a unique replacement chain within a channel is required to determine the relative order between channel entries, but 2 replacement chains were found in channel \"\" of package \"ibm-content-operator\": ibm-content-operator.v24.0.5, ibm-content-operator.v24.1.2, a unique replacement chain within a channel is required to determine the relative order between channel entries, but 2 replacement chains were found in channel \"\" of package \"icp4a-foundation-operator\": icp4a-foundation-operator.v24.1.2, icp4a-foundation-operator.v24.0.5, a unique replacement chain within a channel is required to determine the relative order between channel entries, but 2 replacement chains were found in channel \"\" of package \"ibm-insights-engine-operator\": ibm-insights-engine-operator.v24.1.2, ibm-insights-engine-operator.v24.0.5]","reason":"ErrorPreventedResolution","status":"True","type":"ResolutionFailed"}]
[0m
[INFO] RETRYING: Waiting for operator ibm-common-service-operator to be upgraded (68 left)
[33m[DEBUG] oc get subscription.operators.coreos.com -l operators.coreos.com/ibm-common-service-operator.cp24='' -n cp24 -o jsonpath='{.items[*].status.conditions}' -> 
[{"lastTransitionTime":"2025-04-02T21:46:59Z","message":"all available catalogsources are healthy","reason":"AllCatalogSourcesHealthy","status":"False","type":"CatalogSourcesUnhealthy"},{"lastTransitionTime":"2025-04-02T18:17:52Z","reason":"ReferencedInstallPlanNotFound","status":"True","type":"InstallPlanMissing"},{"message":"[a unique replacement chain within a channel is required to determine the relative order between channel entries, but 2 replacement chains were found in channel \"\" of package \"ibm-content-operator\": ibm-content-operator.v24.0.5, ibm-content-operator.v24.1.2, a unique replacement chain within a channel is required to determine the relative order between channel entries, but 2 replacement chains were found in channel \"\" of package \"icp4a-foundation-operator\": icp4a-foundation-operator.v24.1.2, icp4a-foundation-operator.v24.0.5, a unique replacement chain within a channel is required to determine the relative order between channel entries, but 2 replacement chains were found in channel \"\" of package \"ibm-insights-engine-operator\": ibm-insights-engine-operator.v24.1.2, ibm-insights-engine-operator.v24.0.5]","reason":"ErrorPreventedResolution","status":"True","type":"ResolutionFailed"}]
[0m
[INFO] RETRYING: Waiting for operator ibm-common-service-operator to be upgraded (67 left)
[33m[DEBUG] oc get subscription.operators.coreos.com -l operators.coreos.com/ibm-common-service-operator.cp24='' -n cp24 -o jsonpath='{.items[*].status.conditions}' -> 
[{"lastTransitionTime":"2025-04-02T21:46:59Z","message":"all available catalogsources are healthy","reason":"AllCatalogSourcesHealthy","status":"False","type":"CatalogSourcesUnhealthy"},{"lastTransitionTime":"2025-04-02T18:17:52Z","reason":"ReferencedInstallPlanNotFound","status":"True","type":"InstallPlanMissing"},{"message":"[a unique replacement chain within a channel is required to determine the relative order between channel entries, but 2 replacement chains were found in channel \"\" of package \"ibm-content-operator\": ibm-content-operator.v24.1.2, ibm-content-operator.v24.0.5, a unique replacement chain within a channel is required to determine the relative order between channel entries, but 2 replacement chains were found in channel \"\" of package \"icp4a-foundation-operator\": icp4a-foundation-operator.v24.1.2, icp4a-foundation-operator.v24.0.5, a unique replacement chain within a channel is required to determine the relative order between channel entries, but 2 replacement chains were found in channel \"\" of package \"ibm-insights-engine-operator\": ibm-insights-engine-operator.v24.0.5, ibm-insights-engine-operator.v24.1.2]","reason":"ErrorPreventedResolution","status":"True","type":"ResolutionFailed"}]
[0m
[INFO] RETRYING: Waiting for operator ibm-common-service-operator to be upgraded (66 left)
[33m[DEBUG] oc get subscription.operators.coreos.com -l operators.coreos.com/ibm-common-service-operator.cp24='' -n cp24 -o jsonpath='{.items[*].status.conditions}' -> 
[{"lastTransitionTime":"2025-04-02T21:46:59Z","message":"all available catalogsources are healthy","reason":"AllCatalogSourcesHealthy","status":"False","type":"CatalogSourcesUnhealthy"},{"lastTransitionTime":"2025-04-02T18:17:52Z","reason":"ReferencedInstallPlanNotFound","status":"True","type":"InstallPlanMissing"},{"message":"[a unique replacement chain within a channel is required to determine the relative order between channel entries, but 2 replacement chains were found in channel \"\" of package \"ibm-content-operator\": ibm-content-operator.v24.1.2, ibm-content-operator.v24.0.5, a unique replacement chain within a channel is required to determine the relative order between channel entries, but 2 replacement chains were found in channel \"\" of package \"icp4a-foundation-operator\": icp4a-foundation-operator.v24.1.2, icp4a-foundation-operator.v24.0.5, a unique replacement chain within a channel is required to determine the relative order between channel entries, but 2 replacement chains were found in channel \"\" of package \"ibm-insights-engine-operator\": ibm-insights-engine-operator.v24.0.5, ibm-insights-engine-operator.v24.1.2]","reason":"ErrorPreventedResolution","status":"True","type":"ResolutionFailed"}]
[0m
[INFO] RETRYING: Waiting for operator ibm-common-service-operator to be upgraded (65 left)
[33m[DEBUG] oc get subscription.operators.coreos.com -l operators.coreos.com/ibm-common-service-operator.cp24='' -n cp24 -o jsonpath='{.items[*].status.conditions}' -> 
[{"lastTransitionTime":"2025-04-02T21:46:59Z","message":"all available catalogsources are healthy","reason":"AllCatalogSourcesHealthy","status":"False","type":"CatalogSourcesUnhealthy"},{"lastTransitionTime":"2025-04-02T18:17:52Z","reason":"ReferencedInstallPlanNotFound","status":"True","type":"InstallPlanMissing"},{"message":"[a unique replacement chain within a channel is required to determine the relative order between channel entries, but 2 replacement chains were found in channel \"\" of package \"ibm-content-operator\": ibm-content-operator.v24.1.2, ibm-content-operator.v24.0.5, a unique replacement chain within a channel is required to determine the relative order between channel entries, but 2 replacement chains were found in channel \"\" of package \"icp4a-foundation-operator\": icp4a-foundation-operator.v24.1.2, icp4a-foundation-operator.v24.0.5, a unique replacement chain within a channel is required to determine the relative order between channel entries, but 2 replacement chains were found in channel \"\" of package \"ibm-insights-engine-operator\": ibm-insights-engine-operator.v24.0.5, ibm-insights-engine-operator.v24.1.2]","reason":"ErrorPreventedResolution","status":"True","type":"ResolutionFailed"}]
[0m
[INFO] RETRYING: Waiting for operator ibm-common-service-operator to be upgraded (64 left)
[33m[DEBUG] oc get subscription.operators.coreos.com -l operators.coreos.com/ibm-common-service-operator.cp24='' -n cp24 -o jsonpath='{.items[*].status.conditions}' -> 
[{"lastTransitionTime":"2025-04-02T21:46:59Z","message":"all available catalogsources are healthy","reason":"AllCatalogSourcesHealthy","status":"False","type":"CatalogSourcesUnhealthy"},{"lastTransitionTime":"2025-04-02T18:17:52Z","reason":"ReferencedInstallPlanNotFound","status":"True","type":"InstallPlanMissing"},{"message":"[a unique replacement chain within a channel is required to determine the relative order between channel entries, but 2 replacement chains were found in channel \"\" of package \"ibm-content-operator\": ibm-content-operator.v24.1.2, ibm-content-operator.v24.0.5, a unique replacement chain within a channel is required to determine the relative order between channel entries, but 2 replacement chains were found in channel \"\" of package \"icp4a-foundation-operator\": icp4a-foundation-operator.v24.1.2, icp4a-foundation-operator.v24.0.5, a unique replacement chain within a channel is required to determine the relative order between channel entries, but 2 replacement chains were found in channel \"\" of package \"ibm-insights-engine-operator\": ibm-insights-engine-operator.v24.0.5, ibm-insights-engine-operator.v24.1.2]","reason":"ErrorPreventedResolution","status":"True","type":"ResolutionFailed"}]
[0m
[INFO] RETRYING: Waiting for operator ibm-common-service-operator to be upgraded (63 left)
[33m[DEBUG] oc get subscription.operators.coreos.com -l operators.coreos.com/ibm-common-service-operator.cp24='' -n cp24 -o jsonpath='{.items[*].status.conditions}' -> 
[{"lastTransitionTime":"2025-04-02T21:46:59Z","message":"all available catalogsources are healthy","reason":"AllCatalogSourcesHealthy","status":"False","type":"CatalogSourcesUnhealthy"},{"lastTransitionTime":"2025-04-02T18:17:52Z","reason":"ReferencedInstallPlanNotFound","status":"True","type":"InstallPlanMissing"},{"message":"[a unique replacement chain within a channel is required to determine the relative order between channel entries, but 2 replacement chains were found in channel \"\" of package \"ibm-content-operator\": ibm-content-operator.v24.1.2, ibm-content-operator.v24.0.5, a unique replacement chain within a channel is required to determine the relative order between channel entries, but 2 replacement chains were found in channel \"\" of package \"icp4a-foundation-operator\": icp4a-foundation-operator.v24.1.2, icp4a-foundation-operator.v24.0.5, a unique replacement chain within a channel is required to determine the relative order between channel entries, but 2 replacement chains were found in channel \"\" of package \"ibm-insights-engine-operator\": ibm-insights-engine-operator.v24.0.5, ibm-insights-engine-operator.v24.1.2]","reason":"ErrorPreventedResolution","status":"True","type":"ResolutionFailed"}]
[0m
[INFO] RETRYING: Waiting for operator ibm-common-service-operator to be upgraded (62 left)
[33m[DEBUG] oc get subscription.operators.coreos.com -l operators.coreos.com/ibm-common-service-operator.cp24='' -n cp24 -o jsonpath='{.items[*].status.conditions}' -> 
[{"lastTransitionTime":"2025-04-02T21:46:59Z","message":"all available catalogsources are healthy","reason":"AllCatalogSourcesHealthy","status":"False","type":"CatalogSourcesUnhealthy"},{"lastTransitionTime":"2025-04-02T18:17:52Z","reason":"ReferencedInstallPlanNotFound","status":"True","type":"InstallPlanMissing"},{"message":"[a unique replacement chain within a channel is required to determine the relative order between channel entries, but 2 replacement chains were found in channel \"\" of package \"ibm-content-operator\": ibm-content-operator.v24.1.2, ibm-content-operator.v24.0.5, a unique replacement chain within a channel is required to determine the relative order between channel entries, but 2 replacement chains were found in channel \"\" of package \"icp4a-foundation-operator\": icp4a-foundation-operator.v24.1.2, icp4a-foundation-operator.v24.0.5, a unique replacement chain within a channel is required to determine the relative order between channel entries, but 2 replacement chains were found in channel \"\" of package \"ibm-insights-engine-operator\": ibm-insights-engine-operator.v24.0.5, ibm-insights-engine-operator.v24.1.2]","reason":"ErrorPreventedResolution","status":"True","type":"ResolutionFailed"}]
[0m
[INFO] RETRYING: Waiting for operator ibm-common-service-operator to be upgraded (61 left)
[33m[DEBUG] oc get subscription.operators.coreos.com -l operators.coreos.com/ibm-common-service-operator.cp24='' -n cp24 -o jsonpath='{.items[*].status.conditions}' -> 
[{"lastTransitionTime":"2025-04-02T21:46:59Z","message":"all available catalogsources are healthy","reason":"AllCatalogSourcesHealthy","status":"False","type":"CatalogSourcesUnhealthy"},{"lastTransitionTime":"2025-04-02T18:17:52Z","reason":"ReferencedInstallPlanNotFound","status":"True","type":"InstallPlanMissing"},{"message":"[a unique replacement chain within a channel is required to determine the relative order between channel entries, but 2 replacement chains were found in channel \"\" of package \"ibm-content-operator\": ibm-content-operator.v24.1.2, ibm-content-operator.v24.0.5, a unique replacement chain within a channel is required to determine the relative order between channel entries, but 2 replacement chains were found in channel \"\" of package \"icp4a-foundation-operator\": icp4a-foundation-operator.v24.1.2, icp4a-foundation-operator.v24.0.5, a unique replacement chain within a channel is required to determine the relative order between channel entries, but 2 replacement chains were found in channel \"\" of package \"ibm-insights-engine-operator\": ibm-insights-engine-operator.v24.0.5, ibm-insights-engine-operator.v24.1.2]","reason":"ErrorPreventedResolution","status":"True","type":"ResolutionFailed"}]
[0m
[INFO] RETRYING: Waiting for operator ibm-common-service-operator to be upgraded (60 left)
[33m[DEBUG] oc get subscription.operators.coreos.com -l operators.coreos.com/ibm-common-service-operator.cp24='' -n cp24 -o jsonpath='{.items[*].status.conditions}' -> 
[{"lastTransitionTime":"2025-04-02T21:46:59Z","message":"all available catalogsources are healthy","reason":"AllCatalogSourcesHealthy","status":"False","type":"CatalogSourcesUnhealthy"},{"lastTransitionTime":"2025-04-02T18:17:52Z","reason":"ReferencedInstallPlanNotFound","status":"True","type":"InstallPlanMissing"},{"message":"[a unique replacement chain within a channel is required to determine the relative order between channel entries, but 2 replacement chains were found in channel \"\" of package \"ibm-content-operator\": ibm-content-operator.v24.1.2, ibm-content-operator.v24.0.5, a unique replacement chain within a channel is required to determine the relative order between channel entries, but 2 replacement chains were found in channel \"\" of package \"icp4a-foundation-operator\": icp4a-foundation-operator.v24.1.2, icp4a-foundation-operator.v24.0.5, a unique replacement chain within a channel is required to determine the relative order between channel entries, but 2 replacement chains were found in channel \"\" of package \"ibm-insights-engine-operator\": ibm-insights-engine-operator.v24.0.5, ibm-insights-engine-operator.v24.1.2]","reason":"ErrorPreventedResolution","status":"True","type":"ResolutionFailed"}]
[0m
[INFO] RETRYING: Waiting for operator ibm-common-service-operator to be upgraded (59 left)
[33m[DEBUG] oc get subscription.operators.coreos.com -l operators.coreos.com/ibm-common-service-operator.cp24='' -n cp24 -o jsonpath='{.items[*].status.conditions}' -> 
[{"lastTransitionTime":"2025-04-02T21:46:59Z","message":"all available catalogsources are healthy","reason":"AllCatalogSourcesHealthy","status":"False","type":"CatalogSourcesUnhealthy"},{"lastTransitionTime":"2025-04-02T18:17:52Z","reason":"ReferencedInstallPlanNotFound","status":"True","type":"InstallPlanMissing"},{"message":"[a unique replacement chain within a channel is required to determine the relative order between channel entries, but 2 replacement chains were found in channel \"\" of package \"ibm-content-operator\": ibm-content-operator.v24.1.2, ibm-content-operator.v24.0.5, a unique replacement chain within a channel is required to determine the relative order between channel entries, but 2 replacement chains were found in channel \"\" of package \"icp4a-foundation-operator\": icp4a-foundation-operator.v24.1.2, icp4a-foundation-operator.v24.0.5, a unique replacement chain within a channel is required to determine the relative order between channel entries, but 2 replacement chains were found in channel \"\" of package \"ibm-insights-engine-operator\": ibm-insights-engine-operator.v24.0.5, ibm-insights-engine-operator.v24.1.2]","reason":"ErrorPreventedResolution","status":"True","type":"ResolutionFailed"}]
[0m
[INFO] RETRYING: Waiting for operator ibm-common-service-operator to be upgraded (58 left)
[33m[DEBUG] oc get subscription.operators.coreos.com -l operators.coreos.com/ibm-common-service-operator.cp24='' -n cp24 -o jsonpath='{.items[*].status.conditions}' -> 
[{"lastTransitionTime":"2025-04-02T21:46:59Z","message":"all available catalogsources are healthy","reason":"AllCatalogSourcesHealthy","status":"False","type":"CatalogSourcesUnhealthy"},{"lastTransitionTime":"2025-04-02T18:17:52Z","reason":"ReferencedInstallPlanNotFound","status":"True","type":"InstallPlanMissing"},{"message":"[a unique replacement chain within a channel is required to determine the relative order between channel entries, but 2 replacement chains were found in channel \"\" of package \"ibm-content-operator\": ibm-content-operator.v24.1.2, ibm-content-operator.v24.0.5, a unique replacement chain within a channel is required to determine the relative order between channel entries, but 2 replacement chains were found in channel \"\" of package \"icp4a-foundation-operator\": icp4a-foundation-operator.v24.1.2, icp4a-foundation-operator.v24.0.5, a unique replacement chain within a channel is required to determine the relative order between channel entries, but 2 replacement chains were found in channel \"\" of package \"ibm-insights-engine-operator\": ibm-insights-engine-operator.v24.0.5, ibm-insights-engine-operator.v24.1.2]","reason":"ErrorPreventedResolution","status":"True","type":"ResolutionFailed"}]
[0m
[INFO] RETRYING: Waiting for operator ibm-common-service-operator to be upgraded (57 left)
[33m[DEBUG] oc get subscription.operators.coreos.com -l operators.coreos.com/ibm-common-service-operator.cp24='' -n cp24 -o jsonpath='{.items[*].status.conditions}' -> 
[{"lastTransitionTime":"2025-04-02T21:46:59Z","message":"all available catalogsources are healthy","reason":"AllCatalogSourcesHealthy","status":"False","type":"CatalogSourcesUnhealthy"},{"lastTransitionTime":"2025-04-02T18:17:52Z","reason":"ReferencedInstallPlanNotFound","status":"True","type":"InstallPlanMissing"},{"message":"[a unique replacement chain within a channel is required to determine the relative order between channel entries, but 2 replacement chains were found in channel \"\" of package \"ibm-content-operator\": ibm-content-operator.v24.1.2, ibm-content-operator.v24.0.5, a unique replacement chain within a channel is required to determine the relative order between channel entries, but 2 replacement chains were found in channel \"\" of package \"icp4a-foundation-operator\": icp4a-foundation-operator.v24.1.2, icp4a-foundation-operator.v24.0.5, a unique replacement chain within a channel is required to determine the relative order between channel entries, but 2 replacement chains were found in channel \"\" of package \"ibm-insights-engine-operator\": ibm-insights-engine-operator.v24.0.5, ibm-insights-engine-operator.v24.1.2]","reason":"ErrorPreventedResolution","status":"True","type":"ResolutionFailed"}]
[0m
[INFO] RETRYING: Waiting for operator ibm-common-service-operator to be upgraded (56 left)
[33m[DEBUG] oc get subscription.operators.coreos.com -l operators.coreos.com/ibm-common-service-operator.cp24='' -n cp24 -o jsonpath='{.items[*].status.conditions}' -> 
[{"lastTransitionTime":"2025-04-02T21:46:59Z","message":"all available catalogsources are healthy","reason":"AllCatalogSourcesHealthy","status":"False","type":"CatalogSourcesUnhealthy"},{"lastTransitionTime":"2025-04-02T18:17:52Z","reason":"ReferencedInstallPlanNotFound","status":"True","type":"InstallPlanMissing"},{"message":"[a unique replacement chain within a channel is required to determine the relative order between channel entries, but 2 replacement chains were found in channel \"\" of package \"ibm-content-operator\": ibm-content-operator.v24.1.2, ibm-content-operator.v24.0.5, a unique replacement chain within a channel is required to determine the relative order between channel entries, but 2 replacement chains were found in channel \"\" of package \"icp4a-foundation-operator\": icp4a-foundation-operator.v24.1.2, icp4a-foundation-operator.v24.0.5, a unique replacement chain within a channel is required to determine the relative order between channel entries, but 2 replacement chains were found in channel \"\" of package \"ibm-insights-engine-operator\": ibm-insights-engine-operator.v24.0.5, ibm-insights-engine-operator.v24.1.2]","reason":"ErrorPreventedResolution","status":"True","type":"ResolutionFailed"}]
[0m
[INFO] RETRYING: Waiting for operator ibm-common-service-operator to be upgraded (55 left)
[33m[DEBUG] oc get subscription.operators.coreos.com -l operators.coreos.com/ibm-common-service-operator.cp24='' -n cp24 -o jsonpath='{.items[*].status.conditions}' -> 
[{"lastTransitionTime":"2025-04-02T21:46:59Z","message":"all available catalogsources are healthy","reason":"AllCatalogSourcesHealthy","status":"False","type":"CatalogSourcesUnhealthy"},{"lastTransitionTime":"2025-04-02T18:17:52Z","reason":"ReferencedInstallPlanNotFound","status":"True","type":"InstallPlanMissing"},{"message":"[a unique replacement chain within a channel is required to determine the relative order between channel entries, but 2 replacement chains were found in channel \"\" of package \"ibm-content-operator\": ibm-content-operator.v24.1.2, ibm-content-operator.v24.0.5, a unique replacement chain within a channel is required to determine the relative order between channel entries, but 2 replacement chains were found in channel \"\" of package \"icp4a-foundation-operator\": icp4a-foundation-operator.v24.1.2, icp4a-foundation-operator.v24.0.5, a unique replacement chain within a channel is required to determine the relative order between channel entries, but 2 replacement chains were found in channel \"\" of package \"ibm-insights-engine-operator\": ibm-insights-engine-operator.v24.0.5, ibm-insights-engine-operator.v24.1.2]","reason":"ErrorPreventedResolution","status":"True","type":"ResolutionFailed"}]
[0m
[INFO] RETRYING: Waiting for operator ibm-common-service-operator to be upgraded (54 left)
[33m[DEBUG] oc get subscription.operators.coreos.com -l operators.coreos.com/ibm-common-service-operator.cp24='' -n cp24 -o jsonpath='{.items[*].status.conditions}' -> 
[{"lastTransitionTime":"2025-04-02T21:46:59Z","message":"all available catalogsources are healthy","reason":"AllCatalogSourcesHealthy","status":"False","type":"CatalogSourcesUnhealthy"},{"lastTransitionTime":"2025-04-02T18:17:52Z","reason":"ReferencedInstallPlanNotFound","status":"True","type":"InstallPlanMissing"},{"message":"[a unique replacement chain within a channel is required to determine the relative order between channel entries, but 2 replacement chains were found in channel \"\" of package \"ibm-content-operator\": ibm-content-operator.v24.1.2, ibm-content-operator.v24.0.5, a unique replacement chain within a channel is required to determine the relative order between channel entries, but 2 replacement chains were found in channel \"\" of package \"icp4a-foundation-operator\": icp4a-foundation-operator.v24.0.5, icp4a-foundation-operator.v24.1.2, a unique replacement chain within a channel is required to determine the relative order between channel entries, but 2 replacement chains were found in channel \"\" of package \"ibm-insights-engine-operator\": ibm-insights-engine-operator.v24.0.5, ibm-insights-engine-operator.v24.1.2]","reason":"ErrorPreventedResolution","status":"True","type":"ResolutionFailed"}]
[0m
[INFO] RETRYING: Waiting for operator ibm-common-service-operator to be upgraded (53 left)
[33m[DEBUG] oc get subscription.operators.coreos.com -l operators.coreos.com/ibm-common-service-operator.cp24='' -n cp24 -o jsonpath='{.items[*].status.conditions}' -> 
[{"lastTransitionTime":"2025-04-02T21:46:59Z","message":"all available catalogsources are healthy","reason":"AllCatalogSourcesHealthy","status":"False","type":"CatalogSourcesUnhealthy"},{"lastTransitionTime":"2025-04-02T18:17:52Z","reason":"ReferencedInstallPlanNotFound","status":"True","type":"InstallPlanMissing"},{"message":"[a unique replacement chain within a channel is required to determine the relative order between channel entries, but 2 replacement chains were found in channel \"\" of package \"ibm-content-operator\": ibm-content-operator.v24.1.2, ibm-content-operator.v24.0.5, a unique replacement chain within a channel is required to determine the relative order between channel entries, but 2 replacement chains were found in channel \"\" of package \"icp4a-foundation-operator\": icp4a-foundation-operator.v24.0.5, icp4a-foundation-operator.v24.1.2, a unique replacement chain within a channel is required to determine the relative order between channel entries, but 2 replacement chains were found in channel \"\" of package \"ibm-insights-engine-operator\": ibm-insights-engine-operator.v24.0.5, ibm-insights-engine-operator.v24.1.2]","reason":"ErrorPreventedResolution","status":"True","type":"ResolutionFailed"}]
[0m
[INFO] RETRYING: Waiting for operator ibm-common-service-operator to be upgraded (52 left)
[33m[DEBUG] oc get subscription.operators.coreos.com -l operators.coreos.com/ibm-common-service-operator.cp24='' -n cp24 -o jsonpath='{.items[*].status.conditions}' -> 
[{"lastTransitionTime":"2025-04-02T21:46:59Z","message":"all available catalogsources are healthy","reason":"AllCatalogSourcesHealthy","status":"False","type":"CatalogSourcesUnhealthy"},{"lastTransitionTime":"2025-04-02T18:17:52Z","reason":"ReferencedInstallPlanNotFound","status":"True","type":"InstallPlanMissing"},{"message":"[a unique replacement chain within a channel is required to determine the relative order between channel entries, but 2 replacement chains were found in channel \"\" of package \"ibm-content-operator\": ibm-content-operator.v24.1.2, ibm-content-operator.v24.0.5, a unique replacement chain within a channel is required to determine the relative order between channel entries, but 2 replacement chains were found in channel \"\" of package \"icp4a-foundation-operator\": icp4a-foundation-operator.v24.0.5, icp4a-foundation-operator.v24.1.2, a unique replacement chain within a channel is required to determine the relative order between channel entries, but 2 replacement chains were found in channel \"\" of package \"ibm-insights-engine-operator\": ibm-insights-engine-operator.v24.0.5, ibm-insights-engine-operator.v24.1.2]","reason":"ErrorPreventedResolution","status":"True","type":"ResolutionFailed"}]
[0m
[INFO] RETRYING: Waiting for operator ibm-common-service-operator to be upgraded (51 left)
[33m[DEBUG] oc get subscription.operators.coreos.com -l operators.coreos.com/ibm-common-service-operator.cp24='' -n cp24 -o jsonpath='{.items[*].status.conditions}' -> 
[{"lastTransitionTime":"2025-04-02T21:46:59Z","message":"all available catalogsources are healthy","reason":"AllCatalogSourcesHealthy","status":"False","type":"CatalogSourcesUnhealthy"},{"lastTransitionTime":"2025-04-02T18:17:52Z","reason":"ReferencedInstallPlanNotFound","status":"True","type":"InstallPlanMissing"},{"message":"[a unique replacement chain within a channel is required to determine the relative order between channel entries, but 2 replacement chains were found in channel \"\" of package \"ibm-content-operator\": ibm-content-operator.v24.1.2, ibm-content-operator.v24.0.5, a unique replacement chain within a channel is required to determine the relative order between channel entries, but 2 replacement chains were found in channel \"\" of package \"icp4a-foundation-operator\": icp4a-foundation-operator.v24.0.5, icp4a-foundation-operator.v24.1.2, a unique replacement chain within a channel is required to determine the relative order between channel entries, but 2 replacement chains were found in channel \"\" of package \"ibm-insights-engine-operator\": ibm-insights-engine-operator.v24.0.5, ibm-insights-engine-operator.v24.1.2]","reason":"ErrorPreventedResolution","status":"True","type":"ResolutionFailed"}]
[0m
[INFO] RETRYING: Waiting for operator ibm-common-service-operator to be upgraded (50 left)
[33m[DEBUG] oc get subscription.operators.coreos.com -l operators.coreos.com/ibm-common-service-operator.cp24='' -n cp24 -o jsonpath='{.items[*].status.conditions}' -> 
[{"lastTransitionTime":"2025-04-02T21:46:59Z","message":"all available catalogsources are healthy","reason":"AllCatalogSourcesHealthy","status":"False","type":"CatalogSourcesUnhealthy"},{"lastTransitionTime":"2025-04-02T18:17:52Z","reason":"ReferencedInstallPlanNotFound","status":"True","type":"InstallPlanMissing"},{"message":"[a unique replacement chain within a channel is required to determine the relative order between channel entries, but 2 replacement chains were found in channel \"\" of package \"ibm-content-operator\": ibm-content-operator.v24.1.2, ibm-content-operator.v24.0.5, a unique replacement chain within a channel is required to determine the relative order between channel entries, but 2 replacement chains were found in channel \"\" of package \"icp4a-foundation-operator\": icp4a-foundation-operator.v24.1.2, icp4a-foundation-operator.v24.0.5]","reason":"ErrorPreventedResolution","status":"True","type":"ResolutionFailed"}]
[0m
[INFO] RETRYING: Waiting for operator ibm-common-service-operator to be upgraded (49 left)
[33m[DEBUG] oc get subscription.operators.coreos.com -l operators.coreos.com/ibm-common-service-operator.cp24='' -n cp24 -o jsonpath='{.items[*].status.conditions}' -> 
[{"lastTransitionTime":"2025-04-02T21:46:59Z","message":"all available catalogsources are healthy","reason":"AllCatalogSourcesHealthy","status":"False","type":"CatalogSourcesUnhealthy"},{"lastTransitionTime":"2025-04-02T18:17:52Z","reason":"ReferencedInstallPlanNotFound","status":"True","type":"InstallPlanMissing"},{"message":"[a unique replacement chain within a channel is required to determine the relative order between channel entries, but 2 replacement chains were found in channel \"\" of package \"ibm-content-operator\": ibm-content-operator.v24.1.2, ibm-content-operator.v24.0.5, a unique replacement chain within a channel is required to determine the relative order between channel entries, but 2 replacement chains were found in channel \"\" of package \"icp4a-foundation-operator\": icp4a-foundation-operator.v24.0.5, icp4a-foundation-operator.v24.1.2]","reason":"ErrorPreventedResolution","status":"True","type":"ResolutionFailed"}]
[0m
[INFO] RETRYING: Waiting for operator ibm-common-service-operator to be upgraded (48 left)
[33m[DEBUG] oc get subscription.operators.coreos.com -l operators.coreos.com/ibm-common-service-operator.cp24='' -n cp24 -o jsonpath='{.items[*].status.conditions}' -> 
[{"lastTransitionTime":"2025-04-02T21:46:59Z","message":"all available catalogsources are healthy","reason":"AllCatalogSourcesHealthy","status":"False","type":"CatalogSourcesUnhealthy"},{"lastTransitionTime":"2025-04-02T18:17:52Z","reason":"ReferencedInstallPlanNotFound","status":"True","type":"InstallPlanMissing"},{"message":"[a unique replacement chain within a channel is required to determine the relative order between channel entries, but 2 replacement chains were found in channel \"\" of package \"ibm-content-operator\": ibm-content-operator.v24.1.2, ibm-content-operator.v24.0.5, a unique replacement chain within a channel is required to determine the relative order between channel entries, but 2 replacement chains were found in channel \"\" of package \"icp4a-foundation-operator\": icp4a-foundation-operator.v24.0.5, icp4a-foundation-operator.v24.1.2]","reason":"ErrorPreventedResolution","status":"True","type":"ResolutionFailed"}]
[0m
[INFO] RETRYING: Waiting for operator ibm-common-service-operator to be upgraded (47 left)
[33m[DEBUG] oc get subscription.operators.coreos.com -l operators.coreos.com/ibm-common-service-operator.cp24='' -n cp24 -o jsonpath='{.items[*].status.conditions}' -> 
[{"lastTransitionTime":"2025-04-02T21:46:59Z","message":"all available catalogsources are healthy","reason":"AllCatalogSourcesHealthy","status":"False","type":"CatalogSourcesUnhealthy"},{"lastTransitionTime":"2025-04-02T18:17:52Z","reason":"ReferencedInstallPlanNotFound","status":"True","type":"InstallPlanMissing"},{"message":"[a unique replacement chain within a channel is required to determine the relative order between channel entries, but 2 replacement chains were found in channel \"\" of package \"ibm-content-operator\": ibm-content-operator.v24.1.2, ibm-content-operator.v24.0.5, a unique replacement chain within a channel is required to determine the relative order between channel entries, but 2 replacement chains were found in channel \"\" of package \"icp4a-foundation-operator\": icp4a-foundation-operator.v24.0.5, icp4a-foundation-operator.v24.1.2]","reason":"ErrorPreventedResolution","status":"True","type":"ResolutionFailed"}]
[0m
[INFO] RETRYING: Waiting for operator ibm-common-service-operator to be upgraded (46 left)
[33m[DEBUG] oc get subscription.operators.coreos.com -l operators.coreos.com/ibm-common-service-operator.cp24='' -n cp24 -o jsonpath='{.items[*].status.conditions}' -> 
[{"lastTransitionTime":"2025-04-02T21:46:59Z","message":"all available catalogsources are healthy","reason":"AllCatalogSourcesHealthy","status":"False","type":"CatalogSourcesUnhealthy"},{"lastTransitionTime":"2025-04-02T18:17:52Z","reason":"ReferencedInstallPlanNotFound","status":"True","type":"InstallPlanMissing"},{"message":"[a unique replacement chain within a channel is required to determine the relative order between channel entries, but 2 replacement chains were found in channel \"\" of package \"ibm-content-operator\": ibm-content-operator.v24.1.2, ibm-content-operator.v24.0.5, a unique replacement chain within a channel is required to determine the relative order between channel entries, but 2 replacement chains were found in channel \"\" of package \"icp4a-foundation-operator\": icp4a-foundation-operator.v24.0.5, icp4a-foundation-operator.v24.1.2]","reason":"ErrorPreventedResolution","status":"True","type":"ResolutionFailed"}]
[0m
[INFO] RETRYING: Waiting for operator ibm-common-service-operator to be upgraded (45 left)
[33m[DEBUG] oc get subscription.operators.coreos.com -l operators.coreos.com/ibm-common-service-operator.cp24='' -n cp24 -o jsonpath='{.items[*].status.conditions}' -> 
[{"lastTransitionTime":"2025-04-02T21:46:59Z","message":"all available catalogsources are healthy","reason":"AllCatalogSourcesHealthy","status":"False","type":"CatalogSourcesUnhealthy"},{"lastTransitionTime":"2025-04-02T18:17:52Z","reason":"ReferencedInstallPlanNotFound","status":"True","type":"InstallPlanMissing"},{"message":"[a unique replacement chain within a channel is required to determine the relative order between channel entries, but 2 replacement chains were found in channel \"\" of package \"ibm-content-operator\": ibm-content-operator.v24.1.2, ibm-content-operator.v24.0.5, a unique replacement chain within a channel is required to determine the relative order between channel entries, but 2 replacement chains were found in channel \"\" of package \"icp4a-foundation-operator\": icp4a-foundation-operator.v24.0.5, icp4a-foundation-operator.v24.1.2]","reason":"ErrorPreventedResolution","status":"True","type":"ResolutionFailed"}]
[0m
[INFO] RETRYING: Waiting for operator ibm-common-service-operator to be upgraded (44 left)
[33m[DEBUG] oc get subscription.operators.coreos.com -l operators.coreos.com/ibm-common-service-operator.cp24='' -n cp24 -o jsonpath='{.items[*].status.conditions}' -> 
[{"lastTransitionTime":"2025-04-02T21:46:59Z","message":"all available catalogsources are healthy","reason":"AllCatalogSourcesHealthy","status":"False","type":"CatalogSourcesUnhealthy"},{"lastTransitionTime":"2025-04-02T18:17:52Z","reason":"ReferencedInstallPlanNotFound","status":"True","type":"InstallPlanMissing"},{"message":"[a unique replacement chain within a channel is required to determine the relative order between channel entries, but 2 replacement chains were found in channel \"\" of package \"ibm-content-operator\": ibm-content-operator.v24.0.5, ibm-content-operator.v24.1.2, a unique replacement chain within a channel is required to determine the relative order between channel entries, but 2 replacement chains were found in channel \"\" of package \"icp4a-foundation-operator\": icp4a-foundation-operator.v24.1.2, icp4a-foundation-operator.v24.0.5]","reason":"ErrorPreventedResolution","status":"True","type":"ResolutionFailed"}]
[0m
[INFO] RETRYING: Waiting for operator ibm-common-service-operator to be upgraded (43 left)
[33m[DEBUG] oc get subscription.operators.coreos.com -l operators.coreos.com/ibm-common-service-operator.cp24='' -n cp24 -o jsonpath='{.items[*].status.conditions}' -> 
[{"lastTransitionTime":"2025-04-02T21:46:59Z","message":"all available catalogsources are healthy","reason":"AllCatalogSourcesHealthy","status":"False","type":"CatalogSourcesUnhealthy"},{"lastTransitionTime":"2025-04-02T18:17:52Z","reason":"ReferencedInstallPlanNotFound","status":"True","type":"InstallPlanMissing"},{"message":"[a unique replacement chain within a channel is required to determine the relative order between channel entries, but 2 replacement chains were found in channel \"\" of package \"ibm-content-operator\": ibm-content-operator.v24.0.5, ibm-content-operator.v24.1.2, a unique replacement chain within a channel is required to determine the relative order between channel entries, but 2 replacement chains were found in channel \"\" of package \"icp4a-foundation-operator\": icp4a-foundation-operator.v24.1.2, icp4a-foundation-operator.v24.0.5]","reason":"ErrorPreventedResolution","status":"True","type":"ResolutionFailed"}]
[0m
[INFO] RETRYING: Waiting for operator ibm-common-service-operator to be upgraded (42 left)
[33m[DEBUG] oc get subscription.operators.coreos.com -l operators.coreos.com/ibm-common-service-operator.cp24='' -n cp24 -o jsonpath='{.items[*].status.conditions}' -> 
[{"lastTransitionTime":"2025-04-02T21:46:59Z","message":"all available catalogsources are healthy","reason":"AllCatalogSourcesHealthy","status":"False","type":"CatalogSourcesUnhealthy"},{"lastTransitionTime":"2025-04-02T18:17:52Z","reason":"ReferencedInstallPlanNotFound","status":"True","type":"InstallPlanMissing"},{"message":"[a unique replacement chain within a channel is required to determine the relative order between channel entries, but 2 replacement chains were found in channel \"\" of package \"ibm-content-operator\": ibm-content-operator.v24.0.5, ibm-content-operator.v24.1.2, a unique replacement chain within a channel is required to determine the relative order between channel entries, but 2 replacement chains were found in channel \"\" of package \"icp4a-foundation-operator\": icp4a-foundation-operator.v24.1.2, icp4a-foundation-operator.v24.0.5]","reason":"ErrorPreventedResolution","status":"True","type":"ResolutionFailed"}]
[0m
[INFO] RETRYING: Waiting for operator ibm-common-service-operator to be upgraded (41 left)
[33m[DEBUG] oc get subscription.operators.coreos.com -l operators.coreos.com/ibm-common-service-operator.cp24='' -n cp24 -o jsonpath='{.items[*].status.conditions}' -> 
[{"lastTransitionTime":"2025-04-02T21:46:59Z","message":"all available catalogsources are healthy","reason":"AllCatalogSourcesHealthy","status":"False","type":"CatalogSourcesUnhealthy"},{"lastTransitionTime":"2025-04-02T18:17:52Z","reason":"ReferencedInstallPlanNotFound","status":"True","type":"InstallPlanMissing"},{"message":"[a unique replacement chain within a channel is required to determine the relative order between channel entries, but 2 replacement chains were found in channel \"\" of package \"ibm-content-operator\": ibm-content-operator.v24.1.2, ibm-content-operator.v24.0.5, a unique replacement chain within a channel is required to determine the relative order between channel entries, but 2 replacement chains were found in channel \"\" of package \"icp4a-foundation-operator\": icp4a-foundation-operator.v24.1.2, icp4a-foundation-operator.v24.0.5]","reason":"ErrorPreventedResolution","status":"True","type":"ResolutionFailed"}]
[0m
[INFO] RETRYING: Waiting for operator ibm-common-service-operator to be upgraded (40 left)
[33m[DEBUG] oc get subscription.operators.coreos.com -l operators.coreos.com/ibm-common-service-operator.cp24='' -n cp24 -o jsonpath='{.items[*].status.conditions}' -> 
[{"lastTransitionTime":"2025-04-02T21:46:59Z","message":"all available catalogsources are healthy","reason":"AllCatalogSourcesHealthy","status":"False","type":"CatalogSourcesUnhealthy"},{"lastTransitionTime":"2025-04-02T18:17:52Z","reason":"ReferencedInstallPlanNotFound","status":"True","type":"InstallPlanMissing"},{"message":"[a unique replacement chain within a channel is required to determine the relative order between channel entries, but 2 replacement chains were found in channel \"\" of package \"ibm-content-operator\": ibm-content-operator.v24.1.2, ibm-content-operator.v24.0.5, a unique replacement chain within a channel is required to determine the relative order between channel entries, but 2 replacement chains were found in channel \"\" of package \"icp4a-foundation-operator\": icp4a-foundation-operator.v24.1.2, icp4a-foundation-operator.v24.0.5]","reason":"ErrorPreventedResolution","status":"True","type":"ResolutionFailed"}]
[0m
[INFO] RETRYING: Waiting for operator ibm-common-service-operator to be upgraded (39 left)
[33m[DEBUG] oc get subscription.operators.coreos.com -l operators.coreos.com/ibm-common-service-operator.cp24='' -n cp24 -o jsonpath='{.items[*].status.conditions}' -> 
[{"lastTransitionTime":"2025-04-02T21:46:59Z","message":"all available catalogsources are healthy","reason":"AllCatalogSourcesHealthy","status":"False","type":"CatalogSourcesUnhealthy"},{"lastTransitionTime":"2025-04-02T18:17:52Z","reason":"ReferencedInstallPlanNotFound","status":"True","type":"InstallPlanMissing"},{"message":"[a unique replacement chain within a channel is required to determine the relative order between channel entries, but 2 replacement chains were found in channel \"\" of package \"ibm-content-operator\": ibm-content-operator.v24.1.2, ibm-content-operator.v24.0.5, a unique replacement chain within a channel is required to determine the relative order between channel entries, but 2 replacement chains were found in channel \"\" of package \"icp4a-foundation-operator\": icp4a-foundation-operator.v24.1.2, icp4a-foundation-operator.v24.0.5]","reason":"ErrorPreventedResolution","status":"True","type":"ResolutionFailed"}]
[0m
[INFO] RETRYING: Waiting for operator ibm-common-service-operator to be upgraded (38 left)
