[34m# Start to validate the parameters passed into script... [0m
[32m[✔] oc command available[0m
[32m[✔] /Users/varunsriram/Documents/Work/CloudPak/CodeRepos/cert-kubernetes/scripts/cpfs/yq/macos/yq command available[0m
[32m[✔] oc command logged in as kube:admin[0m
[32m[✔] Channel v4.12 is valid[0m
[INFO] ibm-common-service-operator subscription exists, it is upgrade scenario

[33m[✗] It is simple namespace topology
[0m
[32m[✔] Profile size is valid.[0m
[34m# Validate CatalogSource for operator ibm-common-service-operator in cp2400 namespace[0m
[32m[✔] CatalogSource ibm-cs-install-catalog-v4-12-0 from cp2400 CatalogSourceNamespace is available for ibm-common-service-operator in cp2400 namespace[0m

[34m# Checking whether Namespace cp2400 exist...[0m
[32m[✔] Namespace cp2400 already exists. Skip creating
[0m
[34m# Checking whether Namespace cp2400 exist...[0m
[32m[✔] Namespace cp2400 already exists. Skip creating
[0m
[34m# Checking whether OperatorGroup in cp2400 exist...[0m
[32m[✔] OperatorGroup already exists in cp2400. Skip creating
[0m
[34m#  Checking whether Cert Manager exist...[0m
[34m#  Smoke test for Cert Manager existence...[0m
[33m[DEBUG] Creating Issuer test-issuer in namespace cp2400 .[0m
[INFO] Creating following issuer:

apiVersion: cert-manager.io/v1
kind: Issuer
metadata:
  name: test-issuer
  namespace: cp2400
spec:
  selfSigned: {}

issuer.cert-manager.io/test-issuer created
[33m[DEBUG] Creating Certificate test-certificate in namespace cp2400 .[0m
[INFO] Creating following certificate:

apiVersion: cert-manager.io/v1
kind: Certificate
metadata:
  name: test-certificate
  namespace: cp2400
spec:
  commonName: test-certificate
  issuerRef:
    kind: Issuer
    name: test-issuer
  secretName: test-certificate-secret

certificate.cert-manager.io/test-certificate created
[INFO] Waiting for Issuer test-issuer in namespace cp2400 to be Ready
[32m[✔] Issuer test-issuer in namespace cp2400 is Ready
[0m
[INFO] Waiting for Certificate test-certificate in namespace cp2400 to be Ready
[32m[✔] Certificate test-certificate in namespace cp2400 is Ready
[0m
[INFO] Deleting test-issuer Issuer ...
issuer.cert-manager.io "test-issuer" deleted

[INFO] Deleting test-certificate Certificate ...
certificate.cert-manager.io "test-certificate" deleted

[INFO] Deleting 64891secret_name Secret ...
secret "test-certificate-secret" deleted

[34m#  Checking IBMLicensing...[0m
[33m[✗] NamespaceScope Configuration is not needed for simple or all namespaces topology, skip NamespaceScope setup
[0m
[34m# Installing IBM Foundational services operator into operator namespace cp2400...[0m
[34m# Checking if CommonService CRD exists in the cluster...[0m
[INFO] CommonService CRD exist

[34m# Configuring CommonService CR in cp2400...[0m
[INFO] Configuring CommonService CR common-service in cp2400

apiVersion: operator.ibm.com/v3
kind: CommonService
metadata:
  annotations:
    version: "-1"
  labels:
    app.kubernetes.io/component: Operator
    app.kubernetes.io/instance: content
    app.kubernetes.io/managed-by: Operator
    app.kubernetes.io/name: content-cp4ba
    app.kubernetes.io/version: 24.0.1
    foundationservices.cloudpak.ibm.com: commonservice
    release: 24.0.1
  name: common-service
  namespace: cp2400
spec:
  license:
    accept: true
  operatorNamespace: cp2400
  servicesNamespace: cp2400
  size: small
  storageClass: csi-cephfs
status:
  bedrockOperators:
    - installPlanName: install-hchmd
      name: ibm-iam-operator
      operatorStatus: Succeeded
      subscriptionStatus: Succeeded
      version: v4.10.0
    - installPlanName: install-hchmd
      name: ibm-zen-operator
      operatorStatus: Succeeded
      subscriptionStatus: Succeeded
      version: v6.1.1-89
    - installPlanName: install-9p6wh
      name: ibm-events-operator
      operatorStatus: Succeeded
      subscriptionStatus: Succeeded
      version: v5.0.1
    - installPlanName: install-b9b8b
      name: cloud-native-postgresql
      operatorStatus: Succeeded
      subscriptionStatus: Succeeded
      version: v1.22.7
    - installPlanName: install-95vgz
      name: ibm-bts-operator
      operatorStatus: Succeeded
      subscriptionStatus: Succeeded
      version: v3.35.2
    - installPlanName: install-zmhfl
      name: ibm-elasticsearch-operator
      operatorStatus: Succeeded
      subscriptionStatus: Succeeded
      version: v1.1.2470
    - installPlanName: install-779gr
      name: ibm-opencontent-flink
      operatorStatus: Succeeded
      subscriptionStatus: Succeeded
      version: v2.0.4
  conditions:
    - lastTransitionTime: "2025-05-16T22:02:03Z"
      lastUpdateTime: "2025-05-16T22:02:03Z"
      message: reconciling CommonService CR.
      reason: StartReconciling
      status: "False"
      type: Reconciling
    - lastTransitionTime: "2025-05-16T22:11:35Z"
      lastUpdateTime: "2025-05-16T22:11:35Z"
      message: 'initializing/updating: waiting for OperandRegistry and OperandConfig to become ready.'
      reason: UpdatingResources
      status: "False"
      type: Pending
    - lastTransitionTime: "2025-05-16T22:11:54Z"
      lastUpdateTime: "2025-05-16T22:11:54Z"
      message: configuring CommonService CR.
      reason: Configuring
      status: "False"
      type: Reconciling
    - lastTransitionTime: "2025-05-16T22:11:55Z"
      lastUpdateTime: "2025-05-16T22:11:55Z"
      message: CommonService CR is ready.
      reason: ReconcileSucceeded
      status: "True"
      type: Ready
  configStatus:
    catalogName: ibm-cs-install-catalog-v4-11-0
    catalogNamespace: cp2400
    configurable: true
    operatorDeployed: true
    operatorNamespace: cp2400
    servicesDeployed: true
    servicesNamespace: cp2400
    topologyConfigurableCRs:
      - apiVersion: operator.ibm.com/v3
        kind: CommonService
        namespace: cp2400
        objectName: common-service
  overallStatus: Succeeded
  phase: Succeeded

pod/ibm-common-service-operator-5fd95bb946-twjfw condition met
[33m[DEBUG] ibm-common-service-operator pod is ready
[0m
Warning: resource commonservices/common-service is missing the kubectl.kubernetes.io/last-applied-configuration annotation which is required by oc apply. oc apply should only be used on resources created declaratively by either oc create --save-config or oc apply. The missing annotation will be patched automatically.
commonservice.operator.ibm.com/common-service configured
[32m[✔] Successfully patched CommonService CR in cp2400[0m
[34m# Checking whether IBM Common Service operator exist...[0m
[INFO] There is an ibm-common-service-operator Subscription already

[34m# Updating ibm-common-service-operator-v4.11-ibm-cs-install-catalog-v4-11-0-cp2400 in namesapce cp2400...[0m
[INFO] v4.11 is less than v4.12
[INFO] catalogsource ibm-cs-install-catalog-v4-11-0 is different from ibm-cs-install-catalog-v4-12-0
[INFO] ibm-common-service-operator is ready for updating the subscription.
subscription.operators.coreos.com/ibm-common-service-operator-v4.11-ibm-cs-install-catalog-v4-11-0-cp2400 configured
[32m[✔] Successfully patched subscription ibm-common-service-operator in cp2400[0m
[INFO] Waiting for operator ibm-common-service-operator to be upgraded
[33m[DEBUG] oc get subscription.operators.coreos.com -l operators.coreos.com/ibm-common-service-operator.cp2400='' -n cp2400 -o jsonpath='{.items[*].status.conditions}' -> 
[{"lastTransitionTime":"2025-05-17T00:53:34Z","message":"all available catalogsources are healthy","reason":"AllCatalogSourcesHealthy","status":"False","type":"CatalogSourcesUnhealthy"},{"lastTransitionTime":"2025-05-16T22:21:38Z","reason":"ReferencedInstallPlanNotFound","status":"True","type":"InstallPlanMissing"},{"message":"constraints not satisfiable: subscription ibm-bts-operator exists, no operators found from catalog ibm-bts-operator-catalog-v3-35-2 in namespace cp2400 referenced by subscription ibm-bts-operator","reason":"ConstraintsNotSatisfiable","status":"True","type":"ResolutionFailed"}]
[0m
[INFO] RETRYING: Waiting for operator ibm-common-service-operator to be upgraded (120 left)
[33m[DEBUG] oc get subscription.operators.coreos.com -l operators.coreos.com/ibm-common-service-operator.cp2400='' -n cp2400 -o jsonpath='{.items[*].status.conditions}' -> 
[{"lastTransitionTime":"2025-05-17T00:53:34Z","message":"all available catalogsources are healthy","reason":"AllCatalogSourcesHealthy","status":"False","type":"CatalogSourcesUnhealthy"},{"lastTransitionTime":"2025-05-16T22:21:38Z","reason":"ReferencedInstallPlanNotFound","status":"True","type":"InstallPlanMissing"},{"message":"constraints not satisfiable: subscription ibm-bts-operator exists, no operators found from catalog ibm-bts-operator-catalog-v3-35-2 in namespace cp2400 referenced by subscription ibm-bts-operator","reason":"ConstraintsNotSatisfiable","status":"True","type":"ResolutionFailed"}]
[0m
[INFO] RETRYING: Waiting for operator ibm-common-service-operator to be upgraded (119 left)
[33m[DEBUG] oc get subscription.operators.coreos.com -l operators.coreos.com/ibm-common-service-operator.cp2400='' -n cp2400 -o jsonpath='{.items[*].status.conditions}' -> 
[{"lastTransitionTime":"2025-05-17T00:53:34Z","message":"all available catalogsources are healthy","reason":"AllCatalogSourcesHealthy","status":"False","type":"CatalogSourcesUnhealthy"},{"lastTransitionTime":"2025-05-16T22:21:38Z","reason":"ReferencedInstallPlanNotFound","status":"True","type":"InstallPlanMissing"},{"message":"constraints not satisfiable: subscription ibm-bts-operator exists, no operators found from catalog ibm-bts-operator-catalog-v3-35-2 in namespace cp2400 referenced by subscription ibm-bts-operator","reason":"ConstraintsNotSatisfiable","status":"True","type":"ResolutionFailed"}]
[0m
[INFO] RETRYING: Waiting for operator ibm-common-service-operator to be upgraded (118 left)
[33m[DEBUG] oc get subscription.operators.coreos.com -l operators.coreos.com/ibm-common-service-operator.cp2400='' -n cp2400 -o jsonpath='{.items[*].status.conditions}' -> 
[{"lastTransitionTime":"2025-05-17T00:53:34Z","message":"all available catalogsources are healthy","reason":"AllCatalogSourcesHealthy","status":"False","type":"CatalogSourcesUnhealthy"},{"lastTransitionTime":"2025-05-16T22:21:38Z","reason":"ReferencedInstallPlanNotFound","status":"True","type":"InstallPlanMissing"},{"message":"constraints not satisfiable: subscription ibm-bts-operator exists, no operators found from catalog ibm-bts-operator-catalog-v3-35-2 in namespace cp2400 referenced by subscription ibm-bts-operator","reason":"ConstraintsNotSatisfiable","status":"True","type":"ResolutionFailed"}]
[0m
[INFO] RETRYING: Waiting for operator ibm-common-service-operator to be upgraded (117 left)
[33m[DEBUG] oc get subscription.operators.coreos.com -l operators.coreos.com/ibm-common-service-operator.cp2400='' -n cp2400 -o jsonpath='{.items[*].status.conditions}' -> 
[{"lastTransitionTime":"2025-05-17T00:53:34Z","message":"all available catalogsources are healthy","reason":"AllCatalogSourcesHealthy","status":"False","type":"CatalogSourcesUnhealthy"},{"lastTransitionTime":"2025-05-16T22:21:38Z","reason":"ReferencedInstallPlanNotFound","status":"True","type":"InstallPlanMissing"},{"message":"constraints not satisfiable: subscription ibm-bts-operator exists, no operators found from catalog ibm-bts-operator-catalog-v3-35-2 in namespace cp2400 referenced by subscription ibm-bts-operator","reason":"ConstraintsNotSatisfiable","status":"True","type":"ResolutionFailed"}]
[0m
[INFO] RETRYING: Waiting for operator ibm-common-service-operator to be upgraded (116 left)
[33m[DEBUG] oc get subscription.operators.coreos.com -l operators.coreos.com/ibm-common-service-operator.cp2400='' -n cp2400 -o jsonpath='{.items[*].status.conditions}' -> 
[{"lastTransitionTime":"2025-05-17T00:53:34Z","message":"all available catalogsources are healthy","reason":"AllCatalogSourcesHealthy","status":"False","type":"CatalogSourcesUnhealthy"},{"lastTransitionTime":"2025-05-16T22:21:38Z","reason":"ReferencedInstallPlanNotFound","status":"True","type":"InstallPlanMissing"},{"message":"constraints not satisfiable: subscription ibm-bts-operator exists, no operators found from catalog ibm-bts-operator-catalog-v3-35-2 in namespace cp2400 referenced by subscription ibm-bts-operator","reason":"ConstraintsNotSatisfiable","status":"True","type":"ResolutionFailed"}]
[0m
[INFO] RETRYING: Waiting for operator ibm-common-service-operator to be upgraded (115 left)
[33m[DEBUG] oc get subscription.operators.coreos.com -l operators.coreos.com/ibm-common-service-operator.cp2400='' -n cp2400 -o jsonpath='{.items[*].status.conditions}' -> 
[{"lastTransitionTime":"2025-05-17T00:53:34Z","message":"all available catalogsources are healthy","reason":"AllCatalogSourcesHealthy","status":"False","type":"CatalogSourcesUnhealthy"},{"lastTransitionTime":"2025-05-16T22:21:38Z","reason":"ReferencedInstallPlanNotFound","status":"True","type":"InstallPlanMissing"},{"message":"constraints not satisfiable: subscription ibm-bts-operator exists, no operators found from catalog ibm-bts-operator-catalog-v3-35-2 in namespace cp2400 referenced by subscription ibm-bts-operator","reason":"ConstraintsNotSatisfiable","status":"True","type":"ResolutionFailed"}]
[0m
[INFO] RETRYING: Waiting for operator ibm-common-service-operator to be upgraded (114 left)
[33m[DEBUG] oc get subscription.operators.coreos.com -l operators.coreos.com/ibm-common-service-operator.cp2400='' -n cp2400 -o jsonpath='{.items[*].status.conditions}' -> 
[{"lastTransitionTime":"2025-05-17T00:53:34Z","message":"all available catalogsources are healthy","reason":"AllCatalogSourcesHealthy","status":"False","type":"CatalogSourcesUnhealthy"},{"lastTransitionTime":"2025-05-16T22:21:38Z","reason":"ReferencedInstallPlanNotFound","status":"True","type":"InstallPlanMissing"},{"message":"constraints not satisfiable: subscription ibm-bts-operator exists, no operators found from catalog ibm-bts-operator-catalog-v3-35-2 in namespace cp2400 referenced by subscription ibm-bts-operator","reason":"ConstraintsNotSatisfiable","status":"True","type":"ResolutionFailed"}]
[0m
[INFO] RETRYING: Waiting for operator ibm-common-service-operator to be upgraded (113 left)
[33m[DEBUG] oc get subscription.operators.coreos.com -l operators.coreos.com/ibm-common-service-operator.cp2400='' -n cp2400 -o jsonpath='{.items[*].status.conditions}' -> 
[{"lastTransitionTime":"2025-05-17T00:53:34Z","message":"all available catalogsources are healthy","reason":"AllCatalogSourcesHealthy","status":"False","type":"CatalogSourcesUnhealthy"},{"lastTransitionTime":"2025-05-16T22:21:38Z","reason":"ReferencedInstallPlanNotFound","status":"True","type":"InstallPlanMissing"},{"message":"constraints not satisfiable: subscription ibm-bts-operator exists, no operators found from catalog ibm-bts-operator-catalog-v3-35-2 in namespace cp2400 referenced by subscription ibm-bts-operator","reason":"ConstraintsNotSatisfiable","status":"True","type":"ResolutionFailed"}]
[0m
[INFO] RETRYING: Waiting for operator ibm-common-service-operator to be upgraded (112 left)
[33m[DEBUG] oc get subscription.operators.coreos.com -l operators.coreos.com/ibm-common-service-operator.cp2400='' -n cp2400 -o jsonpath='{.items[*].status.conditions}' -> 
[{"lastTransitionTime":"2025-05-17T00:53:34Z","message":"all available catalogsources are healthy","reason":"AllCatalogSourcesHealthy","status":"False","type":"CatalogSourcesUnhealthy"},{"lastTransitionTime":"2025-05-16T22:21:38Z","reason":"ReferencedInstallPlanNotFound","status":"True","type":"InstallPlanMissing"},{"message":"constraints not satisfiable: subscription ibm-bts-operator exists, no operators found from catalog ibm-bts-operator-catalog-v3-35-2 in namespace cp2400 referenced by subscription ibm-bts-operator","reason":"ConstraintsNotSatisfiable","status":"True","type":"ResolutionFailed"}]
[0m
[INFO] RETRYING: Waiting for operator ibm-common-service-operator to be upgraded (111 left)
[33m[DEBUG] oc get subscription.operators.coreos.com -l operators.coreos.com/ibm-common-service-operator.cp2400='' -n cp2400 -o jsonpath='{.items[*].status.conditions}' -> 
[{"lastTransitionTime":"2025-05-17T00:53:34Z","message":"all available catalogsources are healthy","reason":"AllCatalogSourcesHealthy","status":"False","type":"CatalogSourcesUnhealthy"},{"lastTransitionTime":"2025-05-16T22:21:38Z","reason":"ReferencedInstallPlanNotFound","status":"True","type":"InstallPlanMissing"},{"message":"constraints not satisfiable: subscription ibm-bts-operator exists, no operators found from catalog ibm-bts-operator-catalog-v3-35-2 in namespace cp2400 referenced by subscription ibm-bts-operator","reason":"ConstraintsNotSatisfiable","status":"True","type":"ResolutionFailed"}]
[0m
[INFO] RETRYING: Waiting for operator ibm-common-service-operator to be upgraded (110 left)
[33m[DEBUG] oc get subscription.operators.coreos.com -l operators.coreos.com/ibm-common-service-operator.cp2400='' -n cp2400 -o jsonpath='{.items[*].status.conditions}' -> 
[{"lastTransitionTime":"2025-05-17T00:53:34Z","message":"all available catalogsources are healthy","reason":"AllCatalogSourcesHealthy","status":"False","type":"CatalogSourcesUnhealthy"},{"lastTransitionTime":"2025-05-16T22:21:38Z","reason":"ReferencedInstallPlanNotFound","status":"True","type":"InstallPlanMissing"},{"message":"constraints not satisfiable: subscription ibm-bts-operator exists, no operators found from catalog ibm-bts-operator-catalog-v3-35-2 in namespace cp2400 referenced by subscription ibm-bts-operator","reason":"ConstraintsNotSatisfiable","status":"True","type":"ResolutionFailed"}]
[0m
[INFO] RETRYING: Waiting for operator ibm-common-service-operator to be upgraded (109 left)
[33m[DEBUG] oc get subscription.operators.coreos.com -l operators.coreos.com/ibm-common-service-operator.cp2400='' -n cp2400 -o jsonpath='{.items[*].status.conditions}' -> 
[{"lastTransitionTime":"2025-05-17T00:53:34Z","message":"all available catalogsources are healthy","reason":"AllCatalogSourcesHealthy","status":"False","type":"CatalogSourcesUnhealthy"},{"lastTransitionTime":"2025-05-16T22:21:38Z","reason":"ReferencedInstallPlanNotFound","status":"True","type":"InstallPlanMissing"},{"message":"constraints not satisfiable: subscription ibm-bts-operator exists, no operators found from catalog ibm-bts-operator-catalog-v3-35-2 in namespace cp2400 referenced by subscription ibm-bts-operator","reason":"ConstraintsNotSatisfiable","status":"True","type":"ResolutionFailed"}]
[0m
[INFO] RETRYING: Waiting for operator ibm-common-service-operator to be upgraded (108 left)
[33m[DEBUG] oc get subscription.operators.coreos.com -l operators.coreos.com/ibm-common-service-operator.cp2400='' -n cp2400 -o jsonpath='{.items[*].status.conditions}' -> 
[{"lastTransitionTime":"2025-05-17T00:53:34Z","message":"all available catalogsources are healthy","reason":"AllCatalogSourcesHealthy","status":"False","type":"CatalogSourcesUnhealthy"},{"lastTransitionTime":"2025-05-16T22:21:38Z","reason":"ReferencedInstallPlanNotFound","status":"True","type":"InstallPlanMissing"},{"message":"constraints not satisfiable: subscription ibm-bts-operator exists, no operators found from catalog ibm-bts-operator-catalog-v3-35-2 in namespace cp2400 referenced by subscription ibm-bts-operator","reason":"ConstraintsNotSatisfiable","status":"True","type":"ResolutionFailed"}]
[0m
[INFO] RETRYING: Waiting for operator ibm-common-service-operator to be upgraded (107 left)
[33m[DEBUG] oc get subscription.operators.coreos.com -l operators.coreos.com/ibm-common-service-operator.cp2400='' -n cp2400 -o jsonpath='{.items[*].status.conditions}' -> 
[{"lastTransitionTime":"2025-05-17T00:53:34Z","message":"all available catalogsources are healthy","reason":"AllCatalogSourcesHealthy","status":"False","type":"CatalogSourcesUnhealthy"},{"lastTransitionTime":"2025-05-16T22:21:38Z","reason":"ReferencedInstallPlanNotFound","status":"True","type":"InstallPlanMissing"},{"message":"constraints not satisfiable: subscription ibm-bts-operator exists, no operators found from catalog ibm-bts-operator-catalog-v3-35-2 in namespace cp2400 referenced by subscription ibm-bts-operator","reason":"ConstraintsNotSatisfiable","status":"True","type":"ResolutionFailed"}]
[0m
[INFO] RETRYING: Waiting for operator ibm-common-service-operator to be upgraded (106 left)
[33m[DEBUG] oc get subscription.operators.coreos.com -l operators.coreos.com/ibm-common-service-operator.cp2400='' -n cp2400 -o jsonpath='{.items[*].status.conditions}' -> 
[{"lastTransitionTime":"2025-05-17T00:53:34Z","message":"all available catalogsources are healthy","reason":"AllCatalogSourcesHealthy","status":"False","type":"CatalogSourcesUnhealthy"},{"lastTransitionTime":"2025-05-16T22:21:38Z","reason":"ReferencedInstallPlanNotFound","status":"True","type":"InstallPlanMissing"},{"message":"constraints not satisfiable: subscription ibm-bts-operator exists, no operators found from catalog ibm-bts-operator-catalog-v3-35-2 in namespace cp2400 referenced by subscription ibm-bts-operator","reason":"ConstraintsNotSatisfiable","status":"True","type":"ResolutionFailed"}]
[0m
[INFO] RETRYING: Waiting for operator ibm-common-service-operator to be upgraded (105 left)
[33m[DEBUG] oc get subscription.operators.coreos.com -l operators.coreos.com/ibm-common-service-operator.cp2400='' -n cp2400 -o jsonpath='{.items[*].status.conditions}' -> 
[{"lastTransitionTime":"2025-05-17T00:53:34Z","message":"all available catalogsources are healthy","reason":"AllCatalogSourcesHealthy","status":"False","type":"CatalogSourcesUnhealthy"},{"lastTransitionTime":"2025-05-16T22:21:38Z","reason":"ReferencedInstallPlanNotFound","status":"True","type":"InstallPlanMissing"},{"message":"constraints not satisfiable: subscription ibm-bts-operator exists, no operators found from catalog ibm-bts-operator-catalog-v3-35-2 in namespace cp2400 referenced by subscription ibm-bts-operator","reason":"ConstraintsNotSatisfiable","status":"True","type":"ResolutionFailed"}]
[0m
[INFO] RETRYING: Waiting for operator ibm-common-service-operator to be upgraded (104 left)
[33m[DEBUG] oc get subscription.operators.coreos.com -l operators.coreos.com/ibm-common-service-operator.cp2400='' -n cp2400 -o jsonpath='{.items[*].status.conditions}' -> 
[{"lastTransitionTime":"2025-05-17T00:53:34Z","message":"all available catalogsources are healthy","reason":"AllCatalogSourcesHealthy","status":"False","type":"CatalogSourcesUnhealthy"},{"lastTransitionTime":"2025-05-16T22:21:38Z","reason":"ReferencedInstallPlanNotFound","status":"True","type":"InstallPlanMissing"},{"message":"constraints not satisfiable: subscription ibm-bts-operator exists, no operators found from catalog ibm-bts-operator-catalog-v3-35-2 in namespace cp2400 referenced by subscription ibm-bts-operator","reason":"ConstraintsNotSatisfiable","status":"True","type":"ResolutionFailed"}]
[0m
[INFO] RETRYING: Waiting for operator ibm-common-service-operator to be upgraded (103 left)
[33m[DEBUG] oc get subscription.operators.coreos.com -l operators.coreos.com/ibm-common-service-operator.cp2400='' -n cp2400 -o jsonpath='{.items[*].status.conditions}' -> 
[{"lastTransitionTime":"2025-05-17T00:53:34Z","message":"all available catalogsources are healthy","reason":"AllCatalogSourcesHealthy","status":"False","type":"CatalogSourcesUnhealthy"},{"lastTransitionTime":"2025-05-16T22:21:38Z","reason":"ReferencedInstallPlanNotFound","status":"True","type":"InstallPlanMissing"},{"message":"constraints not satisfiable: subscription ibm-bts-operator exists, no operators found from catalog ibm-bts-operator-catalog-v3-35-2 in namespace cp2400 referenced by subscription ibm-bts-operator","reason":"ConstraintsNotSatisfiable","status":"True","type":"ResolutionFailed"}]
[0m
[INFO] RETRYING: Waiting for operator ibm-common-service-operator to be upgraded (102 left)
[33m[DEBUG] oc get subscription.operators.coreos.com -l operators.coreos.com/ibm-common-service-operator.cp2400='' -n cp2400 -o jsonpath='{.items[*].status.conditions}' -> 
[{"lastTransitionTime":"2025-05-17T00:53:34Z","message":"all available catalogsources are healthy","reason":"AllCatalogSourcesHealthy","status":"False","type":"CatalogSourcesUnhealthy"},{"lastTransitionTime":"2025-05-16T22:21:38Z","reason":"ReferencedInstallPlanNotFound","status":"True","type":"InstallPlanMissing"},{"message":"constraints not satisfiable: subscription ibm-bts-operator exists, no operators found from catalog ibm-bts-operator-catalog-v3-35-2 in namespace cp2400 referenced by subscription ibm-bts-operator","reason":"ConstraintsNotSatisfiable","status":"True","type":"ResolutionFailed"}]
[0m
[INFO] RETRYING: Waiting for operator ibm-common-service-operator to be upgraded (101 left)
[33m[DEBUG] oc get subscription.operators.coreos.com -l operators.coreos.com/ibm-common-service-operator.cp2400='' -n cp2400 -o jsonpath='{.items[*].status.conditions}' -> 
[{"lastTransitionTime":"2025-05-17T00:53:34Z","message":"all available catalogsources are healthy","reason":"AllCatalogSourcesHealthy","status":"False","type":"CatalogSourcesUnhealthy"},{"lastTransitionTime":"2025-05-16T22:21:38Z","reason":"ReferencedInstallPlanNotFound","status":"True","type":"InstallPlanMissing"},{"message":"constraints not satisfiable: subscription ibm-bts-operator exists, no operators found from catalog ibm-bts-operator-catalog-v3-35-2 in namespace cp2400 referenced by subscription ibm-bts-operator","reason":"ConstraintsNotSatisfiable","status":"True","type":"ResolutionFailed"}]
[0m
[INFO] RETRYING: Waiting for operator ibm-common-service-operator to be upgraded (100 left)
[33m[DEBUG] oc get subscription.operators.coreos.com -l operators.coreos.com/ibm-common-service-operator.cp2400='' -n cp2400 -o jsonpath='{.items[*].status.conditions}' -> 
[{"lastTransitionTime":"2025-05-17T00:53:34Z","message":"all available catalogsources are healthy","reason":"AllCatalogSourcesHealthy","status":"False","type":"CatalogSourcesUnhealthy"},{"lastTransitionTime":"2025-05-16T22:21:38Z","reason":"ReferencedInstallPlanNotFound","status":"True","type":"InstallPlanMissing"},{"message":"constraints not satisfiable: subscription ibm-bts-operator exists, no operators found from catalog ibm-bts-operator-catalog-v3-35-2 in namespace cp2400 referenced by subscription ibm-bts-operator","reason":"ConstraintsNotSatisfiable","status":"True","type":"ResolutionFailed"}]
[0m
[INFO] RETRYING: Waiting for operator ibm-common-service-operator to be upgraded (99 left)
[33m[DEBUG] oc get subscription.operators.coreos.com -l operators.coreos.com/ibm-common-service-operator.cp2400='' -n cp2400 -o jsonpath='{.items[*].status.conditions}' -> 
[{"lastTransitionTime":"2025-05-17T00:53:34Z","message":"all available catalogsources are healthy","reason":"AllCatalogSourcesHealthy","status":"False","type":"CatalogSourcesUnhealthy"},{"lastTransitionTime":"2025-05-16T22:21:38Z","reason":"ReferencedInstallPlanNotFound","status":"True","type":"InstallPlanMissing"},{"message":"constraints not satisfiable: subscription ibm-bts-operator exists, no operators found from catalog ibm-bts-operator-catalog-v3-35-2 in namespace cp2400 referenced by subscription ibm-bts-operator","reason":"ConstraintsNotSatisfiable","status":"True","type":"ResolutionFailed"}]
[0m
[INFO] RETRYING: Waiting for operator ibm-common-service-operator to be upgraded (98 left)
[33m[DEBUG] oc get subscription.operators.coreos.com -l operators.coreos.com/ibm-common-service-operator.cp2400='' -n cp2400 -o jsonpath='{.items[*].status.conditions}' -> 
[{"lastTransitionTime":"2025-05-17T00:53:34Z","message":"all available catalogsources are healthy","reason":"AllCatalogSourcesHealthy","status":"False","type":"CatalogSourcesUnhealthy"},{"lastTransitionTime":"2025-05-16T22:21:38Z","reason":"ReferencedInstallPlanNotFound","status":"True","type":"InstallPlanMissing"},{"message":"constraints not satisfiable: subscription ibm-bts-operator exists, no operators found from catalog ibm-bts-operator-catalog-v3-35-2 in namespace cp2400 referenced by subscription ibm-bts-operator","reason":"ConstraintsNotSatisfiable","status":"True","type":"ResolutionFailed"}]
[0m
[INFO] RETRYING: Waiting for operator ibm-common-service-operator to be upgraded (97 left)
[33m[DEBUG] oc get subscription.operators.coreos.com -l operators.coreos.com/ibm-common-service-operator.cp2400='' -n cp2400 -o jsonpath='{.items[*].status.conditions}' -> 
[{"lastTransitionTime":"2025-05-17T00:53:34Z","message":"all available catalogsources are healthy","reason":"AllCatalogSourcesHealthy","status":"False","type":"CatalogSourcesUnhealthy"},{"lastTransitionTime":"2025-05-16T22:21:38Z","reason":"ReferencedInstallPlanNotFound","status":"True","type":"InstallPlanMissing"},{"message":"constraints not satisfiable: subscription ibm-bts-operator exists, no operators found from catalog ibm-bts-operator-catalog-v3-35-2 in namespace cp2400 referenced by subscription ibm-bts-operator","reason":"ConstraintsNotSatisfiable","status":"True","type":"ResolutionFailed"}]
[0m
[INFO] RETRYING: Waiting for operator ibm-common-service-operator to be upgraded (96 left)
[33m[DEBUG] oc get subscription.operators.coreos.com -l operators.coreos.com/ibm-common-service-operator.cp2400='' -n cp2400 -o jsonpath='{.items[*].status.conditions}' -> 
[{"lastTransitionTime":"2025-05-17T00:53:34Z","message":"all available catalogsources are healthy","reason":"AllCatalogSourcesHealthy","status":"False","type":"CatalogSourcesUnhealthy"},{"lastTransitionTime":"2025-05-16T22:21:38Z","reason":"ReferencedInstallPlanNotFound","status":"True","type":"InstallPlanMissing"},{"message":"constraints not satisfiable: subscription ibm-bts-operator exists, no operators found from catalog ibm-bts-operator-catalog-v3-35-2 in namespace cp2400 referenced by subscription ibm-bts-operator","reason":"ConstraintsNotSatisfiable","status":"True","type":"ResolutionFailed"}]
[0m
[INFO] RETRYING: Waiting for operator ibm-common-service-operator to be upgraded (95 left)
[33m[DEBUG] oc get subscription.operators.coreos.com -l operators.coreos.com/ibm-common-service-operator.cp2400='' -n cp2400 -o jsonpath='{.items[*].status.conditions}' -> 
[{"lastTransitionTime":"2025-05-17T00:53:34Z","message":"all available catalogsources are healthy","reason":"AllCatalogSourcesHealthy","status":"False","type":"CatalogSourcesUnhealthy"},{"lastTransitionTime":"2025-05-16T22:21:38Z","reason":"ReferencedInstallPlanNotFound","status":"True","type":"InstallPlanMissing"},{"message":"constraints not satisfiable: no operators found from catalog ibm-bts-operator-catalog-v3-35-2 in namespace cp2400 referenced by subscription ibm-bts-operator, subscription ibm-bts-operator exists","reason":"ConstraintsNotSatisfiable","status":"True","type":"ResolutionFailed"}]
[0m
[INFO] RETRYING: Waiting for operator ibm-common-service-operator to be upgraded (94 left)
[33m[DEBUG] oc get subscription.operators.coreos.com -l operators.coreos.com/ibm-common-service-operator.cp2400='' -n cp2400 -o jsonpath='{.items[*].status.conditions}' -> 
[{"lastTransitionTime":"2025-05-17T00:53:34Z","message":"all available catalogsources are healthy","reason":"AllCatalogSourcesHealthy","status":"False","type":"CatalogSourcesUnhealthy"},{"lastTransitionTime":"2025-05-16T22:21:38Z","reason":"ReferencedInstallPlanNotFound","status":"True","type":"InstallPlanMissing"},{"message":"constraints not satisfiable: no operators found from catalog ibm-bts-operator-catalog-v3-35-2 in namespace cp2400 referenced by subscription ibm-bts-operator, subscription ibm-bts-operator exists","reason":"ConstraintsNotSatisfiable","status":"True","type":"ResolutionFailed"}]
[0m
[INFO] RETRYING: Waiting for operator ibm-common-service-operator to be upgraded (93 left)
[33m[DEBUG] oc get subscription.operators.coreos.com -l operators.coreos.com/ibm-common-service-operator.cp2400='' -n cp2400 -o jsonpath='{.items[*].status.conditions}' -> 
[{"lastTransitionTime":"2025-05-17T00:53:34Z","message":"all available catalogsources are healthy","reason":"AllCatalogSourcesHealthy","status":"False","type":"CatalogSourcesUnhealthy"},{"lastTransitionTime":"2025-05-16T22:21:38Z","reason":"ReferencedInstallPlanNotFound","status":"True","type":"InstallPlanMissing"},{"message":"constraints not satisfiable: no operators found from catalog ibm-bts-operator-catalog-v3-35-2 in namespace cp2400 referenced by subscription ibm-bts-operator, subscription ibm-bts-operator exists","reason":"ConstraintsNotSatisfiable","status":"True","type":"ResolutionFailed"}]
[0m
[INFO] RETRYING: Waiting for operator ibm-common-service-operator to be upgraded (92 left)
[33m[DEBUG] oc get subscription.operators.coreos.com -l operators.coreos.com/ibm-common-service-operator.cp2400='' -n cp2400 -o jsonpath='{.items[*].status.conditions}' -> 
[{"lastTransitionTime":"2025-05-17T00:53:34Z","message":"all available catalogsources are healthy","reason":"AllCatalogSourcesHealthy","status":"False","type":"CatalogSourcesUnhealthy"},{"lastTransitionTime":"2025-05-16T22:21:38Z","reason":"ReferencedInstallPlanNotFound","status":"True","type":"InstallPlanMissing"},{"message":"constraints not satisfiable: no operators found from catalog ibm-bts-operator-catalog-v3-35-2 in namespace cp2400 referenced by subscription ibm-bts-operator, subscription ibm-bts-operator exists","reason":"ConstraintsNotSatisfiable","status":"True","type":"ResolutionFailed"}]
[0m
[INFO] RETRYING: Waiting for operator ibm-common-service-operator to be upgraded (91 left)
[33m[DEBUG] oc get subscription.operators.coreos.com -l operators.coreos.com/ibm-common-service-operator.cp2400='' -n cp2400 -o jsonpath='{.items[*].status.conditions}' -> 
[{"lastTransitionTime":"2025-05-17T00:53:34Z","message":"all available catalogsources are healthy","reason":"AllCatalogSourcesHealthy","status":"False","type":"CatalogSourcesUnhealthy"},{"lastTransitionTime":"2025-05-16T22:21:38Z","reason":"ReferencedInstallPlanNotFound","status":"True","type":"InstallPlanMissing"},{"message":"constraints not satisfiable: no operators found from catalog ibm-bts-operator-catalog-v3-35-2 in namespace cp2400 referenced by subscription ibm-bts-operator, subscription ibm-bts-operator exists","reason":"ConstraintsNotSatisfiable","status":"True","type":"ResolutionFailed"}]
[0m
[INFO] RETRYING: Waiting for operator ibm-common-service-operator to be upgraded (90 left)
[33m[DEBUG] oc get subscription.operators.coreos.com -l operators.coreos.com/ibm-common-service-operator.cp2400='' -n cp2400 -o jsonpath='{.items[*].status.conditions}' -> 
[{"lastTransitionTime":"2025-05-17T00:53:34Z","message":"all available catalogsources are healthy","reason":"AllCatalogSourcesHealthy","status":"False","type":"CatalogSourcesUnhealthy"},{"lastTransitionTime":"2025-05-16T22:21:38Z","reason":"ReferencedInstallPlanNotFound","status":"True","type":"InstallPlanMissing"},{"message":"constraints not satisfiable: no operators found from catalog ibm-bts-operator-catalog-v3-35-2 in namespace cp2400 referenced by subscription ibm-bts-operator, subscription ibm-bts-operator exists","reason":"ConstraintsNotSatisfiable","status":"True","type":"ResolutionFailed"}]
[0m
[INFO] RETRYING: Waiting for operator ibm-common-service-operator to be upgraded (89 left)
[33m[DEBUG] oc get subscription.operators.coreos.com -l operators.coreos.com/ibm-common-service-operator.cp2400='' -n cp2400 -o jsonpath='{.items[*].status.conditions}' -> 
[{"lastTransitionTime":"2025-05-17T00:53:34Z","message":"all available catalogsources are healthy","reason":"AllCatalogSourcesHealthy","status":"False","type":"CatalogSourcesUnhealthy"},{"lastTransitionTime":"2025-05-16T22:21:38Z","reason":"ReferencedInstallPlanNotFound","status":"True","type":"InstallPlanMissing"},{"message":"constraints not satisfiable: no operators found from catalog ibm-bts-operator-catalog-v3-35-2 in namespace cp2400 referenced by subscription ibm-bts-operator, subscription ibm-bts-operator exists","reason":"ConstraintsNotSatisfiable","status":"True","type":"ResolutionFailed"}]
[0m
[INFO] RETRYING: Waiting for operator ibm-common-service-operator to be upgraded (88 left)
[33m[DEBUG] oc get subscription.operators.coreos.com -l operators.coreos.com/ibm-common-service-operator.cp2400='' -n cp2400 -o jsonpath='{.items[*].status.conditions}' -> 
[{"lastTransitionTime":"2025-05-17T00:53:34Z","message":"all available catalogsources are healthy","reason":"AllCatalogSourcesHealthy","status":"False","type":"CatalogSourcesUnhealthy"},{"lastTransitionTime":"2025-05-16T22:21:38Z","reason":"ReferencedInstallPlanNotFound","status":"True","type":"InstallPlanMissing"},{"message":"constraints not satisfiable: no operators found from catalog ibm-bts-operator-catalog-v3-35-2 in namespace cp2400 referenced by subscription ibm-bts-operator, subscription ibm-bts-operator exists","reason":"ConstraintsNotSatisfiable","status":"True","type":"ResolutionFailed"}]
[0m
[INFO] RETRYING: Waiting for operator ibm-common-service-operator to be upgraded (87 left)
[33m[DEBUG] oc get subscription.operators.coreos.com -l operators.coreos.com/ibm-common-service-operator.cp2400='' -n cp2400 -o jsonpath='{.items[*].status.conditions}' -> 
[{"lastTransitionTime":"2025-05-17T00:53:34Z","message":"all available catalogsources are healthy","reason":"AllCatalogSourcesHealthy","status":"False","type":"CatalogSourcesUnhealthy"},{"lastTransitionTime":"2025-05-16T22:21:38Z","reason":"ReferencedInstallPlanNotFound","status":"True","type":"InstallPlanMissing"},{"message":"constraints not satisfiable: no operators found from catalog ibm-bts-operator-catalog-v3-35-2 in namespace cp2400 referenced by subscription ibm-bts-operator, subscription ibm-bts-operator exists","reason":"ConstraintsNotSatisfiable","status":"True","type":"ResolutionFailed"}]
[0m
[INFO] RETRYING: Waiting for operator ibm-common-service-operator to be upgraded (86 left)
[33m[DEBUG] oc get subscription.operators.coreos.com -l operators.coreos.com/ibm-common-service-operator.cp2400='' -n cp2400 -o jsonpath='{.items[*].status.conditions}' -> 
[{"lastTransitionTime":"2025-05-17T00:53:34Z","message":"all available catalogsources are healthy","reason":"AllCatalogSourcesHealthy","status":"False","type":"CatalogSourcesUnhealthy"},{"lastTransitionTime":"2025-05-16T22:21:38Z","reason":"ReferencedInstallPlanNotFound","status":"True","type":"InstallPlanMissing"},{"message":"constraints not satisfiable: no operators found from catalog ibm-bts-operator-catalog-v3-35-2 in namespace cp2400 referenced by subscription ibm-bts-operator, subscription ibm-bts-operator exists","reason":"ConstraintsNotSatisfiable","status":"True","type":"ResolutionFailed"}]
[0m
[INFO] RETRYING: Waiting for operator ibm-common-service-operator to be upgraded (85 left)
[33m[DEBUG] oc get subscription.operators.coreos.com -l operators.coreos.com/ibm-common-service-operator.cp2400='' -n cp2400 -o jsonpath='{.items[*].status.conditions}' -> 
[{"lastTransitionTime":"2025-05-17T00:53:34Z","message":"all available catalogsources are healthy","reason":"AllCatalogSourcesHealthy","status":"False","type":"CatalogSourcesUnhealthy"},{"lastTransitionTime":"2025-05-16T22:21:38Z","reason":"ReferencedInstallPlanNotFound","status":"True","type":"InstallPlanMissing"},{"message":"constraints not satisfiable: no operators found from catalog ibm-bts-operator-catalog-v3-35-2 in namespace cp2400 referenced by subscription ibm-bts-operator, subscription ibm-bts-operator exists","reason":"ConstraintsNotSatisfiable","status":"True","type":"ResolutionFailed"}]
[0m
[INFO] RETRYING: Waiting for operator ibm-common-service-operator to be upgraded (84 left)
[33m[DEBUG] oc get subscription.operators.coreos.com -l operators.coreos.com/ibm-common-service-operator.cp2400='' -n cp2400 -o jsonpath='{.items[*].status.conditions}' -> 
[{"lastTransitionTime":"2025-05-17T00:53:34Z","message":"all available catalogsources are healthy","reason":"AllCatalogSourcesHealthy","status":"False","type":"CatalogSourcesUnhealthy"},{"lastTransitionTime":"2025-05-16T22:21:38Z","reason":"ReferencedInstallPlanNotFound","status":"True","type":"InstallPlanMissing"},{"message":"constraints not satisfiable: no operators found from catalog ibm-bts-operator-catalog-v3-35-2 in namespace cp2400 referenced by subscription ibm-bts-operator, subscription ibm-bts-operator exists","reason":"ConstraintsNotSatisfiable","status":"True","type":"ResolutionFailed"}]
[0m
[INFO] RETRYING: Waiting for operator ibm-common-service-operator to be upgraded (83 left)
[33m[DEBUG] oc get subscription.operators.coreos.com -l operators.coreos.com/ibm-common-service-operator.cp2400='' -n cp2400 -o jsonpath='{.items[*].status.conditions}' -> 
[{"lastTransitionTime":"2025-05-17T00:53:34Z","message":"all available catalogsources are healthy","reason":"AllCatalogSourcesHealthy","status":"False","type":"CatalogSourcesUnhealthy"},{"lastTransitionTime":"2025-05-16T22:21:38Z","reason":"ReferencedInstallPlanNotFound","status":"True","type":"InstallPlanMissing"},{"message":"constraints not satisfiable: no operators found from catalog ibm-bts-operator-catalog-v3-35-2 in namespace cp2400 referenced by subscription ibm-bts-operator, subscription ibm-bts-operator exists","reason":"ConstraintsNotSatisfiable","status":"True","type":"ResolutionFailed"}]
[0m
[INFO] RETRYING: Waiting for operator ibm-common-service-operator to be upgraded (82 left)
[33m[DEBUG] oc get subscription.operators.coreos.com -l operators.coreos.com/ibm-common-service-operator.cp2400='' -n cp2400 -o jsonpath='{.items[*].status.conditions}' -> 
[{"lastTransitionTime":"2025-05-17T00:53:34Z","message":"all available catalogsources are healthy","reason":"AllCatalogSourcesHealthy","status":"False","type":"CatalogSourcesUnhealthy"},{"lastTransitionTime":"2025-05-16T22:21:38Z","reason":"ReferencedInstallPlanNotFound","status":"True","type":"InstallPlanMissing"},{"message":"constraints not satisfiable: no operators found from catalog ibm-bts-operator-catalog-v3-35-2 in namespace cp2400 referenced by subscription ibm-bts-operator, subscription ibm-bts-operator exists","reason":"ConstraintsNotSatisfiable","status":"True","type":"ResolutionFailed"}]
[0m
[INFO] RETRYING: Waiting for operator ibm-common-service-operator to be upgraded (81 left)
[33m[DEBUG] oc get subscription.operators.coreos.com -l operators.coreos.com/ibm-common-service-operator.cp2400='' -n cp2400 -o jsonpath='{.items[*].status.conditions}' -> 
[{"lastTransitionTime":"2025-05-17T00:53:34Z","message":"all available catalogsources are healthy","reason":"AllCatalogSourcesHealthy","status":"False","type":"CatalogSourcesUnhealthy"},{"lastTransitionTime":"2025-05-16T22:21:38Z","reason":"ReferencedInstallPlanNotFound","status":"True","type":"InstallPlanMissing"},{"message":"constraints not satisfiable: no operators found from catalog ibm-bts-operator-catalog-v3-35-2 in namespace cp2400 referenced by subscription ibm-bts-operator, subscription ibm-bts-operator exists","reason":"ConstraintsNotSatisfiable","status":"True","type":"ResolutionFailed"}]
[0m
[INFO] RETRYING: Waiting for operator ibm-common-service-operator to be upgraded (80 left)
[33m[DEBUG] oc get subscription.operators.coreos.com -l operators.coreos.com/ibm-common-service-operator.cp2400='' -n cp2400 -o jsonpath='{.items[*].status.conditions}' -> 
[{"lastTransitionTime":"2025-05-17T00:53:34Z","message":"all available catalogsources are healthy","reason":"AllCatalogSourcesHealthy","status":"False","type":"CatalogSourcesUnhealthy"},{"lastTransitionTime":"2025-05-16T22:21:38Z","reason":"ReferencedInstallPlanNotFound","status":"True","type":"InstallPlanMissing"},{"message":"constraints not satisfiable: no operators found from catalog ibm-bts-operator-catalog-v3-35-2 in namespace cp2400 referenced by subscription ibm-bts-operator, subscription ibm-bts-operator exists","reason":"ConstraintsNotSatisfiable","status":"True","type":"ResolutionFailed"}]
[0m
[INFO] RETRYING: Waiting for operator ibm-common-service-operator to be upgraded (79 left)
[33m[DEBUG] oc get subscription.operators.coreos.com -l operators.coreos.com/ibm-common-service-operator.cp2400='' -n cp2400 -o jsonpath='{.items[*].status.conditions}' -> 
[{"lastTransitionTime":"2025-05-17T00:53:34Z","message":"all available catalogsources are healthy","reason":"AllCatalogSourcesHealthy","status":"False","type":"CatalogSourcesUnhealthy"},{"lastTransitionTime":"2025-05-16T22:21:38Z","reason":"ReferencedInstallPlanNotFound","status":"True","type":"InstallPlanMissing"},{"message":"constraints not satisfiable: no operators found from catalog ibm-bts-operator-catalog-v3-35-2 in namespace cp2400 referenced by subscription ibm-bts-operator, subscription ibm-bts-operator exists","reason":"ConstraintsNotSatisfiable","status":"True","type":"ResolutionFailed"}]
[0m
[INFO] RETRYING: Waiting for operator ibm-common-service-operator to be upgraded (78 left)
[33m[DEBUG] oc get subscription.operators.coreos.com -l operators.coreos.com/ibm-common-service-operator.cp2400='' -n cp2400 -o jsonpath='{.items[*].status.conditions}' -> 
[{"lastTransitionTime":"2025-05-17T00:53:34Z","message":"all available catalogsources are healthy","reason":"AllCatalogSourcesHealthy","status":"False","type":"CatalogSourcesUnhealthy"},{"lastTransitionTime":"2025-05-16T22:21:38Z","reason":"ReferencedInstallPlanNotFound","status":"True","type":"InstallPlanMissing"},{"message":"constraints not satisfiable: subscription ibm-bts-operator exists, no operators found from catalog ibm-bts-operator-catalog-v3-35-2 in namespace cp2400 referenced by subscription ibm-bts-operator","reason":"ConstraintsNotSatisfiable","status":"True","type":"ResolutionFailed"}]
[0m
[INFO] RETRYING: Waiting for operator ibm-common-service-operator to be upgraded (77 left)
[33m[DEBUG] oc get subscription.operators.coreos.com -l operators.coreos.com/ibm-common-service-operator.cp2400='' -n cp2400 -o jsonpath='{.items[*].status.conditions}' -> 
[{"lastTransitionTime":"2025-05-17T00:53:34Z","message":"all available catalogsources are healthy","reason":"AllCatalogSourcesHealthy","status":"False","type":"CatalogSourcesUnhealthy"},{"lastTransitionTime":"2025-05-16T22:21:38Z","reason":"ReferencedInstallPlanNotFound","status":"True","type":"InstallPlanMissing"},{"message":"constraints not satisfiable: subscription ibm-bts-operator exists, no operators found from catalog ibm-bts-operator-catalog-v3-35-2 in namespace cp2400 referenced by subscription ibm-bts-operator","reason":"ConstraintsNotSatisfiable","status":"True","type":"ResolutionFailed"}]
[0m
[INFO] RETRYING: Waiting for operator ibm-common-service-operator to be upgraded (76 left)
[33m[DEBUG] oc get subscription.operators.coreos.com -l operators.coreos.com/ibm-common-service-operator.cp2400='' -n cp2400 -o jsonpath='{.items[*].status.conditions}' -> 
[{"lastTransitionTime":"2025-05-17T00:53:34Z","message":"all available catalogsources are healthy","reason":"AllCatalogSourcesHealthy","status":"False","type":"CatalogSourcesUnhealthy"},{"lastTransitionTime":"2025-05-16T22:21:38Z","reason":"ReferencedInstallPlanNotFound","status":"True","type":"InstallPlanMissing"},{"message":"constraints not satisfiable: subscription ibm-bts-operator exists, no operators found from catalog ibm-bts-operator-catalog-v3-35-2 in namespace cp2400 referenced by subscription ibm-bts-operator","reason":"ConstraintsNotSatisfiable","status":"True","type":"ResolutionFailed"}]
[0m
[INFO] RETRYING: Waiting for operator ibm-common-service-operator to be upgraded (75 left)
[33m[DEBUG] oc get subscription.operators.coreos.com -l operators.coreos.com/ibm-common-service-operator.cp2400='' -n cp2400 -o jsonpath='{.items[*].status.conditions}' -> 
[{"lastTransitionTime":"2025-05-17T00:53:34Z","message":"all available catalogsources are healthy","reason":"AllCatalogSourcesHealthy","status":"False","type":"CatalogSourcesUnhealthy"},{"lastTransitionTime":"2025-05-16T22:21:38Z","reason":"ReferencedInstallPlanNotFound","status":"True","type":"InstallPlanMissing"},{"message":"constraints not satisfiable: subscription ibm-bts-operator exists, no operators found from catalog ibm-bts-operator-catalog-v3-35-2 in namespace cp2400 referenced by subscription ibm-bts-operator","reason":"ConstraintsNotSatisfiable","status":"True","type":"ResolutionFailed"}]
[0m
[INFO] RETRYING: Waiting for operator ibm-common-service-operator to be upgraded (74 left)
[33m[DEBUG] oc get subscription.operators.coreos.com -l operators.coreos.com/ibm-common-service-operator.cp2400='' -n cp2400 -o jsonpath='{.items[*].status.conditions}' -> 
[{"lastTransitionTime":"2025-05-17T00:53:34Z","message":"all available catalogsources are healthy","reason":"AllCatalogSourcesHealthy","status":"False","type":"CatalogSourcesUnhealthy"},{"lastTransitionTime":"2025-05-16T22:21:38Z","reason":"ReferencedInstallPlanNotFound","status":"True","type":"InstallPlanMissing"},{"message":"constraints not satisfiable: no operators found from catalog ibm-bts-operator-catalog-v3-35-2 in namespace cp2400 referenced by subscription ibm-bts-operator, subscription ibm-bts-operator exists","reason":"ConstraintsNotSatisfiable","status":"True","type":"ResolutionFailed"}]
[0m
[INFO] RETRYING: Waiting for operator ibm-common-service-operator to be upgraded (73 left)
[33m[DEBUG] oc get subscription.operators.coreos.com -l operators.coreos.com/ibm-common-service-operator.cp2400='' -n cp2400 -o jsonpath='{.items[*].status.conditions}' -> 
[{"lastTransitionTime":"2025-05-17T00:53:34Z","message":"all available catalogsources are healthy","reason":"AllCatalogSourcesHealthy","status":"False","type":"CatalogSourcesUnhealthy"},{"lastTransitionTime":"2025-05-16T22:21:38Z","reason":"ReferencedInstallPlanNotFound","status":"True","type":"InstallPlanMissing"},{"message":"constraints not satisfiable: no operators found from catalog ibm-bts-operator-catalog-v3-35-2 in namespace cp2400 referenced by subscription ibm-bts-operator, subscription ibm-bts-operator exists","reason":"ConstraintsNotSatisfiable","status":"True","type":"ResolutionFailed"}]
[0m
[INFO] RETRYING: Waiting for operator ibm-common-service-operator to be upgraded (72 left)
[33m[DEBUG] oc get subscription.operators.coreos.com -l operators.coreos.com/ibm-common-service-operator.cp2400='' -n cp2400 -o jsonpath='{.items[*].status.conditions}' -> 
[{"lastTransitionTime":"2025-05-17T00:53:34Z","message":"all available catalogsources are healthy","reason":"AllCatalogSourcesHealthy","status":"False","type":"CatalogSourcesUnhealthy"},{"lastTransitionTime":"2025-05-16T22:21:38Z","reason":"ReferencedInstallPlanNotFound","status":"True","type":"InstallPlanMissing"},{"message":"constraints not satisfiable: no operators found from catalog ibm-bts-operator-catalog-v3-35-2 in namespace cp2400 referenced by subscription ibm-bts-operator, subscription ibm-bts-operator exists","reason":"ConstraintsNotSatisfiable","status":"True","type":"ResolutionFailed"}]
[0m
[INFO] RETRYING: Waiting for operator ibm-common-service-operator to be upgraded (71 left)
[33m[DEBUG] oc get subscription.operators.coreos.com -l operators.coreos.com/ibm-common-service-operator.cp2400='' -n cp2400 -o jsonpath='{.items[*].status.conditions}' -> 
[{"lastTransitionTime":"2025-05-17T00:53:34Z","message":"all available catalogsources are healthy","reason":"AllCatalogSourcesHealthy","status":"False","type":"CatalogSourcesUnhealthy"},{"lastTransitionTime":"2025-05-16T22:21:38Z","reason":"ReferencedInstallPlanNotFound","status":"True","type":"InstallPlanMissing"},{"message":"constraints not satisfiable: no operators found from catalog ibm-bts-operator-catalog-v3-35-2 in namespace cp2400 referenced by subscription ibm-bts-operator, subscription ibm-bts-operator exists","reason":"ConstraintsNotSatisfiable","status":"True","type":"ResolutionFailed"}]
[0m
[INFO] RETRYING: Waiting for operator ibm-common-service-operator to be upgraded (70 left)
[33m[DEBUG] oc get subscription.operators.coreos.com -l operators.coreos.com/ibm-common-service-operator.cp2400='' -n cp2400 -o jsonpath='{.items[*].status.conditions}' -> 
[{"lastTransitionTime":"2025-05-17T00:53:34Z","message":"all available catalogsources are healthy","reason":"AllCatalogSourcesHealthy","status":"False","type":"CatalogSourcesUnhealthy"},{"lastTransitionTime":"2025-05-16T22:21:38Z","reason":"ReferencedInstallPlanNotFound","status":"True","type":"InstallPlanMissing"},{"message":"constraints not satisfiable: no operators found from catalog ibm-bts-operator-catalog-v3-35-2 in namespace cp2400 referenced by subscription ibm-bts-operator, subscription ibm-bts-operator exists","reason":"ConstraintsNotSatisfiable","status":"True","type":"ResolutionFailed"}]
[0m
[INFO] RETRYING: Waiting for operator ibm-common-service-operator to be upgraded (69 left)
[33m[DEBUG] oc get subscription.operators.coreos.com -l operators.coreos.com/ibm-common-service-operator.cp2400='' -n cp2400 -o jsonpath='{.items[*].status.conditions}' -> 
[{"lastTransitionTime":"2025-05-17T00:53:34Z","message":"all available catalogsources are healthy","reason":"AllCatalogSourcesHealthy","status":"False","type":"CatalogSourcesUnhealthy"},{"lastTransitionTime":"2025-05-16T22:21:38Z","reason":"ReferencedInstallPlanNotFound","status":"True","type":"InstallPlanMissing"},{"message":"constraints not satisfiable: subscription ibm-bts-operator exists, no operators found from catalog ibm-bts-operator-catalog-v3-35-2 in namespace cp2400 referenced by subscription ibm-bts-operator","reason":"ConstraintsNotSatisfiable","status":"True","type":"ResolutionFailed"}]
[0m
[INFO] RETRYING: Waiting for operator ibm-common-service-operator to be upgraded (68 left)
[33m[DEBUG] oc get subscription.operators.coreos.com -l operators.coreos.com/ibm-common-service-operator.cp2400='' -n cp2400 -o jsonpath='{.items[*].status.conditions}' -> 
[{"lastTransitionTime":"2025-05-17T00:53:34Z","message":"all available catalogsources are healthy","reason":"AllCatalogSourcesHealthy","status":"False","type":"CatalogSourcesUnhealthy"},{"lastTransitionTime":"2025-05-16T22:21:38Z","reason":"ReferencedInstallPlanNotFound","status":"True","type":"InstallPlanMissing"},{"message":"constraints not satisfiable: subscription ibm-bts-operator exists, no operators found from catalog ibm-bts-operator-catalog-v3-35-2 in namespace cp2400 referenced by subscription ibm-bts-operator","reason":"ConstraintsNotSatisfiable","status":"True","type":"ResolutionFailed"}]
[0m
[INFO] RETRYING: Waiting for operator ibm-common-service-operator to be upgraded (67 left)
[33m[DEBUG] oc get subscription.operators.coreos.com -l operators.coreos.com/ibm-common-service-operator.cp2400='' -n cp2400 -o jsonpath='{.items[*].status.conditions}' -> 
[{"lastTransitionTime":"2025-05-17T00:53:34Z","message":"all available catalogsources are healthy","reason":"AllCatalogSourcesHealthy","status":"False","type":"CatalogSourcesUnhealthy"},{"lastTransitionTime":"2025-05-16T22:21:38Z","reason":"ReferencedInstallPlanNotFound","status":"True","type":"InstallPlanMissing"},{"message":"constraints not satisfiable: subscription ibm-bts-operator exists, no operators found from catalog ibm-bts-operator-catalog-v3-35-2 in namespace cp2400 referenced by subscription ibm-bts-operator","reason":"ConstraintsNotSatisfiable","status":"True","type":"ResolutionFailed"}]
[0m
[INFO] RETRYING: Waiting for operator ibm-common-service-operator to be upgraded (66 left)
[33m[DEBUG] oc get subscription.operators.coreos.com -l operators.coreos.com/ibm-common-service-operator.cp2400='' -n cp2400 -o jsonpath='{.items[*].status.conditions}' -> 
[{"lastTransitionTime":"2025-05-17T00:53:34Z","message":"all available catalogsources are healthy","reason":"AllCatalogSourcesHealthy","status":"False","type":"CatalogSourcesUnhealthy"},{"lastTransitionTime":"2025-05-16T22:21:38Z","reason":"ReferencedInstallPlanNotFound","status":"True","type":"InstallPlanMissing"},{"message":"constraints not satisfiable: subscription ibm-bts-operator exists, no operators found from catalog ibm-bts-operator-catalog-v3-35-2 in namespace cp2400 referenced by subscription ibm-bts-operator","reason":"ConstraintsNotSatisfiable","status":"True","type":"ResolutionFailed"}]
[0m
[INFO] RETRYING: Waiting for operator ibm-common-service-operator to be upgraded (65 left)
[33m[DEBUG] oc get subscription.operators.coreos.com -l operators.coreos.com/ibm-common-service-operator.cp2400='' -n cp2400 -o jsonpath='{.items[*].status.conditions}' -> 
[{"lastTransitionTime":"2025-05-17T00:53:34Z","message":"all available catalogsources are healthy","reason":"AllCatalogSourcesHealthy","status":"False","type":"CatalogSourcesUnhealthy"},{"lastTransitionTime":"2025-05-16T22:21:38Z","reason":"ReferencedInstallPlanNotFound","status":"True","type":"InstallPlanMissing"},{"message":"constraints not satisfiable: subscription ibm-bts-operator exists, no operators found from catalog ibm-bts-operator-catalog-v3-35-2 in namespace cp2400 referenced by subscription ibm-bts-operator","reason":"ConstraintsNotSatisfiable","status":"True","type":"ResolutionFailed"}]
[0m
[INFO] RETRYING: Waiting for operator ibm-common-service-operator to be upgraded (64 left)
E0516 18:16:25.517774   69321 memcache.go:265] couldn't get current server API group list: Get "https://api.bvh.cp.fyre.ibm.com:6443/api?timeout=32s": net/http: TLS handshake timeout
E0516 18:16:25.545203   69321 memcache.go:265] couldn't get current server API group list: Get "https://api.bvh.cp.fyre.ibm.com:6443/api?timeout=32s": dial tcp: lookup api.bvh.cp.fyre.ibm.com: no such host
E0516 18:16:25.546408   69321 memcache.go:265] couldn't get current server API group list: Get "https://api.bvh.cp.fyre.ibm.com:6443/api?timeout=32s": dial tcp: lookup api.bvh.cp.fyre.ibm.com: no such host
E0516 18:16:25.547178   69321 memcache.go:265] couldn't get current server API group list: Get "https://api.bvh.cp.fyre.ibm.com:6443/api?timeout=32s": dial tcp: lookup api.bvh.cp.fyre.ibm.com: no such host
E0516 18:16:25.548240   69321 memcache.go:265] couldn't get current server API group list: Get "https://api.bvh.cp.fyre.ibm.com:6443/api?timeout=32s": dial tcp: lookup api.bvh.cp.fyre.ibm.com: no such host
Unable to connect to the server: dial tcp: lookup api.bvh.cp.fyre.ibm.com: no such host
E0516 19:00:06.681080   69575 memcache.go:265] couldn't get current server API group list: Get "https://api.bvh.cp.fyre.ibm.com:6443/api?timeout=32s": dial tcp: lookup api.bvh.cp.fyre.ibm.com: no such host
E0516 19:00:06.682366   69575 memcache.go:265] couldn't get current server API group list: Get "https://api.bvh.cp.fyre.ibm.com:6443/api?timeout=32s": dial tcp: lookup api.bvh.cp.fyre.ibm.com: no such host
E0516 19:00:06.683297   69575 memcache.go:265] couldn't get current server API group list: Get "https://api.bvh.cp.fyre.ibm.com:6443/api?timeout=32s": dial tcp: lookup api.bvh.cp.fyre.ibm.com: no such host
E0516 19:00:06.684177   69575 memcache.go:265] couldn't get current server API group list: Get "https://api.bvh.cp.fyre.ibm.com:6443/api?timeout=32s": dial tcp: lookup api.bvh.cp.fyre.ibm.com: no such host
E0516 19:00:06.684978   69575 memcache.go:265] couldn't get current server API group list: Get "https://api.bvh.cp.fyre.ibm.com:6443/api?timeout=32s": dial tcp: lookup api.bvh.cp.fyre.ibm.com: no such host
Unable to connect to the server: dial tcp: lookup api.bvh.cp.fyre.ibm.com: no such host
E0516 19:00:06.747079   69578 memcache.go:265] couldn't get current server API group list: Get "https://api.bvh.cp.fyre.ibm.com:6443/api?timeout=32s": dial tcp: lookup api.bvh.cp.fyre.ibm.com: no such host
E0516 19:00:06.747553   69578 memcache.go:265] couldn't get current server API group list: Get "https://api.bvh.cp.fyre.ibm.com:6443/api?timeout=32s": dial tcp: lookup api.bvh.cp.fyre.ibm.com: no such host
E0516 19:00:06.748807   69578 memcache.go:265] couldn't get current server API group list: Get "https://api.bvh.cp.fyre.ibm.com:6443/api?timeout=32s": dial tcp: lookup api.bvh.cp.fyre.ibm.com: no such host
E0516 19:00:06.749304   69578 memcache.go:265] couldn't get current server API group list: Get "https://api.bvh.cp.fyre.ibm.com:6443/api?timeout=32s": dial tcp: lookup api.bvh.cp.fyre.ibm.com: no such host
E0516 19:00:06.750493   69578 memcache.go:265] couldn't get current server API group list: Get "https://api.bvh.cp.fyre.ibm.com:6443/api?timeout=32s": dial tcp: lookup api.bvh.cp.fyre.ibm.com: no such host
Unable to connect to the server: dial tcp: lookup api.bvh.cp.fyre.ibm.com: no such host
[33m[DEBUG] oc get subscription.operators.coreos.com -l operators.coreos.com/ibm-common-service-operator.cp2400='' -n cp2400 -o jsonpath='{.items[*].status.conditions}' -> 

[0m
[INFO] RETRYING: Waiting for operator ibm-common-service-operator to be upgraded (63 left)
E0516 19:00:06.806013   69580 memcache.go:265] couldn't get current server API group list: Get "https://api.bvh.cp.fyre.ibm.com:6443/api?timeout=32s": dial tcp: lookup api.bvh.cp.fyre.ibm.com: no such host
E0516 19:00:06.806496   69580 memcache.go:265] couldn't get current server API group list: Get "https://api.bvh.cp.fyre.ibm.com:6443/api?timeout=32s": dial tcp: lookup api.bvh.cp.fyre.ibm.com: no such host
E0516 19:00:06.807753   69580 memcache.go:265] couldn't get current server API group list: Get "https://api.bvh.cp.fyre.ibm.com:6443/api?timeout=32s": dial tcp: lookup api.bvh.cp.fyre.ibm.com: no such host
E0516 19:00:06.808159   69580 memcache.go:265] couldn't get current server API group list: Get "https://api.bvh.cp.fyre.ibm.com:6443/api?timeout=32s": dial tcp: lookup api.bvh.cp.fyre.ibm.com: no such host
E0516 19:00:06.809468   69580 memcache.go:265] couldn't get current server API group list: Get "https://api.bvh.cp.fyre.ibm.com:6443/api?timeout=32s": dial tcp: lookup api.bvh.cp.fyre.ibm.com: no such host
Unable to connect to the server: dial tcp: lookup api.bvh.cp.fyre.ibm.com: no such host
E0516 19:01:47.091273   69669 memcache.go:265] couldn't get current server API group list: Get "https://api.bvh.cp.fyre.ibm.com:6443/api?timeout=32s": dial tcp: lookup api.bvh.cp.fyre.ibm.com: no such host
E0516 19:01:47.091765   69669 memcache.go:265] couldn't get current server API group list: Get "https://api.bvh.cp.fyre.ibm.com:6443/api?timeout=32s": dial tcp: lookup api.bvh.cp.fyre.ibm.com: no such host
E0516 19:01:47.092815   69669 memcache.go:265] couldn't get current server API group list: Get "https://api.bvh.cp.fyre.ibm.com:6443/api?timeout=32s": dial tcp: lookup api.bvh.cp.fyre.ibm.com: no such host
E0516 19:01:47.093161   69669 memcache.go:265] couldn't get current server API group list: Get "https://api.bvh.cp.fyre.ibm.com:6443/api?timeout=32s": dial tcp: lookup api.bvh.cp.fyre.ibm.com: no such host
E0516 19:01:47.094435   69669 memcache.go:265] couldn't get current server API group list: Get "https://api.bvh.cp.fyre.ibm.com:6443/api?timeout=32s": dial tcp: lookup api.bvh.cp.fyre.ibm.com: no such host
Unable to connect to the server: dial tcp: lookup api.bvh.cp.fyre.ibm.com: no such host
E0516 19:01:47.148919   69672 memcache.go:265] couldn't get current server API group list: Get "https://api.bvh.cp.fyre.ibm.com:6443/api?timeout=32s": dial tcp: lookup api.bvh.cp.fyre.ibm.com: no such host
E0516 19:01:47.149504   69672 memcache.go:265] couldn't get current server API group list: Get "https://api.bvh.cp.fyre.ibm.com:6443/api?timeout=32s": dial tcp: lookup api.bvh.cp.fyre.ibm.com: no such host
E0516 19:01:47.150617   69672 memcache.go:265] couldn't get current server API group list: Get "https://api.bvh.cp.fyre.ibm.com:6443/api?timeout=32s": dial tcp: lookup api.bvh.cp.fyre.ibm.com: no such host
E0516 19:01:47.151087   69672 memcache.go:265] couldn't get current server API group list: Get "https://api.bvh.cp.fyre.ibm.com:6443/api?timeout=32s": dial tcp: lookup api.bvh.cp.fyre.ibm.com: no such host
E0516 19:01:47.152388   69672 memcache.go:265] couldn't get current server API group list: Get "https://api.bvh.cp.fyre.ibm.com:6443/api?timeout=32s": dial tcp: lookup api.bvh.cp.fyre.ibm.com: no such host
Unable to connect to the server: dial tcp: lookup api.bvh.cp.fyre.ibm.com: no such host
[33m[DEBUG] oc get subscription.operators.coreos.com -l operators.coreos.com/ibm-common-service-operator.cp2400='' -n cp2400 -o jsonpath='{.items[*].status.conditions}' -> 

[0m
[INFO] RETRYING: Waiting for operator ibm-common-service-operator to be upgraded (62 left)
E0516 19:01:47.207816   69675 memcache.go:265] couldn't get current server API group list: Get "https://api.bvh.cp.fyre.ibm.com:6443/api?timeout=32s": dial tcp: lookup api.bvh.cp.fyre.ibm.com: no such host
E0516 19:01:47.208591   69675 memcache.go:265] couldn't get current server API group list: Get "https://api.bvh.cp.fyre.ibm.com:6443/api?timeout=32s": dial tcp: lookup api.bvh.cp.fyre.ibm.com: no such host
E0516 19:01:47.209558   69675 memcache.go:265] couldn't get current server API group list: Get "https://api.bvh.cp.fyre.ibm.com:6443/api?timeout=32s": dial tcp: lookup api.bvh.cp.fyre.ibm.com: no such host
E0516 19:01:47.210058   69675 memcache.go:265] couldn't get current server API group list: Get "https://api.bvh.cp.fyre.ibm.com:6443/api?timeout=32s": dial tcp: lookup api.bvh.cp.fyre.ibm.com: no such host
E0516 19:01:47.211381   69675 memcache.go:265] couldn't get current server API group list: Get "https://api.bvh.cp.fyre.ibm.com:6443/api?timeout=32s": dial tcp: lookup api.bvh.cp.fyre.ibm.com: no such host
Unable to connect to the server: dial tcp: lookup api.bvh.cp.fyre.ibm.com: no such host
E0516 19:17:26.598700   69780 memcache.go:265] couldn't get current server API group list: Get "https://api.bvh.cp.fyre.ibm.com:6443/api?timeout=32s": dial tcp: lookup api.bvh.cp.fyre.ibm.com: no such host
E0516 19:17:26.599183   69780 memcache.go:265] couldn't get current server API group list: Get "https://api.bvh.cp.fyre.ibm.com:6443/api?timeout=32s": dial tcp: lookup api.bvh.cp.fyre.ibm.com: no such host
E0516 19:17:26.600260   69780 memcache.go:265] couldn't get current server API group list: Get "https://api.bvh.cp.fyre.ibm.com:6443/api?timeout=32s": dial tcp: lookup api.bvh.cp.fyre.ibm.com: no such host
E0516 19:17:26.600583   69780 memcache.go:265] couldn't get current server API group list: Get "https://api.bvh.cp.fyre.ibm.com:6443/api?timeout=32s": dial tcp: lookup api.bvh.cp.fyre.ibm.com: no such host
E0516 19:17:26.601853   69780 memcache.go:265] couldn't get current server API group list: Get "https://api.bvh.cp.fyre.ibm.com:6443/api?timeout=32s": dial tcp: lookup api.bvh.cp.fyre.ibm.com: no such host
Unable to connect to the server: dial tcp: lookup api.bvh.cp.fyre.ibm.com: no such host
E0516 19:17:26.658832   69795 memcache.go:265] couldn't get current server API group list: Get "https://api.bvh.cp.fyre.ibm.com:6443/api?timeout=32s": dial tcp: lookup api.bvh.cp.fyre.ibm.com: no such host
E0516 19:17:26.659344   69795 memcache.go:265] couldn't get current server API group list: Get "https://api.bvh.cp.fyre.ibm.com:6443/api?timeout=32s": dial tcp: lookup api.bvh.cp.fyre.ibm.com: no such host
E0516 19:17:26.660428   69795 memcache.go:265] couldn't get current server API group list: Get "https://api.bvh.cp.fyre.ibm.com:6443/api?timeout=32s": dial tcp: lookup api.bvh.cp.fyre.ibm.com: no such host
E0516 19:17:26.660849   69795 memcache.go:265] couldn't get current server API group list: Get "https://api.bvh.cp.fyre.ibm.com:6443/api?timeout=32s": dial tcp: lookup api.bvh.cp.fyre.ibm.com: no such host
E0516 19:17:26.662002   69795 memcache.go:265] couldn't get current server API group list: Get "https://api.bvh.cp.fyre.ibm.com:6443/api?timeout=32s": dial tcp: lookup api.bvh.cp.fyre.ibm.com: no such host
Unable to connect to the server: dial tcp: lookup api.bvh.cp.fyre.ibm.com: no such host
[33m[DEBUG] oc get subscription.operators.coreos.com -l operators.coreos.com/ibm-common-service-operator.cp2400='' -n cp2400 -o jsonpath='{.items[*].status.conditions}' -> 

[0m
[INFO] RETRYING: Waiting for operator ibm-common-service-operator to be upgraded (61 left)
E0516 19:17:26.718099   69797 memcache.go:265] couldn't get current server API group list: Get "https://api.bvh.cp.fyre.ibm.com:6443/api?timeout=32s": dial tcp: lookup api.bvh.cp.fyre.ibm.com: no such host
E0516 19:17:26.718572   69797 memcache.go:265] couldn't get current server API group list: Get "https://api.bvh.cp.fyre.ibm.com:6443/api?timeout=32s": dial tcp: lookup api.bvh.cp.fyre.ibm.com: no such host
E0516 19:17:26.719686   69797 memcache.go:265] couldn't get current server API group list: Get "https://api.bvh.cp.fyre.ibm.com:6443/api?timeout=32s": dial tcp: lookup api.bvh.cp.fyre.ibm.com: no such host
E0516 19:17:26.720315   69797 memcache.go:265] couldn't get current server API group list: Get "https://api.bvh.cp.fyre.ibm.com:6443/api?timeout=32s": dial tcp: lookup api.bvh.cp.fyre.ibm.com: no such host
E0516 19:17:26.721300   69797 memcache.go:265] couldn't get current server API group list: Get "https://api.bvh.cp.fyre.ibm.com:6443/api?timeout=32s": dial tcp: lookup api.bvh.cp.fyre.ibm.com: no such host
Unable to connect to the server: dial tcp: lookup api.bvh.cp.fyre.ibm.com: no such host
E0516 19:17:46.868670   69864 memcache.go:265] couldn't get current server API group list: Get "https://api.bvh.cp.fyre.ibm.com:6443/api?timeout=32s": dial tcp: lookup api.bvh.cp.fyre.ibm.com: no such host
E0516 19:17:46.869172   69864 memcache.go:265] couldn't get current server API group list: Get "https://api.bvh.cp.fyre.ibm.com:6443/api?timeout=32s": dial tcp: lookup api.bvh.cp.fyre.ibm.com: no such host
E0516 19:17:46.870255   69864 memcache.go:265] couldn't get current server API group list: Get "https://api.bvh.cp.fyre.ibm.com:6443/api?timeout=32s": dial tcp: lookup api.bvh.cp.fyre.ibm.com: no such host
E0516 19:17:46.870641   69864 memcache.go:265] couldn't get current server API group list: Get "https://api.bvh.cp.fyre.ibm.com:6443/api?timeout=32s": dial tcp: lookup api.bvh.cp.fyre.ibm.com: no such host
E0516 19:17:46.871910   69864 memcache.go:265] couldn't get current server API group list: Get "https://api.bvh.cp.fyre.ibm.com:6443/api?timeout=32s": dial tcp: lookup api.bvh.cp.fyre.ibm.com: no such host
Unable to connect to the server: dial tcp: lookup api.bvh.cp.fyre.ibm.com: no such host
E0516 19:17:46.926816   69867 memcache.go:265] couldn't get current server API group list: Get "https://api.bvh.cp.fyre.ibm.com:6443/api?timeout=32s": dial tcp: lookup api.bvh.cp.fyre.ibm.com: no such host
E0516 19:17:46.927247   69867 memcache.go:265] couldn't get current server API group list: Get "https://api.bvh.cp.fyre.ibm.com:6443/api?timeout=32s": dial tcp: lookup api.bvh.cp.fyre.ibm.com: no such host
E0516 19:17:46.928528   69867 memcache.go:265] couldn't get current server API group list: Get "https://api.bvh.cp.fyre.ibm.com:6443/api?timeout=32s": dial tcp: lookup api.bvh.cp.fyre.ibm.com: no such host
E0516 19:17:46.928928   69867 memcache.go:265] couldn't get current server API group list: Get "https://api.bvh.cp.fyre.ibm.com:6443/api?timeout=32s": dial tcp: lookup api.bvh.cp.fyre.ibm.com: no such host
E0516 19:17:46.930256   69867 memcache.go:265] couldn't get current server API group list: Get "https://api.bvh.cp.fyre.ibm.com:6443/api?timeout=32s": dial tcp: lookup api.bvh.cp.fyre.ibm.com: no such host
Unable to connect to the server: dial tcp: lookup api.bvh.cp.fyre.ibm.com: no such host
[33m[DEBUG] oc get subscription.operators.coreos.com -l operators.coreos.com/ibm-common-service-operator.cp2400='' -n cp2400 -o jsonpath='{.items[*].status.conditions}' -> 

[0m
[INFO] RETRYING: Waiting for operator ibm-common-service-operator to be upgraded (60 left)
E0516 19:17:46.985265   69869 memcache.go:265] couldn't get current server API group list: Get "https://api.bvh.cp.fyre.ibm.com:6443/api?timeout=32s": dial tcp: lookup api.bvh.cp.fyre.ibm.com: no such host
E0516 19:17:46.985766   69869 memcache.go:265] couldn't get current server API group list: Get "https://api.bvh.cp.fyre.ibm.com:6443/api?timeout=32s": dial tcp: lookup api.bvh.cp.fyre.ibm.com: no such host
E0516 19:17:46.986896   69869 memcache.go:265] couldn't get current server API group list: Get "https://api.bvh.cp.fyre.ibm.com:6443/api?timeout=32s": dial tcp: lookup api.bvh.cp.fyre.ibm.com: no such host
E0516 19:17:46.987419   69869 memcache.go:265] couldn't get current server API group list: Get "https://api.bvh.cp.fyre.ibm.com:6443/api?timeout=32s": dial tcp: lookup api.bvh.cp.fyre.ibm.com: no such host
E0516 19:17:46.988511   69869 memcache.go:265] couldn't get current server API group list: Get "https://api.bvh.cp.fyre.ibm.com:6443/api?timeout=32s": dial tcp: lookup api.bvh.cp.fyre.ibm.com: no such host
Unable to connect to the server: dial tcp: lookup api.bvh.cp.fyre.ibm.com: no such host
E0516 19:33:54.089015   70009 memcache.go:265] couldn't get current server API group list: Get "https://api.bvh.cp.fyre.ibm.com:6443/api?timeout=32s": dial tcp: lookup api.bvh.cp.fyre.ibm.com: no such host
E0516 19:33:54.089693   70009 memcache.go:265] couldn't get current server API group list: Get "https://api.bvh.cp.fyre.ibm.com:6443/api?timeout=32s": dial tcp: lookup api.bvh.cp.fyre.ibm.com: no such host
E0516 19:33:54.090570   70009 memcache.go:265] couldn't get current server API group list: Get "https://api.bvh.cp.fyre.ibm.com:6443/api?timeout=32s": dial tcp: lookup api.bvh.cp.fyre.ibm.com: no such host
E0516 19:33:54.091157   70009 memcache.go:265] couldn't get current server API group list: Get "https://api.bvh.cp.fyre.ibm.com:6443/api?timeout=32s": dial tcp: lookup api.bvh.cp.fyre.ibm.com: no such host
E0516 19:33:54.092082   70009 memcache.go:265] couldn't get current server API group list: Get "https://api.bvh.cp.fyre.ibm.com:6443/api?timeout=32s": dial tcp: lookup api.bvh.cp.fyre.ibm.com: no such host
Unable to connect to the server: dial tcp: lookup api.bvh.cp.fyre.ibm.com: no such host
E0516 19:33:54.151299   70012 memcache.go:265] couldn't get current server API group list: Get "https://api.bvh.cp.fyre.ibm.com:6443/api?timeout=32s": dial tcp: lookup api.bvh.cp.fyre.ibm.com: no such host
E0516 19:33:54.152057   70012 memcache.go:265] couldn't get current server API group list: Get "https://api.bvh.cp.fyre.ibm.com:6443/api?timeout=32s": dial tcp: lookup api.bvh.cp.fyre.ibm.com: no such host
E0516 19:33:54.152869   70012 memcache.go:265] couldn't get current server API group list: Get "https://api.bvh.cp.fyre.ibm.com:6443/api?timeout=32s": dial tcp: lookup api.bvh.cp.fyre.ibm.com: no such host
E0516 19:33:54.153530   70012 memcache.go:265] couldn't get current server API group list: Get "https://api.bvh.cp.fyre.ibm.com:6443/api?timeout=32s": dial tcp: lookup api.bvh.cp.fyre.ibm.com: no such host
E0516 19:33:54.154413   70012 memcache.go:265] couldn't get current server API group list: Get "https://api.bvh.cp.fyre.ibm.com:6443/api?timeout=32s": dial tcp: lookup api.bvh.cp.fyre.ibm.com: no such host
Unable to connect to the server: dial tcp: lookup api.bvh.cp.fyre.ibm.com: no such host
[33m[DEBUG] oc get subscription.operators.coreos.com -l operators.coreos.com/ibm-common-service-operator.cp2400='' -n cp2400 -o jsonpath='{.items[*].status.conditions}' -> 

[0m
[INFO] RETRYING: Waiting for operator ibm-common-service-operator to be upgraded (59 left)
E0516 19:33:54.209414   70014 memcache.go:265] couldn't get current server API group list: Get "https://api.bvh.cp.fyre.ibm.com:6443/api?timeout=32s": dial tcp: lookup api.bvh.cp.fyre.ibm.com: no such host
E0516 19:33:54.209855   70014 memcache.go:265] couldn't get current server API group list: Get "https://api.bvh.cp.fyre.ibm.com:6443/api?timeout=32s": dial tcp: lookup api.bvh.cp.fyre.ibm.com: no such host
E0516 19:33:54.211042   70014 memcache.go:265] couldn't get current server API group list: Get "https://api.bvh.cp.fyre.ibm.com:6443/api?timeout=32s": dial tcp: lookup api.bvh.cp.fyre.ibm.com: no such host
E0516 19:33:54.211446   70014 memcache.go:265] couldn't get current server API group list: Get "https://api.bvh.cp.fyre.ibm.com:6443/api?timeout=32s": dial tcp: lookup api.bvh.cp.fyre.ibm.com: no such host
E0516 19:33:54.212646   70014 memcache.go:265] couldn't get current server API group list: Get "https://api.bvh.cp.fyre.ibm.com:6443/api?timeout=32s": dial tcp: lookup api.bvh.cp.fyre.ibm.com: no such host
Unable to connect to the server: dial tcp: lookup api.bvh.cp.fyre.ibm.com: no such host
E0516 19:37:49.906166   70069 memcache.go:265] couldn't get current server API group list: Get "https://api.bvh.cp.fyre.ibm.com:6443/api?timeout=32s": dial tcp: lookup api.bvh.cp.fyre.ibm.com: no such host
E0516 19:37:49.906676   70069 memcache.go:265] couldn't get current server API group list: Get "https://api.bvh.cp.fyre.ibm.com:6443/api?timeout=32s": dial tcp: lookup api.bvh.cp.fyre.ibm.com: no such host
E0516 19:37:49.907807   70069 memcache.go:265] couldn't get current server API group list: Get "https://api.bvh.cp.fyre.ibm.com:6443/api?timeout=32s": dial tcp: lookup api.bvh.cp.fyre.ibm.com: no such host
E0516 19:37:49.908254   70069 memcache.go:265] couldn't get current server API group list: Get "https://api.bvh.cp.fyre.ibm.com:6443/api?timeout=32s": dial tcp: lookup api.bvh.cp.fyre.ibm.com: no such host
E0516 19:37:49.909402   70069 memcache.go:265] couldn't get current server API group list: Get "https://api.bvh.cp.fyre.ibm.com:6443/api?timeout=32s": dial tcp: lookup api.bvh.cp.fyre.ibm.com: no such host
Unable to connect to the server: dial tcp: lookup api.bvh.cp.fyre.ibm.com: no such host
E0516 19:37:49.963230   70072 memcache.go:265] couldn't get current server API group list: Get "https://api.bvh.cp.fyre.ibm.com:6443/api?timeout=32s": dial tcp: lookup api.bvh.cp.fyre.ibm.com: no such host
E0516 19:37:49.963721   70072 memcache.go:265] couldn't get current server API group list: Get "https://api.bvh.cp.fyre.ibm.com:6443/api?timeout=32s": dial tcp: lookup api.bvh.cp.fyre.ibm.com: no such host
E0516 19:37:49.964840   70072 memcache.go:265] couldn't get current server API group list: Get "https://api.bvh.cp.fyre.ibm.com:6443/api?timeout=32s": dial tcp: lookup api.bvh.cp.fyre.ibm.com: no such host
E0516 19:37:49.965265   70072 memcache.go:265] couldn't get current server API group list: Get "https://api.bvh.cp.fyre.ibm.com:6443/api?timeout=32s": dial tcp: lookup api.bvh.cp.fyre.ibm.com: no such host
E0516 19:37:49.966407   70072 memcache.go:265] couldn't get current server API group list: Get "https://api.bvh.cp.fyre.ibm.com:6443/api?timeout=32s": dial tcp: lookup api.bvh.cp.fyre.ibm.com: no such host
Unable to connect to the server: dial tcp: lookup api.bvh.cp.fyre.ibm.com: no such host
[33m[DEBUG] oc get subscription.operators.coreos.com -l operators.coreos.com/ibm-common-service-operator.cp2400='' -n cp2400 -o jsonpath='{.items[*].status.conditions}' -> 

[0m
[INFO] RETRYING: Waiting for operator ibm-common-service-operator to be upgraded (58 left)
E0516 19:37:50.020627   70074 memcache.go:265] couldn't get current server API group list: Get "https://api.bvh.cp.fyre.ibm.com:6443/api?timeout=32s": dial tcp: lookup api.bvh.cp.fyre.ibm.com: no such host
E0516 19:37:50.021091   70074 memcache.go:265] couldn't get current server API group list: Get "https://api.bvh.cp.fyre.ibm.com:6443/api?timeout=32s": dial tcp: lookup api.bvh.cp.fyre.ibm.com: no such host
E0516 19:37:50.022226   70074 memcache.go:265] couldn't get current server API group list: Get "https://api.bvh.cp.fyre.ibm.com:6443/api?timeout=32s": dial tcp: lookup api.bvh.cp.fyre.ibm.com: no such host
E0516 19:37:50.022606   70074 memcache.go:265] couldn't get current server API group list: Get "https://api.bvh.cp.fyre.ibm.com:6443/api?timeout=32s": dial tcp: lookup api.bvh.cp.fyre.ibm.com: no such host
E0516 19:37:50.023840   70074 memcache.go:265] couldn't get current server API group list: Get "https://api.bvh.cp.fyre.ibm.com:6443/api?timeout=32s": dial tcp: lookup api.bvh.cp.fyre.ibm.com: no such host
Unable to connect to the server: dial tcp: lookup api.bvh.cp.fyre.ibm.com: no such host
E0516 19:40:35.099506   70138 memcache.go:265] couldn't get current server API group list: Get "https://api.bvh.cp.fyre.ibm.com:6443/api?timeout=32s": dial tcp: lookup api.bvh.cp.fyre.ibm.com: no such host
E0516 19:40:35.099897   70138 memcache.go:265] couldn't get current server API group list: Get "https://api.bvh.cp.fyre.ibm.com:6443/api?timeout=32s": dial tcp: lookup api.bvh.cp.fyre.ibm.com: no such host
E0516 19:40:35.101196   70138 memcache.go:265] couldn't get current server API group list: Get "https://api.bvh.cp.fyre.ibm.com:6443/api?timeout=32s": dial tcp: lookup api.bvh.cp.fyre.ibm.com: no such host
E0516 19:40:35.101582   70138 memcache.go:265] couldn't get current server API group list: Get "https://api.bvh.cp.fyre.ibm.com:6443/api?timeout=32s": dial tcp: lookup api.bvh.cp.fyre.ibm.com: no such host
E0516 19:40:35.102769   70138 memcache.go:265] couldn't get current server API group list: Get "https://api.bvh.cp.fyre.ibm.com:6443/api?timeout=32s": dial tcp: lookup api.bvh.cp.fyre.ibm.com: no such host
Unable to connect to the server: dial tcp: lookup api.bvh.cp.fyre.ibm.com: no such host
E0516 19:40:35.158370   70141 memcache.go:265] couldn't get current server API group list: Get "https://api.bvh.cp.fyre.ibm.com:6443/api?timeout=32s": dial tcp: lookup api.bvh.cp.fyre.ibm.com: no such host
E0516 19:40:35.158926   70141 memcache.go:265] couldn't get current server API group list: Get "https://api.bvh.cp.fyre.ibm.com:6443/api?timeout=32s": dial tcp: lookup api.bvh.cp.fyre.ibm.com: no such host
E0516 19:40:35.160031   70141 memcache.go:265] couldn't get current server API group list: Get "https://api.bvh.cp.fyre.ibm.com:6443/api?timeout=32s": dial tcp: lookup api.bvh.cp.fyre.ibm.com: no such host
E0516 19:40:35.160432   70141 memcache.go:265] couldn't get current server API group list: Get "https://api.bvh.cp.fyre.ibm.com:6443/api?timeout=32s": dial tcp: lookup api.bvh.cp.fyre.ibm.com: no such host
E0516 19:40:35.161733   70141 memcache.go:265] couldn't get current server API group list: Get "https://api.bvh.cp.fyre.ibm.com:6443/api?timeout=32s": dial tcp: lookup api.bvh.cp.fyre.ibm.com: no such host
Unable to connect to the server: dial tcp: lookup api.bvh.cp.fyre.ibm.com: no such host
[33m[DEBUG] oc get subscription.operators.coreos.com -l operators.coreos.com/ibm-common-service-operator.cp2400='' -n cp2400 -o jsonpath='{.items[*].status.conditions}' -> 

[0m
[INFO] RETRYING: Waiting for operator ibm-common-service-operator to be upgraded (57 left)
E0516 19:40:35.216554   70143 memcache.go:265] couldn't get current server API group list: Get "https://api.bvh.cp.fyre.ibm.com:6443/api?timeout=32s": dial tcp: lookup api.bvh.cp.fyre.ibm.com: no such host
E0516 19:40:35.217023   70143 memcache.go:265] couldn't get current server API group list: Get "https://api.bvh.cp.fyre.ibm.com:6443/api?timeout=32s": dial tcp: lookup api.bvh.cp.fyre.ibm.com: no such host
E0516 19:40:35.218148   70143 memcache.go:265] couldn't get current server API group list: Get "https://api.bvh.cp.fyre.ibm.com:6443/api?timeout=32s": dial tcp: lookup api.bvh.cp.fyre.ibm.com: no such host
E0516 19:40:35.218541   70143 memcache.go:265] couldn't get current server API group list: Get "https://api.bvh.cp.fyre.ibm.com:6443/api?timeout=32s": dial tcp: lookup api.bvh.cp.fyre.ibm.com: no such host
E0516 19:40:35.219735   70143 memcache.go:265] couldn't get current server API group list: Get "https://api.bvh.cp.fyre.ibm.com:6443/api?timeout=32s": dial tcp: lookup api.bvh.cp.fyre.ibm.com: no such host
Unable to connect to the server: dial tcp: lookup api.bvh.cp.fyre.ibm.com: no such host
E0516 19:56:00.597840   70249 memcache.go:265] couldn't get current server API group list: Get "https://api.bvh.cp.fyre.ibm.com:6443/api?timeout=32s": dial tcp: lookup api.bvh.cp.fyre.ibm.com: no such host
E0516 19:56:00.598933   70249 memcache.go:265] couldn't get current server API group list: Get "https://api.bvh.cp.fyre.ibm.com:6443/api?timeout=32s": dial tcp: lookup api.bvh.cp.fyre.ibm.com: no such host
E0516 19:56:00.599982   70249 memcache.go:265] couldn't get current server API group list: Get "https://api.bvh.cp.fyre.ibm.com:6443/api?timeout=32s": dial tcp: lookup api.bvh.cp.fyre.ibm.com: no such host
E0516 19:56:00.600647   70249 memcache.go:265] couldn't get current server API group list: Get "https://api.bvh.cp.fyre.ibm.com:6443/api?timeout=32s": dial tcp: lookup api.bvh.cp.fyre.ibm.com: no such host
E0516 19:56:00.601629   70249 memcache.go:265] couldn't get current server API group list: Get "https://api.bvh.cp.fyre.ibm.com:6443/api?timeout=32s": dial tcp: lookup api.bvh.cp.fyre.ibm.com: no such host
Unable to connect to the server: dial tcp: lookup api.bvh.cp.fyre.ibm.com: no such host
E0516 19:56:00.657485   70252 memcache.go:265] couldn't get current server API group list: Get "https://api.bvh.cp.fyre.ibm.com:6443/api?timeout=32s": dial tcp: lookup api.bvh.cp.fyre.ibm.com: no such host
E0516 19:56:00.658627   70252 memcache.go:265] couldn't get current server API group list: Get "https://api.bvh.cp.fyre.ibm.com:6443/api?timeout=32s": dial tcp: lookup api.bvh.cp.fyre.ibm.com: no such host
E0516 19:56:00.659281   70252 memcache.go:265] couldn't get current server API group list: Get "https://api.bvh.cp.fyre.ibm.com:6443/api?timeout=32s": dial tcp: lookup api.bvh.cp.fyre.ibm.com: no such host
E0516 19:56:00.660164   70252 memcache.go:265] couldn't get current server API group list: Get "https://api.bvh.cp.fyre.ibm.com:6443/api?timeout=32s": dial tcp: lookup api.bvh.cp.fyre.ibm.com: no such host
E0516 19:56:00.660760   70252 memcache.go:265] couldn't get current server API group list: Get "https://api.bvh.cp.fyre.ibm.com:6443/api?timeout=32s": dial tcp: lookup api.bvh.cp.fyre.ibm.com: no such host
Unable to connect to the server: dial tcp: lookup api.bvh.cp.fyre.ibm.com: no such host
[33m[DEBUG] oc get subscription.operators.coreos.com -l operators.coreos.com/ibm-common-service-operator.cp2400='' -n cp2400 -o jsonpath='{.items[*].status.conditions}' -> 

[0m
[INFO] RETRYING: Waiting for operator ibm-common-service-operator to be upgraded (56 left)
E0516 19:56:00.723652   70254 memcache.go:265] couldn't get current server API group list: Get "https://api.bvh.cp.fyre.ibm.com:6443/api?timeout=32s": dial tcp: lookup api.bvh.cp.fyre.ibm.com: no such host
E0516 19:56:00.724252   70254 memcache.go:265] couldn't get current server API group list: Get "https://api.bvh.cp.fyre.ibm.com:6443/api?timeout=32s": dial tcp: lookup api.bvh.cp.fyre.ibm.com: no such host
E0516 19:56:00.725497   70254 memcache.go:265] couldn't get current server API group list: Get "https://api.bvh.cp.fyre.ibm.com:6443/api?timeout=32s": dial tcp: lookup api.bvh.cp.fyre.ibm.com: no such host
E0516 19:56:00.725961   70254 memcache.go:265] couldn't get current server API group list: Get "https://api.bvh.cp.fyre.ibm.com:6443/api?timeout=32s": dial tcp: lookup api.bvh.cp.fyre.ibm.com: no such host
E0516 19:56:00.727090   70254 memcache.go:265] couldn't get current server API group list: Get "https://api.bvh.cp.fyre.ibm.com:6443/api?timeout=32s": dial tcp: lookup api.bvh.cp.fyre.ibm.com: no such host
Unable to connect to the server: dial tcp: lookup api.bvh.cp.fyre.ibm.com: no such host
E0516 20:04:59.199725   70346 memcache.go:265] couldn't get current server API group list: Get "https://api.bvh.cp.fyre.ibm.com:6443/api?timeout=32s": dial tcp: lookup api.bvh.cp.fyre.ibm.com: no such host
E0516 20:04:59.200580   70346 memcache.go:265] couldn't get current server API group list: Get "https://api.bvh.cp.fyre.ibm.com:6443/api?timeout=32s": dial tcp: lookup api.bvh.cp.fyre.ibm.com: no such host
E0516 20:04:59.201639   70346 memcache.go:265] couldn't get current server API group list: Get "https://api.bvh.cp.fyre.ibm.com:6443/api?timeout=32s": dial tcp: lookup api.bvh.cp.fyre.ibm.com: no such host
E0516 20:04:59.202023   70346 memcache.go:265] couldn't get current server API group list: Get "https://api.bvh.cp.fyre.ibm.com:6443/api?timeout=32s": dial tcp: lookup api.bvh.cp.fyre.ibm.com: no such host
E0516 20:04:59.203249   70346 memcache.go:265] couldn't get current server API group list: Get "https://api.bvh.cp.fyre.ibm.com:6443/api?timeout=32s": dial tcp: lookup api.bvh.cp.fyre.ibm.com: no such host
Unable to connect to the server: dial tcp: lookup api.bvh.cp.fyre.ibm.com: no such host
E0516 20:04:59.261086   70350 memcache.go:265] couldn't get current server API group list: Get "https://api.bvh.cp.fyre.ibm.com:6443/api?timeout=32s": dial tcp: lookup api.bvh.cp.fyre.ibm.com: no such host
E0516 20:04:59.261532   70350 memcache.go:265] couldn't get current server API group list: Get "https://api.bvh.cp.fyre.ibm.com:6443/api?timeout=32s": dial tcp: lookup api.bvh.cp.fyre.ibm.com: no such host
E0516 20:04:59.262672   70350 memcache.go:265] couldn't get current server API group list: Get "https://api.bvh.cp.fyre.ibm.com:6443/api?timeout=32s": dial tcp: lookup api.bvh.cp.fyre.ibm.com: no such host
E0516 20:04:59.263088   70350 memcache.go:265] couldn't get current server API group list: Get "https://api.bvh.cp.fyre.ibm.com:6443/api?timeout=32s": dial tcp: lookup api.bvh.cp.fyre.ibm.com: no such host
E0516 20:04:59.264336   70350 memcache.go:265] couldn't get current server API group list: Get "https://api.bvh.cp.fyre.ibm.com:6443/api?timeout=32s": dial tcp: lookup api.bvh.cp.fyre.ibm.com: no such host
Unable to connect to the server: dial tcp: lookup api.bvh.cp.fyre.ibm.com: no such host
[33m[DEBUG] oc get subscription.operators.coreos.com -l operators.coreos.com/ibm-common-service-operator.cp2400='' -n cp2400 -o jsonpath='{.items[*].status.conditions}' -> 

[0m
[INFO] RETRYING: Waiting for operator ibm-common-service-operator to be upgraded (55 left)
E0516 20:04:59.319323   70352 memcache.go:265] couldn't get current server API group list: Get "https://api.bvh.cp.fyre.ibm.com:6443/api?timeout=32s": dial tcp: lookup api.bvh.cp.fyre.ibm.com: no such host
E0516 20:04:59.319803   70352 memcache.go:265] couldn't get current server API group list: Get "https://api.bvh.cp.fyre.ibm.com:6443/api?timeout=32s": dial tcp: lookup api.bvh.cp.fyre.ibm.com: no such host
E0516 20:04:59.320956   70352 memcache.go:265] couldn't get current server API group list: Get "https://api.bvh.cp.fyre.ibm.com:6443/api?timeout=32s": dial tcp: lookup api.bvh.cp.fyre.ibm.com: no such host
E0516 20:04:59.321306   70352 memcache.go:265] couldn't get current server API group list: Get "https://api.bvh.cp.fyre.ibm.com:6443/api?timeout=32s": dial tcp: lookup api.bvh.cp.fyre.ibm.com: no such host
E0516 20:04:59.322545   70352 memcache.go:265] couldn't get current server API group list: Get "https://api.bvh.cp.fyre.ibm.com:6443/api?timeout=32s": dial tcp: lookup api.bvh.cp.fyre.ibm.com: no such host
Unable to connect to the server: dial tcp: lookup api.bvh.cp.fyre.ibm.com: no such host
E0516 20:17:42.198682   70443 memcache.go:265] couldn't get current server API group list: Get "https://api.bvh.cp.fyre.ibm.com:6443/api?timeout=32s": dial tcp: lookup api.bvh.cp.fyre.ibm.com: no such host
E0516 20:17:42.200401   70443 memcache.go:265] couldn't get current server API group list: Get "https://api.bvh.cp.fyre.ibm.com:6443/api?timeout=32s": dial tcp: lookup api.bvh.cp.fyre.ibm.com: no such host
E0516 20:17:42.201339   70443 memcache.go:265] couldn't get current server API group list: Get "https://api.bvh.cp.fyre.ibm.com:6443/api?timeout=32s": dial tcp: lookup api.bvh.cp.fyre.ibm.com: no such host
E0516 20:17:42.201945   70443 memcache.go:265] couldn't get current server API group list: Get "https://api.bvh.cp.fyre.ibm.com:6443/api?timeout=32s": dial tcp: lookup api.bvh.cp.fyre.ibm.com: no such host
E0516 20:17:42.203051   70443 memcache.go:265] couldn't get current server API group list: Get "https://api.bvh.cp.fyre.ibm.com:6443/api?timeout=32s": dial tcp: lookup api.bvh.cp.fyre.ibm.com: no such host
Unable to connect to the server: dial tcp: lookup api.bvh.cp.fyre.ibm.com: no such host
E0516 20:17:42.269730   70446 memcache.go:265] couldn't get current server API group list: Get "https://api.bvh.cp.fyre.ibm.com:6443/api?timeout=32s": dial tcp: lookup api.bvh.cp.fyre.ibm.com: no such host
E0516 20:17:42.270170   70446 memcache.go:265] couldn't get current server API group list: Get "https://api.bvh.cp.fyre.ibm.com:6443/api?timeout=32s": dial tcp: lookup api.bvh.cp.fyre.ibm.com: no such host
E0516 20:17:42.271329   70446 memcache.go:265] couldn't get current server API group list: Get "https://api.bvh.cp.fyre.ibm.com:6443/api?timeout=32s": dial tcp: lookup api.bvh.cp.fyre.ibm.com: no such host
E0516 20:17:42.271712   70446 memcache.go:265] couldn't get current server API group list: Get "https://api.bvh.cp.fyre.ibm.com:6443/api?timeout=32s": dial tcp: lookup api.bvh.cp.fyre.ibm.com: no such host
E0516 20:17:42.273013   70446 memcache.go:265] couldn't get current server API group list: Get "https://api.bvh.cp.fyre.ibm.com:6443/api?timeout=32s": dial tcp: lookup api.bvh.cp.fyre.ibm.com: no such host
Unable to connect to the server: dial tcp: lookup api.bvh.cp.fyre.ibm.com: no such host
[33m[DEBUG] oc get subscription.operators.coreos.com -l operators.coreos.com/ibm-common-service-operator.cp2400='' -n cp2400 -o jsonpath='{.items[*].status.conditions}' -> 

[0m
[INFO] RETRYING: Waiting for operator ibm-common-service-operator to be upgraded (54 left)
E0516 20:17:42.330878   70448 memcache.go:265] couldn't get current server API group list: Get "https://api.bvh.cp.fyre.ibm.com:6443/api?timeout=32s": dial tcp: lookup api.bvh.cp.fyre.ibm.com: no such host
E0516 20:17:42.331333   70448 memcache.go:265] couldn't get current server API group list: Get "https://api.bvh.cp.fyre.ibm.com:6443/api?timeout=32s": dial tcp: lookup api.bvh.cp.fyre.ibm.com: no such host
E0516 20:17:42.332507   70448 memcache.go:265] couldn't get current server API group list: Get "https://api.bvh.cp.fyre.ibm.com:6443/api?timeout=32s": dial tcp: lookup api.bvh.cp.fyre.ibm.com: no such host
E0516 20:17:42.332873   70448 memcache.go:265] couldn't get current server API group list: Get "https://api.bvh.cp.fyre.ibm.com:6443/api?timeout=32s": dial tcp: lookup api.bvh.cp.fyre.ibm.com: no such host
E0516 20:17:42.334249   70448 memcache.go:265] couldn't get current server API group list: Get "https://api.bvh.cp.fyre.ibm.com:6443/api?timeout=32s": dial tcp: lookup api.bvh.cp.fyre.ibm.com: no such host
Unable to connect to the server: dial tcp: lookup api.bvh.cp.fyre.ibm.com: no such host
E0516 21:18:22.548717   70598 memcache.go:265] couldn't get current server API group list: Get "https://api.bvh.cp.fyre.ibm.com:6443/api?timeout=32s": dial tcp: lookup api.bvh.cp.fyre.ibm.com: no such host
E0516 21:18:22.552365   70598 memcache.go:265] couldn't get current server API group list: Get "https://api.bvh.cp.fyre.ibm.com:6443/api?timeout=32s": dial tcp: lookup api.bvh.cp.fyre.ibm.com: no such host
E0516 21:18:22.553399   70598 memcache.go:265] couldn't get current server API group list: Get "https://api.bvh.cp.fyre.ibm.com:6443/api?timeout=32s": dial tcp: lookup api.bvh.cp.fyre.ibm.com: no such host
E0516 21:18:22.556542   70598 memcache.go:265] couldn't get current server API group list: Get "https://api.bvh.cp.fyre.ibm.com:6443/api?timeout=32s": dial tcp: lookup api.bvh.cp.fyre.ibm.com: no such host
E0516 21:18:22.558409   70598 memcache.go:265] couldn't get current server API group list: Get "https://api.bvh.cp.fyre.ibm.com:6443/api?timeout=32s": dial tcp: lookup api.bvh.cp.fyre.ibm.com: no such host
Unable to connect to the server: dial tcp: lookup api.bvh.cp.fyre.ibm.com: no such host
E0516 21:18:22.640651   70604 memcache.go:265] couldn't get current server API group list: Get "https://api.bvh.cp.fyre.ibm.com:6443/api?timeout=32s": dial tcp: lookup api.bvh.cp.fyre.ibm.com: no such host
E0516 21:18:22.641554   70604 memcache.go:265] couldn't get current server API group list: Get "https://api.bvh.cp.fyre.ibm.com:6443/api?timeout=32s": dial tcp: lookup api.bvh.cp.fyre.ibm.com: no such host
E0516 21:18:22.642499   70604 memcache.go:265] couldn't get current server API group list: Get "https://api.bvh.cp.fyre.ibm.com:6443/api?timeout=32s": dial tcp: lookup api.bvh.cp.fyre.ibm.com: no such host
E0516 21:18:22.643436   70604 memcache.go:265] couldn't get current server API group list: Get "https://api.bvh.cp.fyre.ibm.com:6443/api?timeout=32s": dial tcp: lookup api.bvh.cp.fyre.ibm.com: no such host
E0516 21:18:22.644656   70604 memcache.go:265] couldn't get current server API group list: Get "https://api.bvh.cp.fyre.ibm.com:6443/api?timeout=32s": dial tcp: lookup api.bvh.cp.fyre.ibm.com: no such host
Unable to connect to the server: dial tcp: lookup api.bvh.cp.fyre.ibm.com: no such host
[33m[DEBUG] oc get subscription.operators.coreos.com -l operators.coreos.com/ibm-common-service-operator.cp2400='' -n cp2400 -o jsonpath='{.items[*].status.conditions}' -> 

[0m
[INFO] RETRYING: Waiting for operator ibm-common-service-operator to be upgraded (53 left)
E0516 21:18:22.706999   70606 memcache.go:265] couldn't get current server API group list: Get "https://api.bvh.cp.fyre.ibm.com:6443/api?timeout=32s": dial tcp: lookup api.bvh.cp.fyre.ibm.com: no such host
E0516 21:18:22.707595   70606 memcache.go:265] couldn't get current server API group list: Get "https://api.bvh.cp.fyre.ibm.com:6443/api?timeout=32s": dial tcp: lookup api.bvh.cp.fyre.ibm.com: no such host
E0516 21:18:22.708875   70606 memcache.go:265] couldn't get current server API group list: Get "https://api.bvh.cp.fyre.ibm.com:6443/api?timeout=32s": dial tcp: lookup api.bvh.cp.fyre.ibm.com: no such host
E0516 21:18:22.709369   70606 memcache.go:265] couldn't get current server API group list: Get "https://api.bvh.cp.fyre.ibm.com:6443/api?timeout=32s": dial tcp: lookup api.bvh.cp.fyre.ibm.com: no such host
E0516 21:18:22.710670   70606 memcache.go:265] couldn't get current server API group list: Get "https://api.bvh.cp.fyre.ibm.com:6443/api?timeout=32s": dial tcp: lookup api.bvh.cp.fyre.ibm.com: no such host
Unable to connect to the server: dial tcp: lookup api.bvh.cp.fyre.ibm.com: no such host
E0516 21:50:47.498800   70717 memcache.go:265] couldn't get current server API group list: Get "https://api.bvh.cp.fyre.ibm.com:6443/api?timeout=32s": dial tcp: lookup api.bvh.cp.fyre.ibm.com: no such host
E0516 21:50:47.500690   70717 memcache.go:265] couldn't get current server API group list: Get "https://api.bvh.cp.fyre.ibm.com:6443/api?timeout=32s": dial tcp: lookup api.bvh.cp.fyre.ibm.com: no such host
E0516 21:50:47.501808   70717 memcache.go:265] couldn't get current server API group list: Get "https://api.bvh.cp.fyre.ibm.com:6443/api?timeout=32s": dial tcp: lookup api.bvh.cp.fyre.ibm.com: no such host
E0516 21:50:47.505467   70717 memcache.go:265] couldn't get current server API group list: Get "https://api.bvh.cp.fyre.ibm.com:6443/api?timeout=32s": dial tcp: lookup api.bvh.cp.fyre.ibm.com: no such host
E0516 21:50:47.506738   70717 memcache.go:265] couldn't get current server API group list: Get "https://api.bvh.cp.fyre.ibm.com:6443/api?timeout=32s": dial tcp: lookup api.bvh.cp.fyre.ibm.com: no such host
Unable to connect to the server: dial tcp: lookup api.bvh.cp.fyre.ibm.com: no such host
E0516 21:50:47.565836   70720 memcache.go:265] couldn't get current server API group list: Get "https://api.bvh.cp.fyre.ibm.com:6443/api?timeout=32s": dial tcp: lookup api.bvh.cp.fyre.ibm.com: no such host
E0516 21:50:47.566273   70720 memcache.go:265] couldn't get current server API group list: Get "https://api.bvh.cp.fyre.ibm.com:6443/api?timeout=32s": dial tcp: lookup api.bvh.cp.fyre.ibm.com: no such host
E0516 21:50:47.567483   70720 memcache.go:265] couldn't get current server API group list: Get "https://api.bvh.cp.fyre.ibm.com:6443/api?timeout=32s": dial tcp: lookup api.bvh.cp.fyre.ibm.com: no such host
E0516 21:50:47.567939   70720 memcache.go:265] couldn't get current server API group list: Get "https://api.bvh.cp.fyre.ibm.com:6443/api?timeout=32s": dial tcp: lookup api.bvh.cp.fyre.ibm.com: no such host
E0516 21:50:47.569294   70720 memcache.go:265] couldn't get current server API group list: Get "https://api.bvh.cp.fyre.ibm.com:6443/api?timeout=32s": dial tcp: lookup api.bvh.cp.fyre.ibm.com: no such host
Unable to connect to the server: dial tcp: lookup api.bvh.cp.fyre.ibm.com: no such host
[33m[DEBUG] oc get subscription.operators.coreos.com -l operators.coreos.com/ibm-common-service-operator.cp2400='' -n cp2400 -o jsonpath='{.items[*].status.conditions}' -> 

[0m
[INFO] RETRYING: Waiting for operator ibm-common-service-operator to be upgraded (52 left)
E0516 21:50:47.625864   70723 memcache.go:265] couldn't get current server API group list: Get "https://api.bvh.cp.fyre.ibm.com:6443/api?timeout=32s": dial tcp: lookup api.bvh.cp.fyre.ibm.com: no such host
E0516 21:50:47.626958   70723 memcache.go:265] couldn't get current server API group list: Get "https://api.bvh.cp.fyre.ibm.com:6443/api?timeout=32s": dial tcp: lookup api.bvh.cp.fyre.ibm.com: no such host
E0516 21:50:47.628197   70723 memcache.go:265] couldn't get current server API group list: Get "https://api.bvh.cp.fyre.ibm.com:6443/api?timeout=32s": dial tcp: lookup api.bvh.cp.fyre.ibm.com: no such host
E0516 21:50:47.635710   70723 memcache.go:265] couldn't get current server API group list: Get "https://api.bvh.cp.fyre.ibm.com:6443/api?timeout=32s": dial tcp: lookup api.bvh.cp.fyre.ibm.com: no such host
E0516 21:50:47.639023   70723 memcache.go:265] couldn't get current server API group list: Get "https://api.bvh.cp.fyre.ibm.com:6443/api?timeout=32s": dial tcp: lookup api.bvh.cp.fyre.ibm.com: no such host
Unable to connect to the server: dial tcp: lookup api.bvh.cp.fyre.ibm.com: no such host
E0516 22:08:28.613402   70901 memcache.go:265] couldn't get current server API group list: Get "https://api.bvh.cp.fyre.ibm.com:6443/api?timeout=32s": dial tcp: lookup api.bvh.cp.fyre.ibm.com: no such host
E0516 22:08:28.614958   70901 memcache.go:265] couldn't get current server API group list: Get "https://api.bvh.cp.fyre.ibm.com:6443/api?timeout=32s": dial tcp: lookup api.bvh.cp.fyre.ibm.com: no such host
E0516 22:08:28.615416   70901 memcache.go:265] couldn't get current server API group list: Get "https://api.bvh.cp.fyre.ibm.com:6443/api?timeout=32s": dial tcp: lookup api.bvh.cp.fyre.ibm.com: no such host
E0516 22:08:28.616620   70901 memcache.go:265] couldn't get current server API group list: Get "https://api.bvh.cp.fyre.ibm.com:6443/api?timeout=32s": dial tcp: lookup api.bvh.cp.fyre.ibm.com: no such host
E0516 22:08:28.617093   70901 memcache.go:265] couldn't get current server API group list: Get "https://api.bvh.cp.fyre.ibm.com:6443/api?timeout=32s": dial tcp: lookup api.bvh.cp.fyre.ibm.com: no such host
Unable to connect to the server: dial tcp: lookup api.bvh.cp.fyre.ibm.com: no such host
E0516 22:08:28.679803   70904 memcache.go:265] couldn't get current server API group list: Get "https://api.bvh.cp.fyre.ibm.com:6443/api?timeout=32s": dial tcp: lookup api.bvh.cp.fyre.ibm.com: no such host
E0516 22:08:28.680298   70904 memcache.go:265] couldn't get current server API group list: Get "https://api.bvh.cp.fyre.ibm.com:6443/api?timeout=32s": dial tcp: lookup api.bvh.cp.fyre.ibm.com: no such host
E0516 22:08:28.681545   70904 memcache.go:265] couldn't get current server API group list: Get "https://api.bvh.cp.fyre.ibm.com:6443/api?timeout=32s": dial tcp: lookup api.bvh.cp.fyre.ibm.com: no such host
E0516 22:08:28.681958   70904 memcache.go:265] couldn't get current server API group list: Get "https://api.bvh.cp.fyre.ibm.com:6443/api?timeout=32s": dial tcp: lookup api.bvh.cp.fyre.ibm.com: no such host
E0516 22:08:28.683461   70904 memcache.go:265] couldn't get current server API group list: Get "https://api.bvh.cp.fyre.ibm.com:6443/api?timeout=32s": dial tcp: lookup api.bvh.cp.fyre.ibm.com: no such host
Unable to connect to the server: dial tcp: lookup api.bvh.cp.fyre.ibm.com: no such host
[33m[DEBUG] oc get subscription.operators.coreos.com -l operators.coreos.com/ibm-common-service-operator.cp2400='' -n cp2400 -o jsonpath='{.items[*].status.conditions}' -> 

[0m
[INFO] RETRYING: Waiting for operator ibm-common-service-operator to be upgraded (51 left)
E0516 22:08:28.737681   70906 memcache.go:265] couldn't get current server API group list: Get "https://api.bvh.cp.fyre.ibm.com:6443/api?timeout=32s": dial tcp: lookup api.bvh.cp.fyre.ibm.com: no such host
E0516 22:08:28.738136   70906 memcache.go:265] couldn't get current server API group list: Get "https://api.bvh.cp.fyre.ibm.com:6443/api?timeout=32s": dial tcp: lookup api.bvh.cp.fyre.ibm.com: no such host
E0516 22:08:28.739278   70906 memcache.go:265] couldn't get current server API group list: Get "https://api.bvh.cp.fyre.ibm.com:6443/api?timeout=32s": dial tcp: lookup api.bvh.cp.fyre.ibm.com: no such host
E0516 22:08:28.739659   70906 memcache.go:265] couldn't get current server API group list: Get "https://api.bvh.cp.fyre.ibm.com:6443/api?timeout=32s": dial tcp: lookup api.bvh.cp.fyre.ibm.com: no such host
E0516 22:08:28.740823   70906 memcache.go:265] couldn't get current server API group list: Get "https://api.bvh.cp.fyre.ibm.com:6443/api?timeout=32s": dial tcp: lookup api.bvh.cp.fyre.ibm.com: no such host
Unable to connect to the server: dial tcp: lookup api.bvh.cp.fyre.ibm.com: no such host
E0516 22:34:38.447797   71028 memcache.go:265] couldn't get current server API group list: Get "https://api.bvh.cp.fyre.ibm.com:6443/api?timeout=32s": dial tcp: lookup api.bvh.cp.fyre.ibm.com: no such host
E0516 22:34:38.449744   71028 memcache.go:265] couldn't get current server API group list: Get "https://api.bvh.cp.fyre.ibm.com:6443/api?timeout=32s": dial tcp: lookup api.bvh.cp.fyre.ibm.com: no such host
E0516 22:34:38.450379   71028 memcache.go:265] couldn't get current server API group list: Get "https://api.bvh.cp.fyre.ibm.com:6443/api?timeout=32s": dial tcp: lookup api.bvh.cp.fyre.ibm.com: no such host
E0516 22:34:38.451380   71028 memcache.go:265] couldn't get current server API group list: Get "https://api.bvh.cp.fyre.ibm.com:6443/api?timeout=32s": dial tcp: lookup api.bvh.cp.fyre.ibm.com: no such host
E0516 22:34:38.454593   71028 memcache.go:265] couldn't get current server API group list: Get "https://api.bvh.cp.fyre.ibm.com:6443/api?timeout=32s": dial tcp: lookup api.bvh.cp.fyre.ibm.com: no such host
Unable to connect to the server: dial tcp: lookup api.bvh.cp.fyre.ibm.com: no such host
E0516 22:34:38.514608   71031 memcache.go:265] couldn't get current server API group list: Get "https://api.bvh.cp.fyre.ibm.com:6443/api?timeout=32s": dial tcp: lookup api.bvh.cp.fyre.ibm.com: no such host
E0516 22:34:38.515092   71031 memcache.go:265] couldn't get current server API group list: Get "https://api.bvh.cp.fyre.ibm.com:6443/api?timeout=32s": dial tcp: lookup api.bvh.cp.fyre.ibm.com: no such host
E0516 22:34:38.516656   71031 memcache.go:265] couldn't get current server API group list: Get "https://api.bvh.cp.fyre.ibm.com:6443/api?timeout=32s": dial tcp: lookup api.bvh.cp.fyre.ibm.com: no such host
E0516 22:34:38.517350   71031 memcache.go:265] couldn't get current server API group list: Get "https://api.bvh.cp.fyre.ibm.com:6443/api?timeout=32s": dial tcp: lookup api.bvh.cp.fyre.ibm.com: no such host
E0516 22:34:38.518267   71031 memcache.go:265] couldn't get current server API group list: Get "https://api.bvh.cp.fyre.ibm.com:6443/api?timeout=32s": dial tcp: lookup api.bvh.cp.fyre.ibm.com: no such host
Unable to connect to the server: dial tcp: lookup api.bvh.cp.fyre.ibm.com: no such host
[33m[DEBUG] oc get subscription.operators.coreos.com -l operators.coreos.com/ibm-common-service-operator.cp2400='' -n cp2400 -o jsonpath='{.items[*].status.conditions}' -> 

[0m
[INFO] RETRYING: Waiting for operator ibm-common-service-operator to be upgraded (50 left)
E0516 22:34:38.573008   71033 memcache.go:265] couldn't get current server API group list: Get "https://api.bvh.cp.fyre.ibm.com:6443/api?timeout=32s": dial tcp: lookup api.bvh.cp.fyre.ibm.com: no such host
E0516 22:34:38.573564   71033 memcache.go:265] couldn't get current server API group list: Get "https://api.bvh.cp.fyre.ibm.com:6443/api?timeout=32s": dial tcp: lookup api.bvh.cp.fyre.ibm.com: no such host
E0516 22:34:38.574551   71033 memcache.go:265] couldn't get current server API group list: Get "https://api.bvh.cp.fyre.ibm.com:6443/api?timeout=32s": dial tcp: lookup api.bvh.cp.fyre.ibm.com: no such host
E0516 22:34:38.575082   71033 memcache.go:265] couldn't get current server API group list: Get "https://api.bvh.cp.fyre.ibm.com:6443/api?timeout=32s": dial tcp: lookup api.bvh.cp.fyre.ibm.com: no such host
E0516 22:34:38.576152   71033 memcache.go:265] couldn't get current server API group list: Get "https://api.bvh.cp.fyre.ibm.com:6443/api?timeout=32s": dial tcp: lookup api.bvh.cp.fyre.ibm.com: no such host
Unable to connect to the server: dial tcp: lookup api.bvh.cp.fyre.ibm.com: no such host
E0516 22:49:59.278631   71062 memcache.go:265] couldn't get current server API group list: Get "https://api.bvh.cp.fyre.ibm.com:6443/api?timeout=32s": dial tcp: lookup api.bvh.cp.fyre.ibm.com: no such host
E0516 22:49:59.279563   71062 memcache.go:265] couldn't get current server API group list: Get "https://api.bvh.cp.fyre.ibm.com:6443/api?timeout=32s": dial tcp: lookup api.bvh.cp.fyre.ibm.com: no such host
E0516 22:49:59.280148   71062 memcache.go:265] couldn't get current server API group list: Get "https://api.bvh.cp.fyre.ibm.com:6443/api?timeout=32s": dial tcp: lookup api.bvh.cp.fyre.ibm.com: no such host
E0516 22:49:59.281274   71062 memcache.go:265] couldn't get current server API group list: Get "https://api.bvh.cp.fyre.ibm.com:6443/api?timeout=32s": dial tcp: lookup api.bvh.cp.fyre.ibm.com: no such host
E0516 22:49:59.281744   71062 memcache.go:265] couldn't get current server API group list: Get "https://api.bvh.cp.fyre.ibm.com:6443/api?timeout=32s": dial tcp: lookup api.bvh.cp.fyre.ibm.com: no such host
Unable to connect to the server: dial tcp: lookup api.bvh.cp.fyre.ibm.com: no such host
E0516 22:49:59.340908   71068 memcache.go:265] couldn't get current server API group list: Get "https://api.bvh.cp.fyre.ibm.com:6443/api?timeout=32s": dial tcp: lookup api.bvh.cp.fyre.ibm.com: no such host
E0516 22:49:59.341735   71068 memcache.go:265] couldn't get current server API group list: Get "https://api.bvh.cp.fyre.ibm.com:6443/api?timeout=32s": dial tcp: lookup api.bvh.cp.fyre.ibm.com: no such host
E0516 22:49:59.342833   71068 memcache.go:265] couldn't get current server API group list: Get "https://api.bvh.cp.fyre.ibm.com:6443/api?timeout=32s": dial tcp: lookup api.bvh.cp.fyre.ibm.com: no such host
E0516 22:49:59.343769   71068 memcache.go:265] couldn't get current server API group list: Get "https://api.bvh.cp.fyre.ibm.com:6443/api?timeout=32s": dial tcp: lookup api.bvh.cp.fyre.ibm.com: no such host
E0516 22:49:59.344763   71068 memcache.go:265] couldn't get current server API group list: Get "https://api.bvh.cp.fyre.ibm.com:6443/api?timeout=32s": dial tcp: lookup api.bvh.cp.fyre.ibm.com: no such host
Unable to connect to the server: dial tcp: lookup api.bvh.cp.fyre.ibm.com: no such host
[33m[DEBUG] oc get subscription.operators.coreos.com -l operators.coreos.com/ibm-common-service-operator.cp2400='' -n cp2400 -o jsonpath='{.items[*].status.conditions}' -> 

[0m
[INFO] RETRYING: Waiting for operator ibm-common-service-operator to be upgraded (49 left)
E0516 22:49:59.401344   71070 memcache.go:265] couldn't get current server API group list: Get "https://api.bvh.cp.fyre.ibm.com:6443/api?timeout=32s": dial tcp: lookup api.bvh.cp.fyre.ibm.com: no such host
E0516 22:49:59.401779   71070 memcache.go:265] couldn't get current server API group list: Get "https://api.bvh.cp.fyre.ibm.com:6443/api?timeout=32s": dial tcp: lookup api.bvh.cp.fyre.ibm.com: no such host
E0516 22:49:59.402940   71070 memcache.go:265] couldn't get current server API group list: Get "https://api.bvh.cp.fyre.ibm.com:6443/api?timeout=32s": dial tcp: lookup api.bvh.cp.fyre.ibm.com: no such host
E0516 22:49:59.403383   71070 memcache.go:265] couldn't get current server API group list: Get "https://api.bvh.cp.fyre.ibm.com:6443/api?timeout=32s": dial tcp: lookup api.bvh.cp.fyre.ibm.com: no such host
E0516 22:49:59.404546   71070 memcache.go:265] couldn't get current server API group list: Get "https://api.bvh.cp.fyre.ibm.com:6443/api?timeout=32s": dial tcp: lookup api.bvh.cp.fyre.ibm.com: no such host
Unable to connect to the server: dial tcp: lookup api.bvh.cp.fyre.ibm.com: no such host
E0516 22:50:27.624592   71182 memcache.go:265] couldn't get current server API group list: Get "https://api.bvh.cp.fyre.ibm.com:6443/api?timeout=32s": dial tcp: lookup api.bvh.cp.fyre.ibm.com: no such host
E0516 22:50:27.625197   71182 memcache.go:265] couldn't get current server API group list: Get "https://api.bvh.cp.fyre.ibm.com:6443/api?timeout=32s": dial tcp: lookup api.bvh.cp.fyre.ibm.com: no such host
E0516 22:50:27.626601   71182 memcache.go:265] couldn't get current server API group list: Get "https://api.bvh.cp.fyre.ibm.com:6443/api?timeout=32s": dial tcp: lookup api.bvh.cp.fyre.ibm.com: no such host
E0516 22:50:27.627108   71182 memcache.go:265] couldn't get current server API group list: Get "https://api.bvh.cp.fyre.ibm.com:6443/api?timeout=32s": dial tcp: lookup api.bvh.cp.fyre.ibm.com: no such host
E0516 22:50:27.628306   71182 memcache.go:265] couldn't get current server API group list: Get "https://api.bvh.cp.fyre.ibm.com:6443/api?timeout=32s": dial tcp: lookup api.bvh.cp.fyre.ibm.com: no such host
Unable to connect to the server: dial tcp: lookup api.bvh.cp.fyre.ibm.com: no such host
E0516 22:50:27.685649   71185 memcache.go:265] couldn't get current server API group list: Get "https://api.bvh.cp.fyre.ibm.com:6443/api?timeout=32s": dial tcp: lookup api.bvh.cp.fyre.ibm.com: no such host
E0516 22:50:27.686180   71185 memcache.go:265] couldn't get current server API group list: Get "https://api.bvh.cp.fyre.ibm.com:6443/api?timeout=32s": dial tcp: lookup api.bvh.cp.fyre.ibm.com: no such host
E0516 22:50:27.687455   71185 memcache.go:265] couldn't get current server API group list: Get "https://api.bvh.cp.fyre.ibm.com:6443/api?timeout=32s": dial tcp: lookup api.bvh.cp.fyre.ibm.com: no such host
E0516 22:50:27.687861   71185 memcache.go:265] couldn't get current server API group list: Get "https://api.bvh.cp.fyre.ibm.com:6443/api?timeout=32s": dial tcp: lookup api.bvh.cp.fyre.ibm.com: no such host
E0516 22:50:27.689308   71185 memcache.go:265] couldn't get current server API group list: Get "https://api.bvh.cp.fyre.ibm.com:6443/api?timeout=32s": dial tcp: lookup api.bvh.cp.fyre.ibm.com: no such host
Unable to connect to the server: dial tcp: lookup api.bvh.cp.fyre.ibm.com: no such host
[33m[DEBUG] oc get subscription.operators.coreos.com -l operators.coreos.com/ibm-common-service-operator.cp2400='' -n cp2400 -o jsonpath='{.items[*].status.conditions}' -> 

[0m
[INFO] RETRYING: Waiting for operator ibm-common-service-operator to be upgraded (48 left)
E0516 22:50:27.746709   71187 memcache.go:265] couldn't get current server API group list: Get "https://api.bvh.cp.fyre.ibm.com:6443/api?timeout=32s": dial tcp: lookup api.bvh.cp.fyre.ibm.com: no such host
E0516 22:50:27.747219   71187 memcache.go:265] couldn't get current server API group list: Get "https://api.bvh.cp.fyre.ibm.com:6443/api?timeout=32s": dial tcp: lookup api.bvh.cp.fyre.ibm.com: no such host
E0516 22:50:27.748620   71187 memcache.go:265] couldn't get current server API group list: Get "https://api.bvh.cp.fyre.ibm.com:6443/api?timeout=32s": dial tcp: lookup api.bvh.cp.fyre.ibm.com: no such host
E0516 22:50:27.749006   71187 memcache.go:265] couldn't get current server API group list: Get "https://api.bvh.cp.fyre.ibm.com:6443/api?timeout=32s": dial tcp: lookup api.bvh.cp.fyre.ibm.com: no such host
E0516 22:50:27.750577   71187 memcache.go:265] couldn't get current server API group list: Get "https://api.bvh.cp.fyre.ibm.com:6443/api?timeout=32s": dial tcp: lookup api.bvh.cp.fyre.ibm.com: no such host
Unable to connect to the server: dial tcp: lookup api.bvh.cp.fyre.ibm.com: no such host
E0516 22:51:00.779038   71248 memcache.go:265] couldn't get current server API group list: Get "https://api.bvh.cp.fyre.ibm.com:6443/api?timeout=32s": dial tcp: lookup api.bvh.cp.fyre.ibm.com: no such host
E0516 22:51:00.779668   71248 memcache.go:265] couldn't get current server API group list: Get "https://api.bvh.cp.fyre.ibm.com:6443/api?timeout=32s": dial tcp: lookup api.bvh.cp.fyre.ibm.com: no such host
E0516 22:51:00.780797   71248 memcache.go:265] couldn't get current server API group list: Get "https://api.bvh.cp.fyre.ibm.com:6443/api?timeout=32s": dial tcp: lookup api.bvh.cp.fyre.ibm.com: no such host
E0516 22:51:00.781461   71248 memcache.go:265] couldn't get current server API group list: Get "https://api.bvh.cp.fyre.ibm.com:6443/api?timeout=32s": dial tcp: lookup api.bvh.cp.fyre.ibm.com: no such host
E0516 22:51:00.782874   71248 memcache.go:265] couldn't get current server API group list: Get "https://api.bvh.cp.fyre.ibm.com:6443/api?timeout=32s": dial tcp: lookup api.bvh.cp.fyre.ibm.com: no such host
Unable to connect to the server: dial tcp: lookup api.bvh.cp.fyre.ibm.com: no such host
E0516 22:51:00.842004   71251 memcache.go:265] couldn't get current server API group list: Get "https://api.bvh.cp.fyre.ibm.com:6443/api?timeout=32s": dial tcp: lookup api.bvh.cp.fyre.ibm.com: no such host
E0516 22:51:00.842492   71251 memcache.go:265] couldn't get current server API group list: Get "https://api.bvh.cp.fyre.ibm.com:6443/api?timeout=32s": dial tcp: lookup api.bvh.cp.fyre.ibm.com: no such host
E0516 22:51:00.843713   71251 memcache.go:265] couldn't get current server API group list: Get "https://api.bvh.cp.fyre.ibm.com:6443/api?timeout=32s": dial tcp: lookup api.bvh.cp.fyre.ibm.com: no such host
E0516 22:51:00.844147   71251 memcache.go:265] couldn't get current server API group list: Get "https://api.bvh.cp.fyre.ibm.com:6443/api?timeout=32s": dial tcp: lookup api.bvh.cp.fyre.ibm.com: no such host
E0516 22:51:00.845368   71251 memcache.go:265] couldn't get current server API group list: Get "https://api.bvh.cp.fyre.ibm.com:6443/api?timeout=32s": dial tcp: lookup api.bvh.cp.fyre.ibm.com: no such host
Unable to connect to the server: dial tcp: lookup api.bvh.cp.fyre.ibm.com: no such host
[33m[DEBUG] oc get subscription.operators.coreos.com -l operators.coreos.com/ibm-common-service-operator.cp2400='' -n cp2400 -o jsonpath='{.items[*].status.conditions}' -> 

[0m
[INFO] RETRYING: Waiting for operator ibm-common-service-operator to be upgraded (47 left)
E0516 22:51:00.901802   71253 memcache.go:265] couldn't get current server API group list: Get "https://api.bvh.cp.fyre.ibm.com:6443/api?timeout=32s": dial tcp: lookup api.bvh.cp.fyre.ibm.com: no such host
E0516 22:51:00.902283   71253 memcache.go:265] couldn't get current server API group list: Get "https://api.bvh.cp.fyre.ibm.com:6443/api?timeout=32s": dial tcp: lookup api.bvh.cp.fyre.ibm.com: no such host
E0516 22:51:00.903561   71253 memcache.go:265] couldn't get current server API group list: Get "https://api.bvh.cp.fyre.ibm.com:6443/api?timeout=32s": dial tcp: lookup api.bvh.cp.fyre.ibm.com: no such host
E0516 22:51:00.904083   71253 memcache.go:265] couldn't get current server API group list: Get "https://api.bvh.cp.fyre.ibm.com:6443/api?timeout=32s": dial tcp: lookup api.bvh.cp.fyre.ibm.com: no such host
E0516 22:51:00.905487   71253 memcache.go:265] couldn't get current server API group list: Get "https://api.bvh.cp.fyre.ibm.com:6443/api?timeout=32s": dial tcp: lookup api.bvh.cp.fyre.ibm.com: no such host
Unable to connect to the server: dial tcp: lookup api.bvh.cp.fyre.ibm.com: no such host
E0516 22:51:42.087423   71384 memcache.go:265] couldn't get current server API group list: Get "https://api.bvh.cp.fyre.ibm.com:6443/api?timeout=32s": dial tcp: lookup api.bvh.cp.fyre.ibm.com: no such host
E0516 22:51:42.087849   71384 memcache.go:265] couldn't get current server API group list: Get "https://api.bvh.cp.fyre.ibm.com:6443/api?timeout=32s": dial tcp: lookup api.bvh.cp.fyre.ibm.com: no such host
E0516 22:51:42.089009   71384 memcache.go:265] couldn't get current server API group list: Get "https://api.bvh.cp.fyre.ibm.com:6443/api?timeout=32s": dial tcp: lookup api.bvh.cp.fyre.ibm.com: no such host
E0516 22:51:42.089332   71384 memcache.go:265] couldn't get current server API group list: Get "https://api.bvh.cp.fyre.ibm.com:6443/api?timeout=32s": dial tcp: lookup api.bvh.cp.fyre.ibm.com: no such host
E0516 22:51:42.090527   71384 memcache.go:265] couldn't get current server API group list: Get "https://api.bvh.cp.fyre.ibm.com:6443/api?timeout=32s": dial tcp: lookup api.bvh.cp.fyre.ibm.com: no such host
Unable to connect to the server: dial tcp: lookup api.bvh.cp.fyre.ibm.com: no such host
E0516 22:51:42.145144   71387 memcache.go:265] couldn't get current server API group list: Get "https://api.bvh.cp.fyre.ibm.com:6443/api?timeout=32s": dial tcp: lookup api.bvh.cp.fyre.ibm.com: no such host
E0516 22:51:42.145755   71387 memcache.go:265] couldn't get current server API group list: Get "https://api.bvh.cp.fyre.ibm.com:6443/api?timeout=32s": dial tcp: lookup api.bvh.cp.fyre.ibm.com: no such host
E0516 22:51:42.146797   71387 memcache.go:265] couldn't get current server API group list: Get "https://api.bvh.cp.fyre.ibm.com:6443/api?timeout=32s": dial tcp: lookup api.bvh.cp.fyre.ibm.com: no such host
E0516 22:51:42.147305   71387 memcache.go:265] couldn't get current server API group list: Get "https://api.bvh.cp.fyre.ibm.com:6443/api?timeout=32s": dial tcp: lookup api.bvh.cp.fyre.ibm.com: no such host
E0516 22:51:42.148512   71387 memcache.go:265] couldn't get current server API group list: Get "https://api.bvh.cp.fyre.ibm.com:6443/api?timeout=32s": dial tcp: lookup api.bvh.cp.fyre.ibm.com: no such host
Unable to connect to the server: dial tcp: lookup api.bvh.cp.fyre.ibm.com: no such host
[33m[DEBUG] oc get subscription.operators.coreos.com -l operators.coreos.com/ibm-common-service-operator.cp2400='' -n cp2400 -o jsonpath='{.items[*].status.conditions}' -> 

[0m
[INFO] RETRYING: Waiting for operator ibm-common-service-operator to be upgraded (46 left)
E0516 22:51:42.204151   71389 memcache.go:265] couldn't get current server API group list: Get "https://api.bvh.cp.fyre.ibm.com:6443/api?timeout=32s": dial tcp: lookup api.bvh.cp.fyre.ibm.com: no such host
E0516 22:51:42.204612   71389 memcache.go:265] couldn't get current server API group list: Get "https://api.bvh.cp.fyre.ibm.com:6443/api?timeout=32s": dial tcp: lookup api.bvh.cp.fyre.ibm.com: no such host
E0516 22:51:42.205750   71389 memcache.go:265] couldn't get current server API group list: Get "https://api.bvh.cp.fyre.ibm.com:6443/api?timeout=32s": dial tcp: lookup api.bvh.cp.fyre.ibm.com: no such host
E0516 22:51:42.206119   71389 memcache.go:265] couldn't get current server API group list: Get "https://api.bvh.cp.fyre.ibm.com:6443/api?timeout=32s": dial tcp: lookup api.bvh.cp.fyre.ibm.com: no such host
E0516 22:51:42.207300   71389 memcache.go:265] couldn't get current server API group list: Get "https://api.bvh.cp.fyre.ibm.com:6443/api?timeout=32s": dial tcp: lookup api.bvh.cp.fyre.ibm.com: no such host
Unable to connect to the server: dial tcp: lookup api.bvh.cp.fyre.ibm.com: no such host
E0516 22:52:13.287642   71447 memcache.go:265] couldn't get current server API group list: Get "https://api.bvh.cp.fyre.ibm.com:6443/api?timeout=32s": dial tcp: lookup api.bvh.cp.fyre.ibm.com: no such host
E0516 22:52:13.288080   71447 memcache.go:265] couldn't get current server API group list: Get "https://api.bvh.cp.fyre.ibm.com:6443/api?timeout=32s": dial tcp: lookup api.bvh.cp.fyre.ibm.com: no such host
E0516 22:52:13.289237   71447 memcache.go:265] couldn't get current server API group list: Get "https://api.bvh.cp.fyre.ibm.com:6443/api?timeout=32s": dial tcp: lookup api.bvh.cp.fyre.ibm.com: no such host
E0516 22:52:13.289571   71447 memcache.go:265] couldn't get current server API group list: Get "https://api.bvh.cp.fyre.ibm.com:6443/api?timeout=32s": dial tcp: lookup api.bvh.cp.fyre.ibm.com: no such host
E0516 22:52:13.290872   71447 memcache.go:265] couldn't get current server API group list: Get "https://api.bvh.cp.fyre.ibm.com:6443/api?timeout=32s": dial tcp: lookup api.bvh.cp.fyre.ibm.com: no such host
Unable to connect to the server: dial tcp: lookup api.bvh.cp.fyre.ibm.com: no such host
E0516 22:52:13.346903   71450 memcache.go:265] couldn't get current server API group list: Get "https://api.bvh.cp.fyre.ibm.com:6443/api?timeout=32s": dial tcp: lookup api.bvh.cp.fyre.ibm.com: no such host
E0516 22:52:13.347357   71450 memcache.go:265] couldn't get current server API group list: Get "https://api.bvh.cp.fyre.ibm.com:6443/api?timeout=32s": dial tcp: lookup api.bvh.cp.fyre.ibm.com: no such host
E0516 22:52:13.348491   71450 memcache.go:265] couldn't get current server API group list: Get "https://api.bvh.cp.fyre.ibm.com:6443/api?timeout=32s": dial tcp: lookup api.bvh.cp.fyre.ibm.com: no such host
E0516 22:52:13.348866   71450 memcache.go:265] couldn't get current server API group list: Get "https://api.bvh.cp.fyre.ibm.com:6443/api?timeout=32s": dial tcp: lookup api.bvh.cp.fyre.ibm.com: no such host
E0516 22:52:13.350098   71450 memcache.go:265] couldn't get current server API group list: Get "https://api.bvh.cp.fyre.ibm.com:6443/api?timeout=32s": dial tcp: lookup api.bvh.cp.fyre.ibm.com: no such host
Unable to connect to the server: dial tcp: lookup api.bvh.cp.fyre.ibm.com: no such host
[33m[DEBUG] oc get subscription.operators.coreos.com -l operators.coreos.com/ibm-common-service-operator.cp2400='' -n cp2400 -o jsonpath='{.items[*].status.conditions}' -> 

[0m
[INFO] RETRYING: Waiting for operator ibm-common-service-operator to be upgraded (45 left)
E0516 22:52:13.403895   71452 memcache.go:265] couldn't get current server API group list: Get "https://api.bvh.cp.fyre.ibm.com:6443/api?timeout=32s": dial tcp: lookup api.bvh.cp.fyre.ibm.com: no such host
E0516 22:52:13.404390   71452 memcache.go:265] couldn't get current server API group list: Get "https://api.bvh.cp.fyre.ibm.com:6443/api?timeout=32s": dial tcp: lookup api.bvh.cp.fyre.ibm.com: no such host
E0516 22:52:13.405462   71452 memcache.go:265] couldn't get current server API group list: Get "https://api.bvh.cp.fyre.ibm.com:6443/api?timeout=32s": dial tcp: lookup api.bvh.cp.fyre.ibm.com: no such host
E0516 22:52:13.405839   71452 memcache.go:265] couldn't get current server API group list: Get "https://api.bvh.cp.fyre.ibm.com:6443/api?timeout=32s": dial tcp: lookup api.bvh.cp.fyre.ibm.com: no such host
E0516 22:52:13.407062   71452 memcache.go:265] couldn't get current server API group list: Get "https://api.bvh.cp.fyre.ibm.com:6443/api?timeout=32s": dial tcp: lookup api.bvh.cp.fyre.ibm.com: no such host
Unable to connect to the server: dial tcp: lookup api.bvh.cp.fyre.ibm.com: no such host
E0516 22:53:22.556395   71506 memcache.go:265] couldn't get current server API group list: Get "https://api.bvh.cp.fyre.ibm.com:6443/api?timeout=32s": dial tcp: lookup api.bvh.cp.fyre.ibm.com: no such host
E0516 22:53:22.556911   71506 memcache.go:265] couldn't get current server API group list: Get "https://api.bvh.cp.fyre.ibm.com:6443/api?timeout=32s": dial tcp: lookup api.bvh.cp.fyre.ibm.com: no such host
E0516 22:53:22.557977   71506 memcache.go:265] couldn't get current server API group list: Get "https://api.bvh.cp.fyre.ibm.com:6443/api?timeout=32s": dial tcp: lookup api.bvh.cp.fyre.ibm.com: no such host
E0516 22:53:22.558299   71506 memcache.go:265] couldn't get current server API group list: Get "https://api.bvh.cp.fyre.ibm.com:6443/api?timeout=32s": dial tcp: lookup api.bvh.cp.fyre.ibm.com: no such host
E0516 22:53:22.559586   71506 memcache.go:265] couldn't get current server API group list: Get "https://api.bvh.cp.fyre.ibm.com:6443/api?timeout=32s": dial tcp: lookup api.bvh.cp.fyre.ibm.com: no such host
Unable to connect to the server: dial tcp: lookup api.bvh.cp.fyre.ibm.com: no such host
E0516 22:53:22.614862   71509 memcache.go:265] couldn't get current server API group list: Get "https://api.bvh.cp.fyre.ibm.com:6443/api?timeout=32s": dial tcp: lookup api.bvh.cp.fyre.ibm.com: no such host
E0516 22:53:22.615307   71509 memcache.go:265] couldn't get current server API group list: Get "https://api.bvh.cp.fyre.ibm.com:6443/api?timeout=32s": dial tcp: lookup api.bvh.cp.fyre.ibm.com: no such host
E0516 22:53:22.616523   71509 memcache.go:265] couldn't get current server API group list: Get "https://api.bvh.cp.fyre.ibm.com:6443/api?timeout=32s": dial tcp: lookup api.bvh.cp.fyre.ibm.com: no such host
E0516 22:53:22.616927   71509 memcache.go:265] couldn't get current server API group list: Get "https://api.bvh.cp.fyre.ibm.com:6443/api?timeout=32s": dial tcp: lookup api.bvh.cp.fyre.ibm.com: no such host
E0516 22:53:22.618156   71509 memcache.go:265] couldn't get current server API group list: Get "https://api.bvh.cp.fyre.ibm.com:6443/api?timeout=32s": dial tcp: lookup api.bvh.cp.fyre.ibm.com: no such host
Unable to connect to the server: dial tcp: lookup api.bvh.cp.fyre.ibm.com: no such host
[33m[DEBUG] oc get subscription.operators.coreos.com -l operators.coreos.com/ibm-common-service-operator.cp2400='' -n cp2400 -o jsonpath='{.items[*].status.conditions}' -> 

[0m
[INFO] RETRYING: Waiting for operator ibm-common-service-operator to be upgraded (44 left)
E0516 22:53:22.673306   71511 memcache.go:265] couldn't get current server API group list: Get "https://api.bvh.cp.fyre.ibm.com:6443/api?timeout=32s": dial tcp: lookup api.bvh.cp.fyre.ibm.com: no such host
E0516 22:53:22.673780   71511 memcache.go:265] couldn't get current server API group list: Get "https://api.bvh.cp.fyre.ibm.com:6443/api?timeout=32s": dial tcp: lookup api.bvh.cp.fyre.ibm.com: no such host
E0516 22:53:22.675003   71511 memcache.go:265] couldn't get current server API group list: Get "https://api.bvh.cp.fyre.ibm.com:6443/api?timeout=32s": dial tcp: lookup api.bvh.cp.fyre.ibm.com: no such host
E0516 22:53:22.675411   71511 memcache.go:265] couldn't get current server API group list: Get "https://api.bvh.cp.fyre.ibm.com:6443/api?timeout=32s": dial tcp: lookup api.bvh.cp.fyre.ibm.com: no such host
E0516 22:53:22.676597   71511 memcache.go:265] couldn't get current server API group list: Get "https://api.bvh.cp.fyre.ibm.com:6443/api?timeout=32s": dial tcp: lookup api.bvh.cp.fyre.ibm.com: no such host
Unable to connect to the server: dial tcp: lookup api.bvh.cp.fyre.ibm.com: no such host
E0516 22:54:34.592522   71568 memcache.go:265] couldn't get current server API group list: Get "https://api.bvh.cp.fyre.ibm.com:6443/api?timeout=32s": dial tcp: lookup api.bvh.cp.fyre.ibm.com: no such host
E0516 22:54:34.592976   71568 memcache.go:265] couldn't get current server API group list: Get "https://api.bvh.cp.fyre.ibm.com:6443/api?timeout=32s": dial tcp: lookup api.bvh.cp.fyre.ibm.com: no such host
E0516 22:54:34.594165   71568 memcache.go:265] couldn't get current server API group list: Get "https://api.bvh.cp.fyre.ibm.com:6443/api?timeout=32s": dial tcp: lookup api.bvh.cp.fyre.ibm.com: no such host
E0516 22:54:34.594599   71568 memcache.go:265] couldn't get current server API group list: Get "https://api.bvh.cp.fyre.ibm.com:6443/api?timeout=32s": dial tcp: lookup api.bvh.cp.fyre.ibm.com: no such host
E0516 22:54:34.595850   71568 memcache.go:265] couldn't get current server API group list: Get "https://api.bvh.cp.fyre.ibm.com:6443/api?timeout=32s": dial tcp: lookup api.bvh.cp.fyre.ibm.com: no such host
Unable to connect to the server: dial tcp: lookup api.bvh.cp.fyre.ibm.com: no such host
E0516 22:54:34.650509   71571 memcache.go:265] couldn't get current server API group list: Get "https://api.bvh.cp.fyre.ibm.com:6443/api?timeout=32s": dial tcp: lookup api.bvh.cp.fyre.ibm.com: no such host
E0516 22:54:34.651023   71571 memcache.go:265] couldn't get current server API group list: Get "https://api.bvh.cp.fyre.ibm.com:6443/api?timeout=32s": dial tcp: lookup api.bvh.cp.fyre.ibm.com: no such host
E0516 22:54:34.652313   71571 memcache.go:265] couldn't get current server API group list: Get "https://api.bvh.cp.fyre.ibm.com:6443/api?timeout=32s": dial tcp: lookup api.bvh.cp.fyre.ibm.com: no such host
E0516 22:54:34.652721   71571 memcache.go:265] couldn't get current server API group list: Get "https://api.bvh.cp.fyre.ibm.com:6443/api?timeout=32s": dial tcp: lookup api.bvh.cp.fyre.ibm.com: no such host
E0516 22:54:34.654267   71571 memcache.go:265] couldn't get current server API group list: Get "https://api.bvh.cp.fyre.ibm.com:6443/api?timeout=32s": dial tcp: lookup api.bvh.cp.fyre.ibm.com: no such host
Unable to connect to the server: dial tcp: lookup api.bvh.cp.fyre.ibm.com: no such host
[33m[DEBUG] oc get subscription.operators.coreos.com -l operators.coreos.com/ibm-common-service-operator.cp2400='' -n cp2400 -o jsonpath='{.items[*].status.conditions}' -> 

[0m
[INFO] RETRYING: Waiting for operator ibm-common-service-operator to be upgraded (43 left)
E0516 22:54:34.712689   71573 memcache.go:265] couldn't get current server API group list: Get "https://api.bvh.cp.fyre.ibm.com:6443/api?timeout=32s": dial tcp: lookup api.bvh.cp.fyre.ibm.com: no such host
E0516 22:54:34.713259   71573 memcache.go:265] couldn't get current server API group list: Get "https://api.bvh.cp.fyre.ibm.com:6443/api?timeout=32s": dial tcp: lookup api.bvh.cp.fyre.ibm.com: no such host
E0516 22:54:34.714405   71573 memcache.go:265] couldn't get current server API group list: Get "https://api.bvh.cp.fyre.ibm.com:6443/api?timeout=32s": dial tcp: lookup api.bvh.cp.fyre.ibm.com: no such host
E0516 22:54:34.715032   71573 memcache.go:265] couldn't get current server API group list: Get "https://api.bvh.cp.fyre.ibm.com:6443/api?timeout=32s": dial tcp: lookup api.bvh.cp.fyre.ibm.com: no such host
E0516 22:54:34.716981   71573 memcache.go:265] couldn't get current server API group list: Get "https://api.bvh.cp.fyre.ibm.com:6443/api?timeout=32s": dial tcp: lookup api.bvh.cp.fyre.ibm.com: no such host
Unable to connect to the server: dial tcp: lookup api.bvh.cp.fyre.ibm.com: no such host
E0516 22:56:43.600367   71626 memcache.go:265] couldn't get current server API group list: Get "https://api.bvh.cp.fyre.ibm.com:6443/api?timeout=32s": dial tcp: lookup api.bvh.cp.fyre.ibm.com: no such host
E0516 22:56:43.600789   71626 memcache.go:265] couldn't get current server API group list: Get "https://api.bvh.cp.fyre.ibm.com:6443/api?timeout=32s": dial tcp: lookup api.bvh.cp.fyre.ibm.com: no such host
E0516 22:56:43.602047   71626 memcache.go:265] couldn't get current server API group list: Get "https://api.bvh.cp.fyre.ibm.com:6443/api?timeout=32s": dial tcp: lookup api.bvh.cp.fyre.ibm.com: no such host
E0516 22:56:43.602392   71626 memcache.go:265] couldn't get current server API group list: Get "https://api.bvh.cp.fyre.ibm.com:6443/api?timeout=32s": dial tcp: lookup api.bvh.cp.fyre.ibm.com: no such host
E0516 22:56:43.603621   71626 memcache.go:265] couldn't get current server API group list: Get "https://api.bvh.cp.fyre.ibm.com:6443/api?timeout=32s": dial tcp: lookup api.bvh.cp.fyre.ibm.com: no such host
Unable to connect to the server: dial tcp: lookup api.bvh.cp.fyre.ibm.com: no such host
E0516 22:56:43.658582   71629 memcache.go:265] couldn't get current server API group list: Get "https://api.bvh.cp.fyre.ibm.com:6443/api?timeout=32s": dial tcp: lookup api.bvh.cp.fyre.ibm.com: no such host
E0516 22:56:43.659024   71629 memcache.go:265] couldn't get current server API group list: Get "https://api.bvh.cp.fyre.ibm.com:6443/api?timeout=32s": dial tcp: lookup api.bvh.cp.fyre.ibm.com: no such host
E0516 22:56:43.660223   71629 memcache.go:265] couldn't get current server API group list: Get "https://api.bvh.cp.fyre.ibm.com:6443/api?timeout=32s": dial tcp: lookup api.bvh.cp.fyre.ibm.com: no such host
E0516 22:56:43.660592   71629 memcache.go:265] couldn't get current server API group list: Get "https://api.bvh.cp.fyre.ibm.com:6443/api?timeout=32s": dial tcp: lookup api.bvh.cp.fyre.ibm.com: no such host
E0516 22:56:43.661805   71629 memcache.go:265] couldn't get current server API group list: Get "https://api.bvh.cp.fyre.ibm.com:6443/api?timeout=32s": dial tcp: lookup api.bvh.cp.fyre.ibm.com: no such host
Unable to connect to the server: dial tcp: lookup api.bvh.cp.fyre.ibm.com: no such host
[33m[DEBUG] oc get subscription.operators.coreos.com -l operators.coreos.com/ibm-common-service-operator.cp2400='' -n cp2400 -o jsonpath='{.items[*].status.conditions}' -> 

[0m
[INFO] RETRYING: Waiting for operator ibm-common-service-operator to be upgraded (42 left)
E0516 22:56:43.717374   71631 memcache.go:265] couldn't get current server API group list: Get "https://api.bvh.cp.fyre.ibm.com:6443/api?timeout=32s": dial tcp: lookup api.bvh.cp.fyre.ibm.com: no such host
E0516 22:56:43.717793   71631 memcache.go:265] couldn't get current server API group list: Get "https://api.bvh.cp.fyre.ibm.com:6443/api?timeout=32s": dial tcp: lookup api.bvh.cp.fyre.ibm.com: no such host
E0516 22:56:43.718970   71631 memcache.go:265] couldn't get current server API group list: Get "https://api.bvh.cp.fyre.ibm.com:6443/api?timeout=32s": dial tcp: lookup api.bvh.cp.fyre.ibm.com: no such host
E0516 22:56:43.719389   71631 memcache.go:265] couldn't get current server API group list: Get "https://api.bvh.cp.fyre.ibm.com:6443/api?timeout=32s": dial tcp: lookup api.bvh.cp.fyre.ibm.com: no such host
E0516 22:56:43.720547   71631 memcache.go:265] couldn't get current server API group list: Get "https://api.bvh.cp.fyre.ibm.com:6443/api?timeout=32s": dial tcp: lookup api.bvh.cp.fyre.ibm.com: no such host
Unable to connect to the server: dial tcp: lookup api.bvh.cp.fyre.ibm.com: no such host
E0516 22:57:06.611216   71686 memcache.go:265] couldn't get current server API group list: Get "https://api.bvh.cp.fyre.ibm.com:6443/api?timeout=32s": dial tcp: lookup api.bvh.cp.fyre.ibm.com: no such host
E0516 22:57:06.611702   71686 memcache.go:265] couldn't get current server API group list: Get "https://api.bvh.cp.fyre.ibm.com:6443/api?timeout=32s": dial tcp: lookup api.bvh.cp.fyre.ibm.com: no such host
E0516 22:57:06.612835   71686 memcache.go:265] couldn't get current server API group list: Get "https://api.bvh.cp.fyre.ibm.com:6443/api?timeout=32s": dial tcp: lookup api.bvh.cp.fyre.ibm.com: no such host
E0516 22:57:06.613317   71686 memcache.go:265] couldn't get current server API group list: Get "https://api.bvh.cp.fyre.ibm.com:6443/api?timeout=32s": dial tcp: lookup api.bvh.cp.fyre.ibm.com: no such host
E0516 22:57:06.614561   71686 memcache.go:265] couldn't get current server API group list: Get "https://api.bvh.cp.fyre.ibm.com:6443/api?timeout=32s": dial tcp: lookup api.bvh.cp.fyre.ibm.com: no such host
Unable to connect to the server: dial tcp: lookup api.bvh.cp.fyre.ibm.com: no such host
E0516 22:57:06.672252   71689 memcache.go:265] couldn't get current server API group list: Get "https://api.bvh.cp.fyre.ibm.com:6443/api?timeout=32s": dial tcp: lookup api.bvh.cp.fyre.ibm.com: no such host
E0516 22:57:06.672824   71689 memcache.go:265] couldn't get current server API group list: Get "https://api.bvh.cp.fyre.ibm.com:6443/api?timeout=32s": dial tcp: lookup api.bvh.cp.fyre.ibm.com: no such host
E0516 22:57:06.673919   71689 memcache.go:265] couldn't get current server API group list: Get "https://api.bvh.cp.fyre.ibm.com:6443/api?timeout=32s": dial tcp: lookup api.bvh.cp.fyre.ibm.com: no such host
E0516 22:57:06.674308   71689 memcache.go:265] couldn't get current server API group list: Get "https://api.bvh.cp.fyre.ibm.com:6443/api?timeout=32s": dial tcp: lookup api.bvh.cp.fyre.ibm.com: no such host
E0516 22:57:06.675509   71689 memcache.go:265] couldn't get current server API group list: Get "https://api.bvh.cp.fyre.ibm.com:6443/api?timeout=32s": dial tcp: lookup api.bvh.cp.fyre.ibm.com: no such host
Unable to connect to the server: dial tcp: lookup api.bvh.cp.fyre.ibm.com: no such host
[33m[DEBUG] oc get subscription.operators.coreos.com -l operators.coreos.com/ibm-common-service-operator.cp2400='' -n cp2400 -o jsonpath='{.items[*].status.conditions}' -> 

[0m
[INFO] RETRYING: Waiting for operator ibm-common-service-operator to be upgraded (41 left)
E0516 22:57:06.731051   71691 memcache.go:265] couldn't get current server API group list: Get "https://api.bvh.cp.fyre.ibm.com:6443/api?timeout=32s": dial tcp: lookup api.bvh.cp.fyre.ibm.com: no such host
E0516 22:57:06.731527   71691 memcache.go:265] couldn't get current server API group list: Get "https://api.bvh.cp.fyre.ibm.com:6443/api?timeout=32s": dial tcp: lookup api.bvh.cp.fyre.ibm.com: no such host
E0516 22:57:06.732675   71691 memcache.go:265] couldn't get current server API group list: Get "https://api.bvh.cp.fyre.ibm.com:6443/api?timeout=32s": dial tcp: lookup api.bvh.cp.fyre.ibm.com: no such host
E0516 22:57:06.733063   71691 memcache.go:265] couldn't get current server API group list: Get "https://api.bvh.cp.fyre.ibm.com:6443/api?timeout=32s": dial tcp: lookup api.bvh.cp.fyre.ibm.com: no such host
E0516 22:57:06.734257   71691 memcache.go:265] couldn't get current server API group list: Get "https://api.bvh.cp.fyre.ibm.com:6443/api?timeout=32s": dial tcp: lookup api.bvh.cp.fyre.ibm.com: no such host
Unable to connect to the server: dial tcp: lookup api.bvh.cp.fyre.ibm.com: no such host
E0516 23:15:46.385111   71787 memcache.go:265] couldn't get current server API group list: Get "https://api.bvh.cp.fyre.ibm.com:6443/api?timeout=32s": dial tcp: lookup api.bvh.cp.fyre.ibm.com: no such host
E0516 23:15:46.386606   71787 memcache.go:265] couldn't get current server API group list: Get "https://api.bvh.cp.fyre.ibm.com:6443/api?timeout=32s": dial tcp: lookup api.bvh.cp.fyre.ibm.com: no such host
E0516 23:15:46.387341   71787 memcache.go:265] couldn't get current server API group list: Get "https://api.bvh.cp.fyre.ibm.com:6443/api?timeout=32s": dial tcp: lookup api.bvh.cp.fyre.ibm.com: no such host
E0516 23:15:46.388280   71787 memcache.go:265] couldn't get current server API group list: Get "https://api.bvh.cp.fyre.ibm.com:6443/api?timeout=32s": dial tcp: lookup api.bvh.cp.fyre.ibm.com: no such host
E0516 23:15:46.388925   71787 memcache.go:265] couldn't get current server API group list: Get "https://api.bvh.cp.fyre.ibm.com:6443/api?timeout=32s": dial tcp: lookup api.bvh.cp.fyre.ibm.com: no such host
Unable to connect to the server: dial tcp: lookup api.bvh.cp.fyre.ibm.com: no such host
E0516 23:15:46.449584   71790 memcache.go:265] couldn't get current server API group list: Get "https://api.bvh.cp.fyre.ibm.com:6443/api?timeout=32s": dial tcp: lookup api.bvh.cp.fyre.ibm.com: no such host
E0516 23:15:46.450014   71790 memcache.go:265] couldn't get current server API group list: Get "https://api.bvh.cp.fyre.ibm.com:6443/api?timeout=32s": dial tcp: lookup api.bvh.cp.fyre.ibm.com: no such host
E0516 23:15:46.451208   71790 memcache.go:265] couldn't get current server API group list: Get "https://api.bvh.cp.fyre.ibm.com:6443/api?timeout=32s": dial tcp: lookup api.bvh.cp.fyre.ibm.com: no such host
E0516 23:15:46.451611   71790 memcache.go:265] couldn't get current server API group list: Get "https://api.bvh.cp.fyre.ibm.com:6443/api?timeout=32s": dial tcp: lookup api.bvh.cp.fyre.ibm.com: no such host
E0516 23:15:46.452831   71790 memcache.go:265] couldn't get current server API group list: Get "https://api.bvh.cp.fyre.ibm.com:6443/api?timeout=32s": dial tcp: lookup api.bvh.cp.fyre.ibm.com: no such host
Unable to connect to the server: dial tcp: lookup api.bvh.cp.fyre.ibm.com: no such host
[33m[DEBUG] oc get subscription.operators.coreos.com -l operators.coreos.com/ibm-common-service-operator.cp2400='' -n cp2400 -o jsonpath='{.items[*].status.conditions}' -> 

[0m
[INFO] RETRYING: Waiting for operator ibm-common-service-operator to be upgraded (40 left)
E0516 23:15:46.508658   71792 memcache.go:265] couldn't get current server API group list: Get "https://api.bvh.cp.fyre.ibm.com:6443/api?timeout=32s": dial tcp: lookup api.bvh.cp.fyre.ibm.com: no such host
E0516 23:15:46.509146   71792 memcache.go:265] couldn't get current server API group list: Get "https://api.bvh.cp.fyre.ibm.com:6443/api?timeout=32s": dial tcp: lookup api.bvh.cp.fyre.ibm.com: no such host
E0516 23:15:46.510230   71792 memcache.go:265] couldn't get current server API group list: Get "https://api.bvh.cp.fyre.ibm.com:6443/api?timeout=32s": dial tcp: lookup api.bvh.cp.fyre.ibm.com: no such host
E0516 23:15:46.510643   71792 memcache.go:265] couldn't get current server API group list: Get "https://api.bvh.cp.fyre.ibm.com:6443/api?timeout=32s": dial tcp: lookup api.bvh.cp.fyre.ibm.com: no such host
E0516 23:15:46.511874   71792 memcache.go:265] couldn't get current server API group list: Get "https://api.bvh.cp.fyre.ibm.com:6443/api?timeout=32s": dial tcp: lookup api.bvh.cp.fyre.ibm.com: no such host
Unable to connect to the server: dial tcp: lookup api.bvh.cp.fyre.ibm.com: no such host
E0516 23:53:58.173134   71929 memcache.go:265] couldn't get current server API group list: Get "https://api.bvh.cp.fyre.ibm.com:6443/api?timeout=32s": dial tcp: lookup api.bvh.cp.fyre.ibm.com: no such host
E0516 23:53:58.173866   71929 memcache.go:265] couldn't get current server API group list: Get "https://api.bvh.cp.fyre.ibm.com:6443/api?timeout=32s": dial tcp: lookup api.bvh.cp.fyre.ibm.com: no such host
E0516 23:53:58.174805   71929 memcache.go:265] couldn't get current server API group list: Get "https://api.bvh.cp.fyre.ibm.com:6443/api?timeout=32s": dial tcp: lookup api.bvh.cp.fyre.ibm.com: no such host
E0516 23:53:58.175272   71929 memcache.go:265] couldn't get current server API group list: Get "https://api.bvh.cp.fyre.ibm.com:6443/api?timeout=32s": dial tcp: lookup api.bvh.cp.fyre.ibm.com: no such host
E0516 23:53:58.176385   71929 memcache.go:265] couldn't get current server API group list: Get "https://api.bvh.cp.fyre.ibm.com:6443/api?timeout=32s": dial tcp: lookup api.bvh.cp.fyre.ibm.com: no such host
Unable to connect to the server: dial tcp: lookup api.bvh.cp.fyre.ibm.com: no such host
E0516 23:53:58.234898   71932 memcache.go:265] couldn't get current server API group list: Get "https://api.bvh.cp.fyre.ibm.com:6443/api?timeout=32s": dial tcp: lookup api.bvh.cp.fyre.ibm.com: no such host
E0516 23:53:58.235396   71932 memcache.go:265] couldn't get current server API group list: Get "https://api.bvh.cp.fyre.ibm.com:6443/api?timeout=32s": dial tcp: lookup api.bvh.cp.fyre.ibm.com: no such host
E0516 23:53:58.236614   71932 memcache.go:265] couldn't get current server API group list: Get "https://api.bvh.cp.fyre.ibm.com:6443/api?timeout=32s": dial tcp: lookup api.bvh.cp.fyre.ibm.com: no such host
E0516 23:53:58.237031   71932 memcache.go:265] couldn't get current server API group list: Get "https://api.bvh.cp.fyre.ibm.com:6443/api?timeout=32s": dial tcp: lookup api.bvh.cp.fyre.ibm.com: no such host
E0516 23:53:58.238239   71932 memcache.go:265] couldn't get current server API group list: Get "https://api.bvh.cp.fyre.ibm.com:6443/api?timeout=32s": dial tcp: lookup api.bvh.cp.fyre.ibm.com: no such host
Unable to connect to the server: dial tcp: lookup api.bvh.cp.fyre.ibm.com: no such host
[33m[DEBUG] oc get subscription.operators.coreos.com -l operators.coreos.com/ibm-common-service-operator.cp2400='' -n cp2400 -o jsonpath='{.items[*].status.conditions}' -> 

[0m
[INFO] RETRYING: Waiting for operator ibm-common-service-operator to be upgraded (39 left)
E0516 23:53:58.293552   71934 memcache.go:265] couldn't get current server API group list: Get "https://api.bvh.cp.fyre.ibm.com:6443/api?timeout=32s": dial tcp: lookup api.bvh.cp.fyre.ibm.com: no such host
E0516 23:53:58.294024   71934 memcache.go:265] couldn't get current server API group list: Get "https://api.bvh.cp.fyre.ibm.com:6443/api?timeout=32s": dial tcp: lookup api.bvh.cp.fyre.ibm.com: no such host
E0516 23:53:58.295251   71934 memcache.go:265] couldn't get current server API group list: Get "https://api.bvh.cp.fyre.ibm.com:6443/api?timeout=32s": dial tcp: lookup api.bvh.cp.fyre.ibm.com: no such host
E0516 23:53:58.295652   71934 memcache.go:265] couldn't get current server API group list: Get "https://api.bvh.cp.fyre.ibm.com:6443/api?timeout=32s": dial tcp: lookup api.bvh.cp.fyre.ibm.com: no such host
E0516 23:53:58.296858   71934 memcache.go:265] couldn't get current server API group list: Get "https://api.bvh.cp.fyre.ibm.com:6443/api?timeout=32s": dial tcp: lookup api.bvh.cp.fyre.ibm.com: no such host
Unable to connect to the server: dial tcp: lookup api.bvh.cp.fyre.ibm.com: no such host
E0517 00:21:35.700214   72090 memcache.go:265] couldn't get current server API group list: Get "https://api.bvh.cp.fyre.ibm.com:6443/api?timeout=32s": dial tcp: lookup api.bvh.cp.fyre.ibm.com: no such host
E0517 00:21:35.701388   72090 memcache.go:265] couldn't get current server API group list: Get "https://api.bvh.cp.fyre.ibm.com:6443/api?timeout=32s": dial tcp: lookup api.bvh.cp.fyre.ibm.com: no such host
E0517 00:21:35.702206   72090 memcache.go:265] couldn't get current server API group list: Get "https://api.bvh.cp.fyre.ibm.com:6443/api?timeout=32s": dial tcp: lookup api.bvh.cp.fyre.ibm.com: no such host
E0517 00:21:35.702928   72090 memcache.go:265] couldn't get current server API group list: Get "https://api.bvh.cp.fyre.ibm.com:6443/api?timeout=32s": dial tcp: lookup api.bvh.cp.fyre.ibm.com: no such host
E0517 00:21:35.703679   72090 memcache.go:265] couldn't get current server API group list: Get "https://api.bvh.cp.fyre.ibm.com:6443/api?timeout=32s": dial tcp: lookup api.bvh.cp.fyre.ibm.com: no such host
E0517 00:21:35.704393   72090 memcache.go:265] couldn't get current server API group list: Get "https://api.bvh.cp.fyre.ibm.com:6443/api?timeout=32s": dial tcp: lookup api.bvh.cp.fyre.ibm.com: no such host
E0517 00:21:35.705119   72090 memcache.go:265] couldn't get current server API group list: Get "https://api.bvh.cp.fyre.ibm.com:6443/api?timeout=32s": dial tcp: lookup api.bvh.cp.fyre.ibm.com: no such host
Unable to connect to the server: dial tcp: lookup api.bvh.cp.fyre.ibm.com: no such host
E0517 00:21:35.760014   72093 memcache.go:265] couldn't get current server API group list: Get "https://api.bvh.cp.fyre.ibm.com:6443/api?timeout=32s": dial tcp: lookup api.bvh.cp.fyre.ibm.com: no such host
E0517 00:21:35.760602   72093 memcache.go:265] couldn't get current server API group list: Get "https://api.bvh.cp.fyre.ibm.com:6443/api?timeout=32s": dial tcp: lookup api.bvh.cp.fyre.ibm.com: no such host
E0517 00:21:35.761774   72093 memcache.go:265] couldn't get current server API group list: Get "https://api.bvh.cp.fyre.ibm.com:6443/api?timeout=32s": dial tcp: lookup api.bvh.cp.fyre.ibm.com: no such host
E0517 00:21:35.762379   72093 memcache.go:265] couldn't get current server API group list: Get "https://api.bvh.cp.fyre.ibm.com:6443/api?timeout=32s": dial tcp: lookup api.bvh.cp.fyre.ibm.com: no such host
E0517 00:21:35.763387   72093 memcache.go:265] couldn't get current server API group list: Get "https://api.bvh.cp.fyre.ibm.com:6443/api?timeout=32s": dial tcp: lookup api.bvh.cp.fyre.ibm.com: no such host
E0517 00:21:35.763917   72093 memcache.go:265] couldn't get current server API group list: Get "https://api.bvh.cp.fyre.ibm.com:6443/api?timeout=32s": dial tcp: lookup api.bvh.cp.fyre.ibm.com: no such host
E0517 00:21:35.765063   72093 memcache.go:265] couldn't get current server API group list: Get "https://api.bvh.cp.fyre.ibm.com:6443/api?timeout=32s": dial tcp: lookup api.bvh.cp.fyre.ibm.com: no such host
Unable to connect to the server: dial tcp: lookup api.bvh.cp.fyre.ibm.com: no such host
[33m[DEBUG] oc get subscription.operators.coreos.com -l operators.coreos.com/ibm-common-service-operator.cp2400='' -n cp2400 -o jsonpath='{.items[*].status.conditions}' -> 

[0m
[INFO] RETRYING: Waiting for operator ibm-common-service-operator to be upgraded (38 left)
E0517 00:21:35.814636   72095 memcache.go:265] couldn't get current server API group list: Get "https://api.bvh.cp.fyre.ibm.com:6443/api?timeout=32s": dial tcp: lookup api.bvh.cp.fyre.ibm.com: no such host
E0517 00:21:35.815122   72095 memcache.go:265] couldn't get current server API group list: Get "https://api.bvh.cp.fyre.ibm.com:6443/api?timeout=32s": dial tcp: lookup api.bvh.cp.fyre.ibm.com: no such host
E0517 00:21:35.816328   72095 memcache.go:265] couldn't get current server API group list: Get "https://api.bvh.cp.fyre.ibm.com:6443/api?timeout=32s": dial tcp: lookup api.bvh.cp.fyre.ibm.com: no such host
E0517 00:21:35.816828   72095 memcache.go:265] couldn't get current server API group list: Get "https://api.bvh.cp.fyre.ibm.com:6443/api?timeout=32s": dial tcp: lookup api.bvh.cp.fyre.ibm.com: no such host
E0517 00:21:35.818005   72095 memcache.go:265] couldn't get current server API group list: Get "https://api.bvh.cp.fyre.ibm.com:6443/api?timeout=32s": dial tcp: lookup api.bvh.cp.fyre.ibm.com: no such host
E0517 00:21:35.818447   72095 memcache.go:265] couldn't get current server API group list: Get "https://api.bvh.cp.fyre.ibm.com:6443/api?timeout=32s": dial tcp: lookup api.bvh.cp.fyre.ibm.com: no such host
E0517 00:21:35.819685   72095 memcache.go:265] couldn't get current server API group list: Get "https://api.bvh.cp.fyre.ibm.com:6443/api?timeout=32s": dial tcp: lookup api.bvh.cp.fyre.ibm.com: no such host
Unable to connect to the server: dial tcp: lookup api.bvh.cp.fyre.ibm.com: no such host
E0517 01:10:32.444666   72200 memcache.go:265] couldn't get current server API group list: Get "https://api.bvh.cp.fyre.ibm.com:6443/api?timeout=32s": dial tcp: lookup api.bvh.cp.fyre.ibm.com: no such host
E0517 01:10:32.445652   72200 memcache.go:265] couldn't get current server API group list: Get "https://api.bvh.cp.fyre.ibm.com:6443/api?timeout=32s": dial tcp: lookup api.bvh.cp.fyre.ibm.com: no such host
E0517 01:10:32.446374   72200 memcache.go:265] couldn't get current server API group list: Get "https://api.bvh.cp.fyre.ibm.com:6443/api?timeout=32s": dial tcp: lookup api.bvh.cp.fyre.ibm.com: no such host
E0517 01:10:32.447397   72200 memcache.go:265] couldn't get current server API group list: Get "https://api.bvh.cp.fyre.ibm.com:6443/api?timeout=32s": dial tcp: lookup api.bvh.cp.fyre.ibm.com: no such host
E0517 01:10:32.448143   72200 memcache.go:265] couldn't get current server API group list: Get "https://api.bvh.cp.fyre.ibm.com:6443/api?timeout=32s": dial tcp: lookup api.bvh.cp.fyre.ibm.com: no such host
E0517 01:10:32.449512   72200 memcache.go:265] couldn't get current server API group list: Get "https://api.bvh.cp.fyre.ibm.com:6443/api?timeout=32s": dial tcp: lookup api.bvh.cp.fyre.ibm.com: no such host
E0517 01:10:32.450132   72200 memcache.go:265] couldn't get current server API group list: Get "https://api.bvh.cp.fyre.ibm.com:6443/api?timeout=32s": dial tcp: lookup api.bvh.cp.fyre.ibm.com: no such host
Unable to connect to the server: dial tcp: lookup api.bvh.cp.fyre.ibm.com: no such host
E0517 01:10:32.508430   72203 memcache.go:265] couldn't get current server API group list: Get "https://api.bvh.cp.fyre.ibm.com:6443/api?timeout=32s": dial tcp: lookup api.bvh.cp.fyre.ibm.com: no such host
E0517 01:10:32.508976   72203 memcache.go:265] couldn't get current server API group list: Get "https://api.bvh.cp.fyre.ibm.com:6443/api?timeout=32s": dial tcp: lookup api.bvh.cp.fyre.ibm.com: no such host
E0517 01:10:32.510124   72203 memcache.go:265] couldn't get current server API group list: Get "https://api.bvh.cp.fyre.ibm.com:6443/api?timeout=32s": dial tcp: lookup api.bvh.cp.fyre.ibm.com: no such host
E0517 01:10:32.510583   72203 memcache.go:265] couldn't get current server API group list: Get "https://api.bvh.cp.fyre.ibm.com:6443/api?timeout=32s": dial tcp: lookup api.bvh.cp.fyre.ibm.com: no such host
E0517 01:10:32.511798   72203 memcache.go:265] couldn't get current server API group list: Get "https://api.bvh.cp.fyre.ibm.com:6443/api?timeout=32s": dial tcp: lookup api.bvh.cp.fyre.ibm.com: no such host
E0517 01:10:32.512257   72203 memcache.go:265] couldn't get current server API group list: Get "https://api.bvh.cp.fyre.ibm.com:6443/api?timeout=32s": dial tcp: lookup api.bvh.cp.fyre.ibm.com: no such host
E0517 01:10:32.513416   72203 memcache.go:265] couldn't get current server API group list: Get "https://api.bvh.cp.fyre.ibm.com:6443/api?timeout=32s": dial tcp: lookup api.bvh.cp.fyre.ibm.com: no such host
Unable to connect to the server: dial tcp: lookup api.bvh.cp.fyre.ibm.com: no such host
[33m[DEBUG] oc get subscription.operators.coreos.com -l operators.coreos.com/ibm-common-service-operator.cp2400='' -n cp2400 -o jsonpath='{.items[*].status.conditions}' -> 

[0m
[INFO] RETRYING: Waiting for operator ibm-common-service-operator to be upgraded (37 left)
E0517 01:10:32.564867   72205 memcache.go:265] couldn't get current server API group list: Get "https://api.bvh.cp.fyre.ibm.com:6443/api?timeout=32s": dial tcp: lookup api.bvh.cp.fyre.ibm.com: no such host
E0517 01:10:32.565334   72205 memcache.go:265] couldn't get current server API group list: Get "https://api.bvh.cp.fyre.ibm.com:6443/api?timeout=32s": dial tcp: lookup api.bvh.cp.fyre.ibm.com: no such host
E0517 01:10:32.566549   72205 memcache.go:265] couldn't get current server API group list: Get "https://api.bvh.cp.fyre.ibm.com:6443/api?timeout=32s": dial tcp: lookup api.bvh.cp.fyre.ibm.com: no such host
E0517 01:10:32.566999   72205 memcache.go:265] couldn't get current server API group list: Get "https://api.bvh.cp.fyre.ibm.com:6443/api?timeout=32s": dial tcp: lookup api.bvh.cp.fyre.ibm.com: no such host
E0517 01:10:32.568170   72205 memcache.go:265] couldn't get current server API group list: Get "https://api.bvh.cp.fyre.ibm.com:6443/api?timeout=32s": dial tcp: lookup api.bvh.cp.fyre.ibm.com: no such host
E0517 01:10:32.568817   72205 memcache.go:265] couldn't get current server API group list: Get "https://api.bvh.cp.fyre.ibm.com:6443/api?timeout=32s": dial tcp: lookup api.bvh.cp.fyre.ibm.com: no such host
E0517 01:10:32.569823   72205 memcache.go:265] couldn't get current server API group list: Get "https://api.bvh.cp.fyre.ibm.com:6443/api?timeout=32s": dial tcp: lookup api.bvh.cp.fyre.ibm.com: no such host
Unable to connect to the server: dial tcp: lookup api.bvh.cp.fyre.ibm.com: no such host
E0517 02:15:56.426350   72364 memcache.go:265] couldn't get current server API group list: Get "https://api.bvh.cp.fyre.ibm.com:6443/api?timeout=32s": dial tcp: lookup api.bvh.cp.fyre.ibm.com: no such host
E0517 02:15:56.428165   72364 memcache.go:265] couldn't get current server API group list: Get "https://api.bvh.cp.fyre.ibm.com:6443/api?timeout=32s": dial tcp: lookup api.bvh.cp.fyre.ibm.com: no such host
E0517 02:15:56.429849   72364 memcache.go:265] couldn't get current server API group list: Get "https://api.bvh.cp.fyre.ibm.com:6443/api?timeout=32s": dial tcp: lookup api.bvh.cp.fyre.ibm.com: no such host
E0517 02:15:56.430363   72364 memcache.go:265] couldn't get current server API group list: Get "https://api.bvh.cp.fyre.ibm.com:6443/api?timeout=32s": dial tcp: lookup api.bvh.cp.fyre.ibm.com: no such host
E0517 02:15:56.431609   72364 memcache.go:265] couldn't get current server API group list: Get "https://api.bvh.cp.fyre.ibm.com:6443/api?timeout=32s": dial tcp: lookup api.bvh.cp.fyre.ibm.com: no such host
E0517 02:15:56.432078   72364 memcache.go:265] couldn't get current server API group list: Get "https://api.bvh.cp.fyre.ibm.com:6443/api?timeout=32s": dial tcp: lookup api.bvh.cp.fyre.ibm.com: no such host
E0517 02:15:56.433396   72364 memcache.go:265] couldn't get current server API group list: Get "https://api.bvh.cp.fyre.ibm.com:6443/api?timeout=32s": dial tcp: lookup api.bvh.cp.fyre.ibm.com: no such host
Unable to connect to the server: dial tcp: lookup api.bvh.cp.fyre.ibm.com: no such host
E0517 02:15:56.489843   72367 memcache.go:265] couldn't get current server API group list: Get "https://api.bvh.cp.fyre.ibm.com:6443/api?timeout=32s": dial tcp: lookup api.bvh.cp.fyre.ibm.com: no such host
E0517 02:15:56.490318   72367 memcache.go:265] couldn't get current server API group list: Get "https://api.bvh.cp.fyre.ibm.com:6443/api?timeout=32s": dial tcp: lookup api.bvh.cp.fyre.ibm.com: no such host
E0517 02:15:56.491534   72367 memcache.go:265] couldn't get current server API group list: Get "https://api.bvh.cp.fyre.ibm.com:6443/api?timeout=32s": dial tcp: lookup api.bvh.cp.fyre.ibm.com: no such host
E0517 02:15:56.491933   72367 memcache.go:265] couldn't get current server API group list: Get "https://api.bvh.cp.fyre.ibm.com:6443/api?timeout=32s": dial tcp: lookup api.bvh.cp.fyre.ibm.com: no such host
E0517 02:15:56.493218   72367 memcache.go:265] couldn't get current server API group list: Get "https://api.bvh.cp.fyre.ibm.com:6443/api?timeout=32s": dial tcp: lookup api.bvh.cp.fyre.ibm.com: no such host
E0517 02:15:56.493621   72367 memcache.go:265] couldn't get current server API group list: Get "https://api.bvh.cp.fyre.ibm.com:6443/api?timeout=32s": dial tcp: lookup api.bvh.cp.fyre.ibm.com: no such host
E0517 02:15:56.494978   72367 memcache.go:265] couldn't get current server API group list: Get "https://api.bvh.cp.fyre.ibm.com:6443/api?timeout=32s": dial tcp: lookup api.bvh.cp.fyre.ibm.com: no such host
Unable to connect to the server: dial tcp: lookup api.bvh.cp.fyre.ibm.com: no such host
[33m[DEBUG] oc get subscription.operators.coreos.com -l operators.coreos.com/ibm-common-service-operator.cp2400='' -n cp2400 -o jsonpath='{.items[*].status.conditions}' -> 

[0m
[INFO] RETRYING: Waiting for operator ibm-common-service-operator to be upgraded (36 left)
E0517 02:15:56.546066   72369 memcache.go:265] couldn't get current server API group list: Get "https://api.bvh.cp.fyre.ibm.com:6443/api?timeout=32s": dial tcp: lookup api.bvh.cp.fyre.ibm.com: no such host
E0517 02:15:56.546538   72369 memcache.go:265] couldn't get current server API group list: Get "https://api.bvh.cp.fyre.ibm.com:6443/api?timeout=32s": dial tcp: lookup api.bvh.cp.fyre.ibm.com: no such host
E0517 02:15:56.547703   72369 memcache.go:265] couldn't get current server API group list: Get "https://api.bvh.cp.fyre.ibm.com:6443/api?timeout=32s": dial tcp: lookup api.bvh.cp.fyre.ibm.com: no such host
E0517 02:15:56.548114   72369 memcache.go:265] couldn't get current server API group list: Get "https://api.bvh.cp.fyre.ibm.com:6443/api?timeout=32s": dial tcp: lookup api.bvh.cp.fyre.ibm.com: no such host
E0517 02:15:56.549333   72369 memcache.go:265] couldn't get current server API group list: Get "https://api.bvh.cp.fyre.ibm.com:6443/api?timeout=32s": dial tcp: lookup api.bvh.cp.fyre.ibm.com: no such host
E0517 02:15:56.549730   72369 memcache.go:265] couldn't get current server API group list: Get "https://api.bvh.cp.fyre.ibm.com:6443/api?timeout=32s": dial tcp: lookup api.bvh.cp.fyre.ibm.com: no such host
E0517 02:15:56.551024   72369 memcache.go:265] couldn't get current server API group list: Get "https://api.bvh.cp.fyre.ibm.com:6443/api?timeout=32s": dial tcp: lookup api.bvh.cp.fyre.ibm.com: no such host
Unable to connect to the server: dial tcp: lookup api.bvh.cp.fyre.ibm.com: no such host
E0517 03:25:59.202342   72509 memcache.go:265] couldn't get current server API group list: Get "https://api.bvh.cp.fyre.ibm.com:6443/api?timeout=32s": dial tcp: lookup api.bvh.cp.fyre.ibm.com: no such host
E0517 03:25:59.205298   72509 memcache.go:265] couldn't get current server API group list: Get "https://api.bvh.cp.fyre.ibm.com:6443/api?timeout=32s": dial tcp: lookup api.bvh.cp.fyre.ibm.com: no such host
E0517 03:25:59.206221   72509 memcache.go:265] couldn't get current server API group list: Get "https://api.bvh.cp.fyre.ibm.com:6443/api?timeout=32s": dial tcp: lookup api.bvh.cp.fyre.ibm.com: no such host
E0517 03:25:59.207411   72509 memcache.go:265] couldn't get current server API group list: Get "https://api.bvh.cp.fyre.ibm.com:6443/api?timeout=32s": dial tcp: lookup api.bvh.cp.fyre.ibm.com: no such host
E0517 03:25:59.208200   72509 memcache.go:265] couldn't get current server API group list: Get "https://api.bvh.cp.fyre.ibm.com:6443/api?timeout=32s": dial tcp: lookup api.bvh.cp.fyre.ibm.com: no such host
E0517 03:25:59.209391   72509 memcache.go:265] couldn't get current server API group list: Get "https://api.bvh.cp.fyre.ibm.com:6443/api?timeout=32s": dial tcp: lookup api.bvh.cp.fyre.ibm.com: no such host
E0517 03:25:59.209830   72509 memcache.go:265] couldn't get current server API group list: Get "https://api.bvh.cp.fyre.ibm.com:6443/api?timeout=32s": dial tcp: lookup api.bvh.cp.fyre.ibm.com: no such host
Unable to connect to the server: dial tcp: lookup api.bvh.cp.fyre.ibm.com: no such host
E0517 03:25:59.263733   72525 memcache.go:265] couldn't get current server API group list: Get "https://api.bvh.cp.fyre.ibm.com:6443/api?timeout=32s": dial tcp: lookup api.bvh.cp.fyre.ibm.com: no such host
E0517 03:25:59.264333   72525 memcache.go:265] couldn't get current server API group list: Get "https://api.bvh.cp.fyre.ibm.com:6443/api?timeout=32s": dial tcp: lookup api.bvh.cp.fyre.ibm.com: no such host
E0517 03:25:59.265506   72525 memcache.go:265] couldn't get current server API group list: Get "https://api.bvh.cp.fyre.ibm.com:6443/api?timeout=32s": dial tcp: lookup api.bvh.cp.fyre.ibm.com: no such host
E0517 03:25:59.265937   72525 memcache.go:265] couldn't get current server API group list: Get "https://api.bvh.cp.fyre.ibm.com:6443/api?timeout=32s": dial tcp: lookup api.bvh.cp.fyre.ibm.com: no such host
E0517 03:25:59.267511   72525 memcache.go:265] couldn't get current server API group list: Get "https://api.bvh.cp.fyre.ibm.com:6443/api?timeout=32s": dial tcp: lookup api.bvh.cp.fyre.ibm.com: no such host
E0517 03:25:59.268206   72525 memcache.go:265] couldn't get current server API group list: Get "https://api.bvh.cp.fyre.ibm.com:6443/api?timeout=32s": dial tcp: lookup api.bvh.cp.fyre.ibm.com: no such host
E0517 03:25:59.269391   72525 memcache.go:265] couldn't get current server API group list: Get "https://api.bvh.cp.fyre.ibm.com:6443/api?timeout=32s": dial tcp: lookup api.bvh.cp.fyre.ibm.com: no such host
Unable to connect to the server: dial tcp: lookup api.bvh.cp.fyre.ibm.com: no such host
[33m[DEBUG] oc get subscription.operators.coreos.com -l operators.coreos.com/ibm-common-service-operator.cp2400='' -n cp2400 -o jsonpath='{.items[*].status.conditions}' -> 

[0m
[INFO] RETRYING: Waiting for operator ibm-common-service-operator to be upgraded (35 left)
E0517 03:25:59.319765   72535 memcache.go:265] couldn't get current server API group list: Get "https://api.bvh.cp.fyre.ibm.com:6443/api?timeout=32s": dial tcp: lookup api.bvh.cp.fyre.ibm.com: no such host
E0517 03:25:59.320296   72535 memcache.go:265] couldn't get current server API group list: Get "https://api.bvh.cp.fyre.ibm.com:6443/api?timeout=32s": dial tcp: lookup api.bvh.cp.fyre.ibm.com: no such host
E0517 03:25:59.321394   72535 memcache.go:265] couldn't get current server API group list: Get "https://api.bvh.cp.fyre.ibm.com:6443/api?timeout=32s": dial tcp: lookup api.bvh.cp.fyre.ibm.com: no such host
E0517 03:25:59.321858   72535 memcache.go:265] couldn't get current server API group list: Get "https://api.bvh.cp.fyre.ibm.com:6443/api?timeout=32s": dial tcp: lookup api.bvh.cp.fyre.ibm.com: no such host
E0517 03:25:59.323002   72535 memcache.go:265] couldn't get current server API group list: Get "https://api.bvh.cp.fyre.ibm.com:6443/api?timeout=32s": dial tcp: lookup api.bvh.cp.fyre.ibm.com: no such host
E0517 03:25:59.323407   72535 memcache.go:265] couldn't get current server API group list: Get "https://api.bvh.cp.fyre.ibm.com:6443/api?timeout=32s": dial tcp: lookup api.bvh.cp.fyre.ibm.com: no such host
E0517 03:25:59.324615   72535 memcache.go:265] couldn't get current server API group list: Get "https://api.bvh.cp.fyre.ibm.com:6443/api?timeout=32s": dial tcp: lookup api.bvh.cp.fyre.ibm.com: no such host
Unable to connect to the server: dial tcp: lookup api.bvh.cp.fyre.ibm.com: no such host
E0517 04:31:11.568100   72743 memcache.go:265] couldn't get current server API group list: Get "https://api.bvh.cp.fyre.ibm.com:6443/api?timeout=32s": dial tcp: lookup api.bvh.cp.fyre.ibm.com: no such host
E0517 04:31:11.570469   72743 memcache.go:265] couldn't get current server API group list: Get "https://api.bvh.cp.fyre.ibm.com:6443/api?timeout=32s": dial tcp: lookup api.bvh.cp.fyre.ibm.com: no such host
E0517 04:31:11.572443   72743 memcache.go:265] couldn't get current server API group list: Get "https://api.bvh.cp.fyre.ibm.com:6443/api?timeout=32s": dial tcp: lookup api.bvh.cp.fyre.ibm.com: no such host
E0517 04:31:11.573370   72743 memcache.go:265] couldn't get current server API group list: Get "https://api.bvh.cp.fyre.ibm.com:6443/api?timeout=32s": dial tcp: lookup api.bvh.cp.fyre.ibm.com: no such host
E0517 04:31:11.574736   72743 memcache.go:265] couldn't get current server API group list: Get "https://api.bvh.cp.fyre.ibm.com:6443/api?timeout=32s": dial tcp: lookup api.bvh.cp.fyre.ibm.com: no such host
E0517 04:31:11.575998   72743 memcache.go:265] couldn't get current server API group list: Get "https://api.bvh.cp.fyre.ibm.com:6443/api?timeout=32s": dial tcp: lookup api.bvh.cp.fyre.ibm.com: no such host
E0517 04:31:11.577617   72743 memcache.go:265] couldn't get current server API group list: Get "https://api.bvh.cp.fyre.ibm.com:6443/api?timeout=32s": dial tcp: lookup api.bvh.cp.fyre.ibm.com: no such host
Unable to connect to the server: dial tcp: lookup api.bvh.cp.fyre.ibm.com: no such host
E0517 04:31:11.644354   72746 memcache.go:265] couldn't get current server API group list: Get "https://api.bvh.cp.fyre.ibm.com:6443/api?timeout=32s": dial tcp: lookup api.bvh.cp.fyre.ibm.com: no such host
E0517 04:31:11.645246   72746 memcache.go:265] couldn't get current server API group list: Get "https://api.bvh.cp.fyre.ibm.com:6443/api?timeout=32s": dial tcp: lookup api.bvh.cp.fyre.ibm.com: no such host
E0517 04:31:11.646481   72746 memcache.go:265] couldn't get current server API group list: Get "https://api.bvh.cp.fyre.ibm.com:6443/api?timeout=32s": dial tcp: lookup api.bvh.cp.fyre.ibm.com: no such host
E0517 04:31:11.647195   72746 memcache.go:265] couldn't get current server API group list: Get "https://api.bvh.cp.fyre.ibm.com:6443/api?timeout=32s": dial tcp: lookup api.bvh.cp.fyre.ibm.com: no such host
E0517 04:31:11.648261   72746 memcache.go:265] couldn't get current server API group list: Get "https://api.bvh.cp.fyre.ibm.com:6443/api?timeout=32s": dial tcp: lookup api.bvh.cp.fyre.ibm.com: no such host
E0517 04:31:11.648946   72746 memcache.go:265] couldn't get current server API group list: Get "https://api.bvh.cp.fyre.ibm.com:6443/api?timeout=32s": dial tcp: lookup api.bvh.cp.fyre.ibm.com: no such host
E0517 04:31:11.650133   72746 memcache.go:265] couldn't get current server API group list: Get "https://api.bvh.cp.fyre.ibm.com:6443/api?timeout=32s": dial tcp: lookup api.bvh.cp.fyre.ibm.com: no such host
Unable to connect to the server: dial tcp: lookup api.bvh.cp.fyre.ibm.com: no such host
[33m[DEBUG] oc get subscription.operators.coreos.com -l operators.coreos.com/ibm-common-service-operator.cp2400='' -n cp2400 -o jsonpath='{.items[*].status.conditions}' -> 

[0m
[INFO] RETRYING: Waiting for operator ibm-common-service-operator to be upgraded (34 left)
E0517 04:31:11.723416   72748 memcache.go:265] couldn't get current server API group list: Get "https://api.bvh.cp.fyre.ibm.com:6443/api?timeout=32s": dial tcp: lookup api.bvh.cp.fyre.ibm.com: no such host
E0517 04:31:11.723878   72748 memcache.go:265] couldn't get current server API group list: Get "https://api.bvh.cp.fyre.ibm.com:6443/api?timeout=32s": dial tcp: lookup api.bvh.cp.fyre.ibm.com: no such host
E0517 04:31:11.725118   72748 memcache.go:265] couldn't get current server API group list: Get "https://api.bvh.cp.fyre.ibm.com:6443/api?timeout=32s": dial tcp: lookup api.bvh.cp.fyre.ibm.com: no such host
E0517 04:31:11.725519   72748 memcache.go:265] couldn't get current server API group list: Get "https://api.bvh.cp.fyre.ibm.com:6443/api?timeout=32s": dial tcp: lookup api.bvh.cp.fyre.ibm.com: no such host
E0517 04:31:11.726676   72748 memcache.go:265] couldn't get current server API group list: Get "https://api.bvh.cp.fyre.ibm.com:6443/api?timeout=32s": dial tcp: lookup api.bvh.cp.fyre.ibm.com: no such host
E0517 04:31:11.726988   72748 memcache.go:265] couldn't get current server API group list: Get "https://api.bvh.cp.fyre.ibm.com:6443/api?timeout=32s": dial tcp: lookup api.bvh.cp.fyre.ibm.com: no such host
E0517 04:31:11.728235   72748 memcache.go:265] couldn't get current server API group list: Get "https://api.bvh.cp.fyre.ibm.com:6443/api?timeout=32s": dial tcp: lookup api.bvh.cp.fyre.ibm.com: no such host
Unable to connect to the server: dial tcp: lookup api.bvh.cp.fyre.ibm.com: no such host
E0517 05:20:28.668640   72891 memcache.go:265] couldn't get current server API group list: Get "https://api.bvh.cp.fyre.ibm.com:6443/api?timeout=32s": dial tcp: lookup api.bvh.cp.fyre.ibm.com: no such host
E0517 05:20:28.670193   72891 memcache.go:265] couldn't get current server API group list: Get "https://api.bvh.cp.fyre.ibm.com:6443/api?timeout=32s": dial tcp: lookup api.bvh.cp.fyre.ibm.com: no such host
E0517 05:20:28.671401   72891 memcache.go:265] couldn't get current server API group list: Get "https://api.bvh.cp.fyre.ibm.com:6443/api?timeout=32s": dial tcp: lookup api.bvh.cp.fyre.ibm.com: no such host
E0517 05:20:28.672251   72891 memcache.go:265] couldn't get current server API group list: Get "https://api.bvh.cp.fyre.ibm.com:6443/api?timeout=32s": dial tcp: lookup api.bvh.cp.fyre.ibm.com: no such host
E0517 05:20:28.673337   72891 memcache.go:265] couldn't get current server API group list: Get "https://api.bvh.cp.fyre.ibm.com:6443/api?timeout=32s": dial tcp: lookup api.bvh.cp.fyre.ibm.com: no such host
E0517 05:20:28.674092   72891 memcache.go:265] couldn't get current server API group list: Get "https://api.bvh.cp.fyre.ibm.com:6443/api?timeout=32s": dial tcp: lookup api.bvh.cp.fyre.ibm.com: no such host
E0517 05:20:28.675168   72891 memcache.go:265] couldn't get current server API group list: Get "https://api.bvh.cp.fyre.ibm.com:6443/api?timeout=32s": dial tcp: lookup api.bvh.cp.fyre.ibm.com: no such host
Unable to connect to the server: dial tcp: lookup api.bvh.cp.fyre.ibm.com: no such host
E0517 05:20:28.733412   72894 memcache.go:265] couldn't get current server API group list: Get "https://api.bvh.cp.fyre.ibm.com:6443/api?timeout=32s": dial tcp: lookup api.bvh.cp.fyre.ibm.com: no such host
E0517 05:20:28.733996   72894 memcache.go:265] couldn't get current server API group list: Get "https://api.bvh.cp.fyre.ibm.com:6443/api?timeout=32s": dial tcp: lookup api.bvh.cp.fyre.ibm.com: no such host
E0517 05:20:28.735070   72894 memcache.go:265] couldn't get current server API group list: Get "https://api.bvh.cp.fyre.ibm.com:6443/api?timeout=32s": dial tcp: lookup api.bvh.cp.fyre.ibm.com: no such host
E0517 05:20:28.735548   72894 memcache.go:265] couldn't get current server API group list: Get "https://api.bvh.cp.fyre.ibm.com:6443/api?timeout=32s": dial tcp: lookup api.bvh.cp.fyre.ibm.com: no such host
E0517 05:20:28.736548   72894 memcache.go:265] couldn't get current server API group list: Get "https://api.bvh.cp.fyre.ibm.com:6443/api?timeout=32s": dial tcp: lookup api.bvh.cp.fyre.ibm.com: no such host
E0517 05:20:28.736926   72894 memcache.go:265] couldn't get current server API group list: Get "https://api.bvh.cp.fyre.ibm.com:6443/api?timeout=32s": dial tcp: lookup api.bvh.cp.fyre.ibm.com: no such host
E0517 05:20:28.738137   72894 memcache.go:265] couldn't get current server API group list: Get "https://api.bvh.cp.fyre.ibm.com:6443/api?timeout=32s": dial tcp: lookup api.bvh.cp.fyre.ibm.com: no such host
Unable to connect to the server: dial tcp: lookup api.bvh.cp.fyre.ibm.com: no such host
[33m[DEBUG] oc get subscription.operators.coreos.com -l operators.coreos.com/ibm-common-service-operator.cp2400='' -n cp2400 -o jsonpath='{.items[*].status.conditions}' -> 

[0m
[INFO] RETRYING: Waiting for operator ibm-common-service-operator to be upgraded (33 left)
E0517 05:20:28.794962   72898 memcache.go:265] couldn't get current server API group list: Get "https://api.bvh.cp.fyre.ibm.com:6443/api?timeout=32s": dial tcp: lookup api.bvh.cp.fyre.ibm.com: no such host
E0517 05:20:28.795426   72898 memcache.go:265] couldn't get current server API group list: Get "https://api.bvh.cp.fyre.ibm.com:6443/api?timeout=32s": dial tcp: lookup api.bvh.cp.fyre.ibm.com: no such host
E0517 05:20:28.796855   72898 memcache.go:265] couldn't get current server API group list: Get "https://api.bvh.cp.fyre.ibm.com:6443/api?timeout=32s": dial tcp: lookup api.bvh.cp.fyre.ibm.com: no such host
E0517 05:20:28.797509   72898 memcache.go:265] couldn't get current server API group list: Get "https://api.bvh.cp.fyre.ibm.com:6443/api?timeout=32s": dial tcp: lookup api.bvh.cp.fyre.ibm.com: no such host
E0517 05:20:28.798555   72898 memcache.go:265] couldn't get current server API group list: Get "https://api.bvh.cp.fyre.ibm.com:6443/api?timeout=32s": dial tcp: lookup api.bvh.cp.fyre.ibm.com: no such host
E0517 05:20:28.798907   72898 memcache.go:265] couldn't get current server API group list: Get "https://api.bvh.cp.fyre.ibm.com:6443/api?timeout=32s": dial tcp: lookup api.bvh.cp.fyre.ibm.com: no such host
E0517 05:20:28.800226   72898 memcache.go:265] couldn't get current server API group list: Get "https://api.bvh.cp.fyre.ibm.com:6443/api?timeout=32s": dial tcp: lookup api.bvh.cp.fyre.ibm.com: no such host
Unable to connect to the server: dial tcp: lookup api.bvh.cp.fyre.ibm.com: no such host
E0517 05:58:23.477681   73006 memcache.go:265] couldn't get current server API group list: Get "https://api.bvh.cp.fyre.ibm.com:6443/api?timeout=32s": dial tcp: lookup api.bvh.cp.fyre.ibm.com: no such host
E0517 05:58:23.478591   73006 memcache.go:265] couldn't get current server API group list: Get "https://api.bvh.cp.fyre.ibm.com:6443/api?timeout=32s": dial tcp: lookup api.bvh.cp.fyre.ibm.com: no such host
E0517 05:58:23.479865   73006 memcache.go:265] couldn't get current server API group list: Get "https://api.bvh.cp.fyre.ibm.com:6443/api?timeout=32s": dial tcp: lookup api.bvh.cp.fyre.ibm.com: no such host
E0517 05:58:23.480458   73006 memcache.go:265] couldn't get current server API group list: Get "https://api.bvh.cp.fyre.ibm.com:6443/api?timeout=32s": dial tcp: lookup api.bvh.cp.fyre.ibm.com: no such host
E0517 05:58:23.481606   73006 memcache.go:265] couldn't get current server API group list: Get "https://api.bvh.cp.fyre.ibm.com:6443/api?timeout=32s": dial tcp: lookup api.bvh.cp.fyre.ibm.com: no such host
E0517 05:58:23.482064   73006 memcache.go:265] couldn't get current server API group list: Get "https://api.bvh.cp.fyre.ibm.com:6443/api?timeout=32s": dial tcp: lookup api.bvh.cp.fyre.ibm.com: no such host
E0517 05:58:23.483454   73006 memcache.go:265] couldn't get current server API group list: Get "https://api.bvh.cp.fyre.ibm.com:6443/api?timeout=32s": dial tcp: lookup api.bvh.cp.fyre.ibm.com: no such host
Unable to connect to the server: dial tcp: lookup api.bvh.cp.fyre.ibm.com: no such host
E0517 05:58:23.539534   73009 memcache.go:265] couldn't get current server API group list: Get "https://api.bvh.cp.fyre.ibm.com:6443/api?timeout=32s": dial tcp: lookup api.bvh.cp.fyre.ibm.com: no such host
E0517 05:58:23.540119   73009 memcache.go:265] couldn't get current server API group list: Get "https://api.bvh.cp.fyre.ibm.com:6443/api?timeout=32s": dial tcp: lookup api.bvh.cp.fyre.ibm.com: no such host
E0517 05:58:23.541178   73009 memcache.go:265] couldn't get current server API group list: Get "https://api.bvh.cp.fyre.ibm.com:6443/api?timeout=32s": dial tcp: lookup api.bvh.cp.fyre.ibm.com: no such host
E0517 05:58:23.541758   73009 memcache.go:265] couldn't get current server API group list: Get "https://api.bvh.cp.fyre.ibm.com:6443/api?timeout=32s": dial tcp: lookup api.bvh.cp.fyre.ibm.com: no such host
E0517 05:58:23.543082   73009 memcache.go:265] couldn't get current server API group list: Get "https://api.bvh.cp.fyre.ibm.com:6443/api?timeout=32s": dial tcp: lookup api.bvh.cp.fyre.ibm.com: no such host
E0517 05:58:23.543779   73009 memcache.go:265] couldn't get current server API group list: Get "https://api.bvh.cp.fyre.ibm.com:6443/api?timeout=32s": dial tcp: lookup api.bvh.cp.fyre.ibm.com: no such host
E0517 05:58:23.544771   73009 memcache.go:265] couldn't get current server API group list: Get "https://api.bvh.cp.fyre.ibm.com:6443/api?timeout=32s": dial tcp: lookup api.bvh.cp.fyre.ibm.com: no such host
Unable to connect to the server: dial tcp: lookup api.bvh.cp.fyre.ibm.com: no such host
[33m[DEBUG] oc get subscription.operators.coreos.com -l operators.coreos.com/ibm-common-service-operator.cp2400='' -n cp2400 -o jsonpath='{.items[*].status.conditions}' -> 

[0m
[INFO] RETRYING: Waiting for operator ibm-common-service-operator to be upgraded (32 left)
E0517 05:58:23.592530   73011 memcache.go:265] couldn't get current server API group list: Get "https://api.bvh.cp.fyre.ibm.com:6443/api?timeout=32s": dial tcp: lookup api.bvh.cp.fyre.ibm.com: no such host
E0517 05:58:23.593186   73011 memcache.go:265] couldn't get current server API group list: Get "https://api.bvh.cp.fyre.ibm.com:6443/api?timeout=32s": dial tcp: lookup api.bvh.cp.fyre.ibm.com: no such host
E0517 05:58:23.594247   73011 memcache.go:265] couldn't get current server API group list: Get "https://api.bvh.cp.fyre.ibm.com:6443/api?timeout=32s": dial tcp: lookup api.bvh.cp.fyre.ibm.com: no such host
E0517 05:58:23.595023   73011 memcache.go:265] couldn't get current server API group list: Get "https://api.bvh.cp.fyre.ibm.com:6443/api?timeout=32s": dial tcp: lookup api.bvh.cp.fyre.ibm.com: no such host
E0517 05:58:23.596145   73011 memcache.go:265] couldn't get current server API group list: Get "https://api.bvh.cp.fyre.ibm.com:6443/api?timeout=32s": dial tcp: lookup api.bvh.cp.fyre.ibm.com: no such host
E0517 05:58:23.596979   73011 memcache.go:265] couldn't get current server API group list: Get "https://api.bvh.cp.fyre.ibm.com:6443/api?timeout=32s": dial tcp: lookup api.bvh.cp.fyre.ibm.com: no such host
E0517 05:58:23.597905   73011 memcache.go:265] couldn't get current server API group list: Get "https://api.bvh.cp.fyre.ibm.com:6443/api?timeout=32s": dial tcp: lookup api.bvh.cp.fyre.ibm.com: no such host
Unable to connect to the server: dial tcp: lookup api.bvh.cp.fyre.ibm.com: no such host
E0517 06:31:32.393239   73168 memcache.go:265] couldn't get current server API group list: Get "https://api.bvh.cp.fyre.ibm.com:6443/api?timeout=32s": dial tcp: lookup api.bvh.cp.fyre.ibm.com: no such host
E0517 06:31:32.394197   73168 memcache.go:265] couldn't get current server API group list: Get "https://api.bvh.cp.fyre.ibm.com:6443/api?timeout=32s": dial tcp: lookup api.bvh.cp.fyre.ibm.com: no such host
E0517 06:31:32.394965   73168 memcache.go:265] couldn't get current server API group list: Get "https://api.bvh.cp.fyre.ibm.com:6443/api?timeout=32s": dial tcp: lookup api.bvh.cp.fyre.ibm.com: no such host
E0517 06:31:32.395882   73168 memcache.go:265] couldn't get current server API group list: Get "https://api.bvh.cp.fyre.ibm.com:6443/api?timeout=32s": dial tcp: lookup api.bvh.cp.fyre.ibm.com: no such host
E0517 06:31:32.396542   73168 memcache.go:265] couldn't get current server API group list: Get "https://api.bvh.cp.fyre.ibm.com:6443/api?timeout=32s": dial tcp: lookup api.bvh.cp.fyre.ibm.com: no such host
E0517 06:31:32.397518   73168 memcache.go:265] couldn't get current server API group list: Get "https://api.bvh.cp.fyre.ibm.com:6443/api?timeout=32s": dial tcp: lookup api.bvh.cp.fyre.ibm.com: no such host
E0517 06:31:32.398033   73168 memcache.go:265] couldn't get current server API group list: Get "https://api.bvh.cp.fyre.ibm.com:6443/api?timeout=32s": dial tcp: lookup api.bvh.cp.fyre.ibm.com: no such host
Unable to connect to the server: dial tcp: lookup api.bvh.cp.fyre.ibm.com: no such host
E0517 06:31:32.463257   73171 memcache.go:265] couldn't get current server API group list: Get "https://api.bvh.cp.fyre.ibm.com:6443/api?timeout=32s": dial tcp: lookup api.bvh.cp.fyre.ibm.com: no such host
E0517 06:31:32.463963   73171 memcache.go:265] couldn't get current server API group list: Get "https://api.bvh.cp.fyre.ibm.com:6443/api?timeout=32s": dial tcp: lookup api.bvh.cp.fyre.ibm.com: no such host
E0517 06:31:32.464917   73171 memcache.go:265] couldn't get current server API group list: Get "https://api.bvh.cp.fyre.ibm.com:6443/api?timeout=32s": dial tcp: lookup api.bvh.cp.fyre.ibm.com: no such host
E0517 06:31:32.465462   73171 memcache.go:265] couldn't get current server API group list: Get "https://api.bvh.cp.fyre.ibm.com:6443/api?timeout=32s": dial tcp: lookup api.bvh.cp.fyre.ibm.com: no such host
E0517 06:31:32.466460   73171 memcache.go:265] couldn't get current server API group list: Get "https://api.bvh.cp.fyre.ibm.com:6443/api?timeout=32s": dial tcp: lookup api.bvh.cp.fyre.ibm.com: no such host
E0517 06:31:32.466953   73171 memcache.go:265] couldn't get current server API group list: Get "https://api.bvh.cp.fyre.ibm.com:6443/api?timeout=32s": dial tcp: lookup api.bvh.cp.fyre.ibm.com: no such host
E0517 06:31:32.467999   73171 memcache.go:265] couldn't get current server API group list: Get "https://api.bvh.cp.fyre.ibm.com:6443/api?timeout=32s": dial tcp: lookup api.bvh.cp.fyre.ibm.com: no such host
Unable to connect to the server: dial tcp: lookup api.bvh.cp.fyre.ibm.com: no such host
[33m[DEBUG] oc get subscription.operators.coreos.com -l operators.coreos.com/ibm-common-service-operator.cp2400='' -n cp2400 -o jsonpath='{.items[*].status.conditions}' -> 

[0m
[INFO] RETRYING: Waiting for operator ibm-common-service-operator to be upgraded (31 left)
E0517 06:31:32.518760   73173 memcache.go:265] couldn't get current server API group list: Get "https://api.bvh.cp.fyre.ibm.com:6443/api?timeout=32s": dial tcp: lookup api.bvh.cp.fyre.ibm.com: no such host
E0517 06:31:32.519270   73173 memcache.go:265] couldn't get current server API group list: Get "https://api.bvh.cp.fyre.ibm.com:6443/api?timeout=32s": dial tcp: lookup api.bvh.cp.fyre.ibm.com: no such host
E0517 06:31:32.520409   73173 memcache.go:265] couldn't get current server API group list: Get "https://api.bvh.cp.fyre.ibm.com:6443/api?timeout=32s": dial tcp: lookup api.bvh.cp.fyre.ibm.com: no such host
E0517 06:31:32.520896   73173 memcache.go:265] couldn't get current server API group list: Get "https://api.bvh.cp.fyre.ibm.com:6443/api?timeout=32s": dial tcp: lookup api.bvh.cp.fyre.ibm.com: no such host
E0517 06:31:32.521993   73173 memcache.go:265] couldn't get current server API group list: Get "https://api.bvh.cp.fyre.ibm.com:6443/api?timeout=32s": dial tcp: lookup api.bvh.cp.fyre.ibm.com: no such host
E0517 06:31:32.522371   73173 memcache.go:265] couldn't get current server API group list: Get "https://api.bvh.cp.fyre.ibm.com:6443/api?timeout=32s": dial tcp: lookup api.bvh.cp.fyre.ibm.com: no such host
E0517 06:31:32.523585   73173 memcache.go:265] couldn't get current server API group list: Get "https://api.bvh.cp.fyre.ibm.com:6443/api?timeout=32s": dial tcp: lookup api.bvh.cp.fyre.ibm.com: no such host
Unable to connect to the server: dial tcp: lookup api.bvh.cp.fyre.ibm.com: no such host
E0517 07:33:09.896600   73284 memcache.go:265] couldn't get current server API group list: Get "https://api.bvh.cp.fyre.ibm.com:6443/api?timeout=32s": dial tcp: lookup api.bvh.cp.fyre.ibm.com: no such host
E0517 07:33:09.897970   73284 memcache.go:265] couldn't get current server API group list: Get "https://api.bvh.cp.fyre.ibm.com:6443/api?timeout=32s": dial tcp: lookup api.bvh.cp.fyre.ibm.com: no such host
E0517 07:33:09.898714   73284 memcache.go:265] couldn't get current server API group list: Get "https://api.bvh.cp.fyre.ibm.com:6443/api?timeout=32s": dial tcp: lookup api.bvh.cp.fyre.ibm.com: no such host
E0517 07:33:09.900001   73284 memcache.go:265] couldn't get current server API group list: Get "https://api.bvh.cp.fyre.ibm.com:6443/api?timeout=32s": dial tcp: lookup api.bvh.cp.fyre.ibm.com: no such host
E0517 07:33:09.900835   73284 memcache.go:265] couldn't get current server API group list: Get "https://api.bvh.cp.fyre.ibm.com:6443/api?timeout=32s": dial tcp: lookup api.bvh.cp.fyre.ibm.com: no such host
E0517 07:33:09.901850   73284 memcache.go:265] couldn't get current server API group list: Get "https://api.bvh.cp.fyre.ibm.com:6443/api?timeout=32s": dial tcp: lookup api.bvh.cp.fyre.ibm.com: no such host
E0517 07:33:09.902690   73284 memcache.go:265] couldn't get current server API group list: Get "https://api.bvh.cp.fyre.ibm.com:6443/api?timeout=32s": dial tcp: lookup api.bvh.cp.fyre.ibm.com: no such host
Unable to connect to the server: dial tcp: lookup api.bvh.cp.fyre.ibm.com: no such host
E0517 07:33:09.999808   73407 memcache.go:265] couldn't get current server API group list: Get "https://api.bvh.cp.fyre.ibm.com:6443/api?timeout=32s": dial tcp: lookup api.bvh.cp.fyre.ibm.com: no such host
E0517 07:33:10.000373   73407 memcache.go:265] couldn't get current server API group list: Get "https://api.bvh.cp.fyre.ibm.com:6443/api?timeout=32s": dial tcp: lookup api.bvh.cp.fyre.ibm.com: no such host
E0517 07:33:10.001416   73407 memcache.go:265] couldn't get current server API group list: Get "https://api.bvh.cp.fyre.ibm.com:6443/api?timeout=32s": dial tcp: lookup api.bvh.cp.fyre.ibm.com: no such host
E0517 07:33:10.001868   73407 memcache.go:265] couldn't get current server API group list: Get "https://api.bvh.cp.fyre.ibm.com:6443/api?timeout=32s": dial tcp: lookup api.bvh.cp.fyre.ibm.com: no such host
E0517 07:33:10.002980   73407 memcache.go:265] couldn't get current server API group list: Get "https://api.bvh.cp.fyre.ibm.com:6443/api?timeout=32s": dial tcp: lookup api.bvh.cp.fyre.ibm.com: no such host
E0517 07:33:10.003379   73407 memcache.go:265] couldn't get current server API group list: Get "https://api.bvh.cp.fyre.ibm.com:6443/api?timeout=32s": dial tcp: lookup api.bvh.cp.fyre.ibm.com: no such host
E0517 07:33:10.004595   73407 memcache.go:265] couldn't get current server API group list: Get "https://api.bvh.cp.fyre.ibm.com:6443/api?timeout=32s": dial tcp: lookup api.bvh.cp.fyre.ibm.com: no such host
Unable to connect to the server: dial tcp: lookup api.bvh.cp.fyre.ibm.com: no such host
[33m[DEBUG] oc get subscription.operators.coreos.com -l operators.coreos.com/ibm-common-service-operator.cp2400='' -n cp2400 -o jsonpath='{.items[*].status.conditions}' -> 

[0m
[INFO] RETRYING: Waiting for operator ibm-common-service-operator to be upgraded (30 left)
E0517 07:33:10.056085   73409 memcache.go:265] couldn't get current server API group list: Get "https://api.bvh.cp.fyre.ibm.com:6443/api?timeout=32s": dial tcp: lookup api.bvh.cp.fyre.ibm.com: no such host
E0517 07:33:10.056577   73409 memcache.go:265] couldn't get current server API group list: Get "https://api.bvh.cp.fyre.ibm.com:6443/api?timeout=32s": dial tcp: lookup api.bvh.cp.fyre.ibm.com: no such host
E0517 07:33:10.057929   73409 memcache.go:265] couldn't get current server API group list: Get "https://api.bvh.cp.fyre.ibm.com:6443/api?timeout=32s": dial tcp: lookup api.bvh.cp.fyre.ibm.com: no such host
E0517 07:33:10.058478   73409 memcache.go:265] couldn't get current server API group list: Get "https://api.bvh.cp.fyre.ibm.com:6443/api?timeout=32s": dial tcp: lookup api.bvh.cp.fyre.ibm.com: no such host
E0517 07:33:10.059725   73409 memcache.go:265] couldn't get current server API group list: Get "https://api.bvh.cp.fyre.ibm.com:6443/api?timeout=32s": dial tcp: lookup api.bvh.cp.fyre.ibm.com: no such host
E0517 07:33:10.060398   73409 memcache.go:265] couldn't get current server API group list: Get "https://api.bvh.cp.fyre.ibm.com:6443/api?timeout=32s": dial tcp: lookup api.bvh.cp.fyre.ibm.com: no such host
E0517 07:33:10.061367   73409 memcache.go:265] couldn't get current server API group list: Get "https://api.bvh.cp.fyre.ibm.com:6443/api?timeout=32s": dial tcp: lookup api.bvh.cp.fyre.ibm.com: no such host
Unable to connect to the server: dial tcp: lookup api.bvh.cp.fyre.ibm.com: no such host
E0517 08:08:55.747908   73507 memcache.go:265] couldn't get current server API group list: Get "https://api.bvh.cp.fyre.ibm.com:6443/api?timeout=32s": dial tcp: lookup api.bvh.cp.fyre.ibm.com: no such host
E0517 08:08:55.748999   73507 memcache.go:265] couldn't get current server API group list: Get "https://api.bvh.cp.fyre.ibm.com:6443/api?timeout=32s": dial tcp: lookup api.bvh.cp.fyre.ibm.com: no such host
E0517 08:08:55.749452   73507 memcache.go:265] couldn't get current server API group list: Get "https://api.bvh.cp.fyre.ibm.com:6443/api?timeout=32s": dial tcp: lookup api.bvh.cp.fyre.ibm.com: no such host
E0517 08:08:55.750656   73507 memcache.go:265] couldn't get current server API group list: Get "https://api.bvh.cp.fyre.ibm.com:6443/api?timeout=32s": dial tcp: lookup api.bvh.cp.fyre.ibm.com: no such host
E0517 08:08:55.751033   73507 memcache.go:265] couldn't get current server API group list: Get "https://api.bvh.cp.fyre.ibm.com:6443/api?timeout=32s": dial tcp: lookup api.bvh.cp.fyre.ibm.com: no such host
E0517 08:08:55.752291   73507 memcache.go:265] couldn't get current server API group list: Get "https://api.bvh.cp.fyre.ibm.com:6443/api?timeout=32s": dial tcp: lookup api.bvh.cp.fyre.ibm.com: no such host
E0517 08:08:55.752659   73507 memcache.go:265] couldn't get current server API group list: Get "https://api.bvh.cp.fyre.ibm.com:6443/api?timeout=32s": dial tcp: lookup api.bvh.cp.fyre.ibm.com: no such host
Unable to connect to the server: dial tcp: lookup api.bvh.cp.fyre.ibm.com: no such host
E0517 08:08:55.805012   73510 memcache.go:265] couldn't get current server API group list: Get "https://api.bvh.cp.fyre.ibm.com:6443/api?timeout=32s": dial tcp: lookup api.bvh.cp.fyre.ibm.com: no such host
E0517 08:08:55.805507   73510 memcache.go:265] couldn't get current server API group list: Get "https://api.bvh.cp.fyre.ibm.com:6443/api?timeout=32s": dial tcp: lookup api.bvh.cp.fyre.ibm.com: no such host
E0517 08:08:55.806668   73510 memcache.go:265] couldn't get current server API group list: Get "https://api.bvh.cp.fyre.ibm.com:6443/api?timeout=32s": dial tcp: lookup api.bvh.cp.fyre.ibm.com: no such host
E0517 08:08:55.807255   73510 memcache.go:265] couldn't get current server API group list: Get "https://api.bvh.cp.fyre.ibm.com:6443/api?timeout=32s": dial tcp: lookup api.bvh.cp.fyre.ibm.com: no such host
E0517 08:08:55.808393   73510 memcache.go:265] couldn't get current server API group list: Get "https://api.bvh.cp.fyre.ibm.com:6443/api?timeout=32s": dial tcp: lookup api.bvh.cp.fyre.ibm.com: no such host
E0517 08:08:55.809016   73510 memcache.go:265] couldn't get current server API group list: Get "https://api.bvh.cp.fyre.ibm.com:6443/api?timeout=32s": dial tcp: lookup api.bvh.cp.fyre.ibm.com: no such host
E0517 08:08:55.810056   73510 memcache.go:265] couldn't get current server API group list: Get "https://api.bvh.cp.fyre.ibm.com:6443/api?timeout=32s": dial tcp: lookup api.bvh.cp.fyre.ibm.com: no such host
Unable to connect to the server: dial tcp: lookup api.bvh.cp.fyre.ibm.com: no such host
[33m[DEBUG] oc get subscription.operators.coreos.com -l operators.coreos.com/ibm-common-service-operator.cp2400='' -n cp2400 -o jsonpath='{.items[*].status.conditions}' -> 

[0m
[INFO] RETRYING: Waiting for operator ibm-common-service-operator to be upgraded (29 left)
E0517 08:08:55.860762   73512 memcache.go:265] couldn't get current server API group list: Get "https://api.bvh.cp.fyre.ibm.com:6443/api?timeout=32s": dial tcp: lookup api.bvh.cp.fyre.ibm.com: no such host
E0517 08:08:55.861238   73512 memcache.go:265] couldn't get current server API group list: Get "https://api.bvh.cp.fyre.ibm.com:6443/api?timeout=32s": dial tcp: lookup api.bvh.cp.fyre.ibm.com: no such host
E0517 08:08:55.862463   73512 memcache.go:265] couldn't get current server API group list: Get "https://api.bvh.cp.fyre.ibm.com:6443/api?timeout=32s": dial tcp: lookup api.bvh.cp.fyre.ibm.com: no such host
E0517 08:08:55.862941   73512 memcache.go:265] couldn't get current server API group list: Get "https://api.bvh.cp.fyre.ibm.com:6443/api?timeout=32s": dial tcp: lookup api.bvh.cp.fyre.ibm.com: no such host
E0517 08:08:55.864110   73512 memcache.go:265] couldn't get current server API group list: Get "https://api.bvh.cp.fyre.ibm.com:6443/api?timeout=32s": dial tcp: lookup api.bvh.cp.fyre.ibm.com: no such host
E0517 08:08:55.864523   73512 memcache.go:265] couldn't get current server API group list: Get "https://api.bvh.cp.fyre.ibm.com:6443/api?timeout=32s": dial tcp: lookup api.bvh.cp.fyre.ibm.com: no such host
E0517 08:08:55.865816   73512 memcache.go:265] couldn't get current server API group list: Get "https://api.bvh.cp.fyre.ibm.com:6443/api?timeout=32s": dial tcp: lookup api.bvh.cp.fyre.ibm.com: no such host
Unable to connect to the server: dial tcp: lookup api.bvh.cp.fyre.ibm.com: no such host
E0517 08:52:45.913256   73658 memcache.go:265] couldn't get current server API group list: Get "https://api.bvh.cp.fyre.ibm.com:6443/api?timeout=32s": dial tcp: lookup api.bvh.cp.fyre.ibm.com: no such host
E0517 08:52:45.914279   73658 memcache.go:265] couldn't get current server API group list: Get "https://api.bvh.cp.fyre.ibm.com:6443/api?timeout=32s": dial tcp: lookup api.bvh.cp.fyre.ibm.com: no such host
E0517 08:52:45.914831   73658 memcache.go:265] couldn't get current server API group list: Get "https://api.bvh.cp.fyre.ibm.com:6443/api?timeout=32s": dial tcp: lookup api.bvh.cp.fyre.ibm.com: no such host
E0517 08:52:45.915912   73658 memcache.go:265] couldn't get current server API group list: Get "https://api.bvh.cp.fyre.ibm.com:6443/api?timeout=32s": dial tcp: lookup api.bvh.cp.fyre.ibm.com: no such host
E0517 08:52:45.916414   73658 memcache.go:265] couldn't get current server API group list: Get "https://api.bvh.cp.fyre.ibm.com:6443/api?timeout=32s": dial tcp: lookup api.bvh.cp.fyre.ibm.com: no such host
E0517 08:52:45.917542   73658 memcache.go:265] couldn't get current server API group list: Get "https://api.bvh.cp.fyre.ibm.com:6443/api?timeout=32s": dial tcp: lookup api.bvh.cp.fyre.ibm.com: no such host
E0517 08:52:45.917968   73658 memcache.go:265] couldn't get current server API group list: Get "https://api.bvh.cp.fyre.ibm.com:6443/api?timeout=32s": dial tcp: lookup api.bvh.cp.fyre.ibm.com: no such host
Unable to connect to the server: dial tcp: lookup api.bvh.cp.fyre.ibm.com: no such host
E0517 08:52:45.974744   73661 memcache.go:265] couldn't get current server API group list: Get "https://api.bvh.cp.fyre.ibm.com:6443/api?timeout=32s": dial tcp: lookup api.bvh.cp.fyre.ibm.com: no such host
E0517 08:52:45.975523   73661 memcache.go:265] couldn't get current server API group list: Get "https://api.bvh.cp.fyre.ibm.com:6443/api?timeout=32s": dial tcp: lookup api.bvh.cp.fyre.ibm.com: no such host
E0517 08:52:45.976427   73661 memcache.go:265] couldn't get current server API group list: Get "https://api.bvh.cp.fyre.ibm.com:6443/api?timeout=32s": dial tcp: lookup api.bvh.cp.fyre.ibm.com: no such host
E0517 08:52:45.977025   73661 memcache.go:265] couldn't get current server API group list: Get "https://api.bvh.cp.fyre.ibm.com:6443/api?timeout=32s": dial tcp: lookup api.bvh.cp.fyre.ibm.com: no such host
E0517 08:52:45.977996   73661 memcache.go:265] couldn't get current server API group list: Get "https://api.bvh.cp.fyre.ibm.com:6443/api?timeout=32s": dial tcp: lookup api.bvh.cp.fyre.ibm.com: no such host
E0517 08:52:45.978430   73661 memcache.go:265] couldn't get current server API group list: Get "https://api.bvh.cp.fyre.ibm.com:6443/api?timeout=32s": dial tcp: lookup api.bvh.cp.fyre.ibm.com: no such host
E0517 08:52:45.979703   73661 memcache.go:265] couldn't get current server API group list: Get "https://api.bvh.cp.fyre.ibm.com:6443/api?timeout=32s": dial tcp: lookup api.bvh.cp.fyre.ibm.com: no such host
Unable to connect to the server: dial tcp: lookup api.bvh.cp.fyre.ibm.com: no such host
[33m[DEBUG] oc get subscription.operators.coreos.com -l operators.coreos.com/ibm-common-service-operator.cp2400='' -n cp2400 -o jsonpath='{.items[*].status.conditions}' -> 

[0m
[INFO] RETRYING: Waiting for operator ibm-common-service-operator to be upgraded (28 left)
E0517 08:52:46.029460   73663 memcache.go:265] couldn't get current server API group list: Get "https://api.bvh.cp.fyre.ibm.com:6443/api?timeout=32s": dial tcp: lookup api.bvh.cp.fyre.ibm.com: no such host
E0517 08:52:46.029991   73663 memcache.go:265] couldn't get current server API group list: Get "https://api.bvh.cp.fyre.ibm.com:6443/api?timeout=32s": dial tcp: lookup api.bvh.cp.fyre.ibm.com: no such host
E0517 08:52:46.031048   73663 memcache.go:265] couldn't get current server API group list: Get "https://api.bvh.cp.fyre.ibm.com:6443/api?timeout=32s": dial tcp: lookup api.bvh.cp.fyre.ibm.com: no such host
E0517 08:52:46.031484   73663 memcache.go:265] couldn't get current server API group list: Get "https://api.bvh.cp.fyre.ibm.com:6443/api?timeout=32s": dial tcp: lookup api.bvh.cp.fyre.ibm.com: no such host
E0517 08:52:46.032617   73663 memcache.go:265] couldn't get current server API group list: Get "https://api.bvh.cp.fyre.ibm.com:6443/api?timeout=32s": dial tcp: lookup api.bvh.cp.fyre.ibm.com: no such host
E0517 08:52:46.033010   73663 memcache.go:265] couldn't get current server API group list: Get "https://api.bvh.cp.fyre.ibm.com:6443/api?timeout=32s": dial tcp: lookup api.bvh.cp.fyre.ibm.com: no such host
E0517 08:52:46.034232   73663 memcache.go:265] couldn't get current server API group list: Get "https://api.bvh.cp.fyre.ibm.com:6443/api?timeout=32s": dial tcp: lookup api.bvh.cp.fyre.ibm.com: no such host
Unable to connect to the server: dial tcp: lookup api.bvh.cp.fyre.ibm.com: no such host
E0517 09:08:06.863577   73763 memcache.go:265] couldn't get current server API group list: Get "https://api.bvh.cp.fyre.ibm.com:6443/api?timeout=32s": dial tcp: lookup api.bvh.cp.fyre.ibm.com: no such host
E0517 09:08:06.866585   73763 memcache.go:265] couldn't get current server API group list: Get "https://api.bvh.cp.fyre.ibm.com:6443/api?timeout=32s": dial tcp: lookup api.bvh.cp.fyre.ibm.com: no such host
E0517 09:08:06.867918   73763 memcache.go:265] couldn't get current server API group list: Get "https://api.bvh.cp.fyre.ibm.com:6443/api?timeout=32s": dial tcp: lookup api.bvh.cp.fyre.ibm.com: no such host
E0517 09:08:06.870235   73763 memcache.go:265] couldn't get current server API group list: Get "https://api.bvh.cp.fyre.ibm.com:6443/api?timeout=32s": dial tcp: lookup api.bvh.cp.fyre.ibm.com: no such host
E0517 09:08:06.871492   73763 memcache.go:265] couldn't get current server API group list: Get "https://api.bvh.cp.fyre.ibm.com:6443/api?timeout=32s": dial tcp: lookup api.bvh.cp.fyre.ibm.com: no such host
E0517 09:08:06.872401   73763 memcache.go:265] couldn't get current server API group list: Get "https://api.bvh.cp.fyre.ibm.com:6443/api?timeout=32s": dial tcp: lookup api.bvh.cp.fyre.ibm.com: no such host
E0517 09:08:06.873843   73763 memcache.go:265] couldn't get current server API group list: Get "https://api.bvh.cp.fyre.ibm.com:6443/api?timeout=32s": dial tcp: lookup api.bvh.cp.fyre.ibm.com: no such host
Unable to connect to the server: dial tcp: lookup api.bvh.cp.fyre.ibm.com: no such host
E0517 09:08:06.925743   73766 memcache.go:265] couldn't get current server API group list: Get "https://api.bvh.cp.fyre.ibm.com:6443/api?timeout=32s": dial tcp: lookup api.bvh.cp.fyre.ibm.com: no such host
E0517 09:08:06.926275   73766 memcache.go:265] couldn't get current server API group list: Get "https://api.bvh.cp.fyre.ibm.com:6443/api?timeout=32s": dial tcp: lookup api.bvh.cp.fyre.ibm.com: no such host
E0517 09:08:06.927420   73766 memcache.go:265] couldn't get current server API group list: Get "https://api.bvh.cp.fyre.ibm.com:6443/api?timeout=32s": dial tcp: lookup api.bvh.cp.fyre.ibm.com: no such host
E0517 09:08:06.927856   73766 memcache.go:265] couldn't get current server API group list: Get "https://api.bvh.cp.fyre.ibm.com:6443/api?timeout=32s": dial tcp: lookup api.bvh.cp.fyre.ibm.com: no such host
E0517 09:08:06.929208   73766 memcache.go:265] couldn't get current server API group list: Get "https://api.bvh.cp.fyre.ibm.com:6443/api?timeout=32s": dial tcp: lookup api.bvh.cp.fyre.ibm.com: no such host
E0517 09:08:06.929692   73766 memcache.go:265] couldn't get current server API group list: Get "https://api.bvh.cp.fyre.ibm.com:6443/api?timeout=32s": dial tcp: lookup api.bvh.cp.fyre.ibm.com: no such host
E0517 09:08:06.930803   73766 memcache.go:265] couldn't get current server API group list: Get "https://api.bvh.cp.fyre.ibm.com:6443/api?timeout=32s": dial tcp: lookup api.bvh.cp.fyre.ibm.com: no such host
Unable to connect to the server: dial tcp: lookup api.bvh.cp.fyre.ibm.com: no such host
[33m[DEBUG] oc get subscription.operators.coreos.com -l operators.coreos.com/ibm-common-service-operator.cp2400='' -n cp2400 -o jsonpath='{.items[*].status.conditions}' -> 

[0m
[INFO] RETRYING: Waiting for operator ibm-common-service-operator to be upgraded (27 left)
E0517 09:08:06.984465   73768 memcache.go:265] couldn't get current server API group list: Get "https://api.bvh.cp.fyre.ibm.com:6443/api?timeout=32s": dial tcp: lookup api.bvh.cp.fyre.ibm.com: no such host
E0517 09:08:06.984933   73768 memcache.go:265] couldn't get current server API group list: Get "https://api.bvh.cp.fyre.ibm.com:6443/api?timeout=32s": dial tcp: lookup api.bvh.cp.fyre.ibm.com: no such host
E0517 09:08:06.986109   73768 memcache.go:265] couldn't get current server API group list: Get "https://api.bvh.cp.fyre.ibm.com:6443/api?timeout=32s": dial tcp: lookup api.bvh.cp.fyre.ibm.com: no such host
E0517 09:08:06.986543   73768 memcache.go:265] couldn't get current server API group list: Get "https://api.bvh.cp.fyre.ibm.com:6443/api?timeout=32s": dial tcp: lookup api.bvh.cp.fyre.ibm.com: no such host
E0517 09:08:06.987692   73768 memcache.go:265] couldn't get current server API group list: Get "https://api.bvh.cp.fyre.ibm.com:6443/api?timeout=32s": dial tcp: lookup api.bvh.cp.fyre.ibm.com: no such host
E0517 09:08:06.988160   73768 memcache.go:265] couldn't get current server API group list: Get "https://api.bvh.cp.fyre.ibm.com:6443/api?timeout=32s": dial tcp: lookup api.bvh.cp.fyre.ibm.com: no such host
E0517 09:08:06.989319   73768 memcache.go:265] couldn't get current server API group list: Get "https://api.bvh.cp.fyre.ibm.com:6443/api?timeout=32s": dial tcp: lookup api.bvh.cp.fyre.ibm.com: no such host
Unable to connect to the server: dial tcp: lookup api.bvh.cp.fyre.ibm.com: no such host
E0517 09:23:31.211965   73926 memcache.go:265] couldn't get current server API group list: Get "https://api.bvh.cp.fyre.ibm.com:6443/api?timeout=32s": dial tcp: lookup api.bvh.cp.fyre.ibm.com: no such host
E0517 09:23:31.212492   73926 memcache.go:265] couldn't get current server API group list: Get "https://api.bvh.cp.fyre.ibm.com:6443/api?timeout=32s": dial tcp: lookup api.bvh.cp.fyre.ibm.com: no such host
E0517 09:23:31.213580   73926 memcache.go:265] couldn't get current server API group list: Get "https://api.bvh.cp.fyre.ibm.com:6443/api?timeout=32s": dial tcp: lookup api.bvh.cp.fyre.ibm.com: no such host
E0517 09:23:31.213954   73926 memcache.go:265] couldn't get current server API group list: Get "https://api.bvh.cp.fyre.ibm.com:6443/api?timeout=32s": dial tcp: lookup api.bvh.cp.fyre.ibm.com: no such host
E0517 09:23:31.215161   73926 memcache.go:265] couldn't get current server API group list: Get "https://api.bvh.cp.fyre.ibm.com:6443/api?timeout=32s": dial tcp: lookup api.bvh.cp.fyre.ibm.com: no such host
E0517 09:23:31.215547   73926 memcache.go:265] couldn't get current server API group list: Get "https://api.bvh.cp.fyre.ibm.com:6443/api?timeout=32s": dial tcp: lookup api.bvh.cp.fyre.ibm.com: no such host
E0517 09:23:31.216751   73926 memcache.go:265] couldn't get current server API group list: Get "https://api.bvh.cp.fyre.ibm.com:6443/api?timeout=32s": dial tcp: lookup api.bvh.cp.fyre.ibm.com: no such host
Unable to connect to the server: dial tcp: lookup api.bvh.cp.fyre.ibm.com: no such host
E0517 09:23:31.268920   73943 memcache.go:265] couldn't get current server API group list: Get "https://api.bvh.cp.fyre.ibm.com:6443/api?timeout=32s": dial tcp: lookup api.bvh.cp.fyre.ibm.com: no such host
E0517 09:23:31.269434   73943 memcache.go:265] couldn't get current server API group list: Get "https://api.bvh.cp.fyre.ibm.com:6443/api?timeout=32s": dial tcp: lookup api.bvh.cp.fyre.ibm.com: no such host
E0517 09:23:31.270600   73943 memcache.go:265] couldn't get current server API group list: Get "https://api.bvh.cp.fyre.ibm.com:6443/api?timeout=32s": dial tcp: lookup api.bvh.cp.fyre.ibm.com: no such host
E0517 09:23:31.271012   73943 memcache.go:265] couldn't get current server API group list: Get "https://api.bvh.cp.fyre.ibm.com:6443/api?timeout=32s": dial tcp: lookup api.bvh.cp.fyre.ibm.com: no such host
E0517 09:23:31.272219   73943 memcache.go:265] couldn't get current server API group list: Get "https://api.bvh.cp.fyre.ibm.com:6443/api?timeout=32s": dial tcp: lookup api.bvh.cp.fyre.ibm.com: no such host
E0517 09:23:31.272616   73943 memcache.go:265] couldn't get current server API group list: Get "https://api.bvh.cp.fyre.ibm.com:6443/api?timeout=32s": dial tcp: lookup api.bvh.cp.fyre.ibm.com: no such host
E0517 09:23:31.273970   73943 memcache.go:265] couldn't get current server API group list: Get "https://api.bvh.cp.fyre.ibm.com:6443/api?timeout=32s": dial tcp: lookup api.bvh.cp.fyre.ibm.com: no such host
Unable to connect to the server: dial tcp: lookup api.bvh.cp.fyre.ibm.com: no such host
[33m[DEBUG] oc get subscription.operators.coreos.com -l operators.coreos.com/ibm-common-service-operator.cp2400='' -n cp2400 -o jsonpath='{.items[*].status.conditions}' -> 

[0m
[INFO] RETRYING: Waiting for operator ibm-common-service-operator to be upgraded (26 left)
E0517 09:23:31.325032   73945 memcache.go:265] couldn't get current server API group list: Get "https://api.bvh.cp.fyre.ibm.com:6443/api?timeout=32s": dial tcp: lookup api.bvh.cp.fyre.ibm.com: no such host
E0517 09:23:31.325493   73945 memcache.go:265] couldn't get current server API group list: Get "https://api.bvh.cp.fyre.ibm.com:6443/api?timeout=32s": dial tcp: lookup api.bvh.cp.fyre.ibm.com: no such host
E0517 09:23:31.326668   73945 memcache.go:265] couldn't get current server API group list: Get "https://api.bvh.cp.fyre.ibm.com:6443/api?timeout=32s": dial tcp: lookup api.bvh.cp.fyre.ibm.com: no such host
E0517 09:23:31.327120   73945 memcache.go:265] couldn't get current server API group list: Get "https://api.bvh.cp.fyre.ibm.com:6443/api?timeout=32s": dial tcp: lookup api.bvh.cp.fyre.ibm.com: no such host
E0517 09:23:31.328298   73945 memcache.go:265] couldn't get current server API group list: Get "https://api.bvh.cp.fyre.ibm.com:6443/api?timeout=32s": dial tcp: lookup api.bvh.cp.fyre.ibm.com: no such host
E0517 09:23:31.328746   73945 memcache.go:265] couldn't get current server API group list: Get "https://api.bvh.cp.fyre.ibm.com:6443/api?timeout=32s": dial tcp: lookup api.bvh.cp.fyre.ibm.com: no such host
E0517 09:23:31.329871   73945 memcache.go:265] couldn't get current server API group list: Get "https://api.bvh.cp.fyre.ibm.com:6443/api?timeout=32s": dial tcp: lookup api.bvh.cp.fyre.ibm.com: no such host
Unable to connect to the server: dial tcp: lookup api.bvh.cp.fyre.ibm.com: no such host
E0517 09:42:14.264256   74133 memcache.go:265] couldn't get current server API group list: Get "https://api.bvh.cp.fyre.ibm.com:6443/api?timeout=32s": dial tcp: lookup api.bvh.cp.fyre.ibm.com: no such host
E0517 09:42:14.264673   74133 memcache.go:265] couldn't get current server API group list: Get "https://api.bvh.cp.fyre.ibm.com:6443/api?timeout=32s": dial tcp: lookup api.bvh.cp.fyre.ibm.com: no such host
E0517 09:42:14.265998   74133 memcache.go:265] couldn't get current server API group list: Get "https://api.bvh.cp.fyre.ibm.com:6443/api?timeout=32s": dial tcp: lookup api.bvh.cp.fyre.ibm.com: no such host
E0517 09:42:14.266398   74133 memcache.go:265] couldn't get current server API group list: Get "https://api.bvh.cp.fyre.ibm.com:6443/api?timeout=32s": dial tcp: lookup api.bvh.cp.fyre.ibm.com: no such host
E0517 09:42:14.267638   74133 memcache.go:265] couldn't get current server API group list: Get "https://api.bvh.cp.fyre.ibm.com:6443/api?timeout=32s": dial tcp: lookup api.bvh.cp.fyre.ibm.com: no such host
E0517 09:42:14.268084   74133 memcache.go:265] couldn't get current server API group list: Get "https://api.bvh.cp.fyre.ibm.com:6443/api?timeout=32s": dial tcp: lookup api.bvh.cp.fyre.ibm.com: no such host
E0517 09:42:14.269187   74133 memcache.go:265] couldn't get current server API group list: Get "https://api.bvh.cp.fyre.ibm.com:6443/api?timeout=32s": dial tcp: lookup api.bvh.cp.fyre.ibm.com: no such host
Unable to connect to the server: dial tcp: lookup api.bvh.cp.fyre.ibm.com: no such host
E0517 09:42:14.320057   74136 memcache.go:265] couldn't get current server API group list: Get "https://api.bvh.cp.fyre.ibm.com:6443/api?timeout=32s": dial tcp: lookup api.bvh.cp.fyre.ibm.com: no such host
E0517 09:42:14.320479   74136 memcache.go:265] couldn't get current server API group list: Get "https://api.bvh.cp.fyre.ibm.com:6443/api?timeout=32s": dial tcp: lookup api.bvh.cp.fyre.ibm.com: no such host
E0517 09:42:14.321671   74136 memcache.go:265] couldn't get current server API group list: Get "https://api.bvh.cp.fyre.ibm.com:6443/api?timeout=32s": dial tcp: lookup api.bvh.cp.fyre.ibm.com: no such host
E0517 09:42:14.322157   74136 memcache.go:265] couldn't get current server API group list: Get "https://api.bvh.cp.fyre.ibm.com:6443/api?timeout=32s": dial tcp: lookup api.bvh.cp.fyre.ibm.com: no such host
E0517 09:42:14.323187   74136 memcache.go:265] couldn't get current server API group list: Get "https://api.bvh.cp.fyre.ibm.com:6443/api?timeout=32s": dial tcp: lookup api.bvh.cp.fyre.ibm.com: no such host
E0517 09:42:14.323535   74136 memcache.go:265] couldn't get current server API group list: Get "https://api.bvh.cp.fyre.ibm.com:6443/api?timeout=32s": dial tcp: lookup api.bvh.cp.fyre.ibm.com: no such host
E0517 09:42:14.324737   74136 memcache.go:265] couldn't get current server API group list: Get "https://api.bvh.cp.fyre.ibm.com:6443/api?timeout=32s": dial tcp: lookup api.bvh.cp.fyre.ibm.com: no such host
Unable to connect to the server: dial tcp: lookup api.bvh.cp.fyre.ibm.com: no such host
[33m[DEBUG] oc get subscription.operators.coreos.com -l operators.coreos.com/ibm-common-service-operator.cp2400='' -n cp2400 -o jsonpath='{.items[*].status.conditions}' -> 

[0m
[INFO] RETRYING: Waiting for operator ibm-common-service-operator to be upgraded (25 left)
E0517 09:42:14.375761   74138 memcache.go:265] couldn't get current server API group list: Get "https://api.bvh.cp.fyre.ibm.com:6443/api?timeout=32s": dial tcp: lookup api.bvh.cp.fyre.ibm.com: no such host
E0517 09:42:14.376219   74138 memcache.go:265] couldn't get current server API group list: Get "https://api.bvh.cp.fyre.ibm.com:6443/api?timeout=32s": dial tcp: lookup api.bvh.cp.fyre.ibm.com: no such host
E0517 09:42:14.377319   74138 memcache.go:265] couldn't get current server API group list: Get "https://api.bvh.cp.fyre.ibm.com:6443/api?timeout=32s": dial tcp: lookup api.bvh.cp.fyre.ibm.com: no such host
E0517 09:42:14.377688   74138 memcache.go:265] couldn't get current server API group list: Get "https://api.bvh.cp.fyre.ibm.com:6443/api?timeout=32s": dial tcp: lookup api.bvh.cp.fyre.ibm.com: no such host
E0517 09:42:14.379763   74138 memcache.go:265] couldn't get current server API group list: Get "https://api.bvh.cp.fyre.ibm.com:6443/api?timeout=32s": dial tcp: lookup api.bvh.cp.fyre.ibm.com: no such host
E0517 09:42:14.385165   74138 memcache.go:265] couldn't get current server API group list: Get "https://api.bvh.cp.fyre.ibm.com:6443/api?timeout=32s": dial tcp: lookup api.bvh.cp.fyre.ibm.com: no such host
E0517 09:42:14.385967   74138 memcache.go:265] couldn't get current server API group list: Get "https://api.bvh.cp.fyre.ibm.com:6443/api?timeout=32s": dial tcp: lookup api.bvh.cp.fyre.ibm.com: no such host
Unable to connect to the server: dial tcp: lookup api.bvh.cp.fyre.ibm.com: no such host
E0517 10:19:31.940225   74261 memcache.go:265] couldn't get current server API group list: Get "https://api.bvh.cp.fyre.ibm.com:6443/api?timeout=32s": dial tcp: lookup api.bvh.cp.fyre.ibm.com: no such host
E0517 10:19:31.941947   74261 memcache.go:265] couldn't get current server API group list: Get "https://api.bvh.cp.fyre.ibm.com:6443/api?timeout=32s": dial tcp: lookup api.bvh.cp.fyre.ibm.com: no such host
E0517 10:19:31.942707   74261 memcache.go:265] couldn't get current server API group list: Get "https://api.bvh.cp.fyre.ibm.com:6443/api?timeout=32s": dial tcp: lookup api.bvh.cp.fyre.ibm.com: no such host
E0517 10:19:31.943970   74261 memcache.go:265] couldn't get current server API group list: Get "https://api.bvh.cp.fyre.ibm.com:6443/api?timeout=32s": dial tcp: lookup api.bvh.cp.fyre.ibm.com: no such host
E0517 10:19:31.944464   74261 memcache.go:265] couldn't get current server API group list: Get "https://api.bvh.cp.fyre.ibm.com:6443/api?timeout=32s": dial tcp: lookup api.bvh.cp.fyre.ibm.com: no such host
E0517 10:19:31.945612   74261 memcache.go:265] couldn't get current server API group list: Get "https://api.bvh.cp.fyre.ibm.com:6443/api?timeout=32s": dial tcp: lookup api.bvh.cp.fyre.ibm.com: no such host
E0517 10:19:31.946309   74261 memcache.go:265] couldn't get current server API group list: Get "https://api.bvh.cp.fyre.ibm.com:6443/api?timeout=32s": dial tcp: lookup api.bvh.cp.fyre.ibm.com: no such host
Unable to connect to the server: dial tcp: lookup api.bvh.cp.fyre.ibm.com: no such host
E0517 10:19:31.997732   74264 memcache.go:265] couldn't get current server API group list: Get "https://api.bvh.cp.fyre.ibm.com:6443/api?timeout=32s": dial tcp: lookup api.bvh.cp.fyre.ibm.com: no such host
E0517 10:19:31.998194   74264 memcache.go:265] couldn't get current server API group list: Get "https://api.bvh.cp.fyre.ibm.com:6443/api?timeout=32s": dial tcp: lookup api.bvh.cp.fyre.ibm.com: no such host
E0517 10:19:31.999358   74264 memcache.go:265] couldn't get current server API group list: Get "https://api.bvh.cp.fyre.ibm.com:6443/api?timeout=32s": dial tcp: lookup api.bvh.cp.fyre.ibm.com: no such host
E0517 10:19:31.999798   74264 memcache.go:265] couldn't get current server API group list: Get "https://api.bvh.cp.fyre.ibm.com:6443/api?timeout=32s": dial tcp: lookup api.bvh.cp.fyre.ibm.com: no such host
E0517 10:19:32.000971   74264 memcache.go:265] couldn't get current server API group list: Get "https://api.bvh.cp.fyre.ibm.com:6443/api?timeout=32s": dial tcp: lookup api.bvh.cp.fyre.ibm.com: no such host
E0517 10:19:32.001381   74264 memcache.go:265] couldn't get current server API group list: Get "https://api.bvh.cp.fyre.ibm.com:6443/api?timeout=32s": dial tcp: lookup api.bvh.cp.fyre.ibm.com: no such host
E0517 10:19:32.002547   74264 memcache.go:265] couldn't get current server API group list: Get "https://api.bvh.cp.fyre.ibm.com:6443/api?timeout=32s": dial tcp: lookup api.bvh.cp.fyre.ibm.com: no such host
Unable to connect to the server: dial tcp: lookup api.bvh.cp.fyre.ibm.com: no such host
[33m[DEBUG] oc get subscription.operators.coreos.com -l operators.coreos.com/ibm-common-service-operator.cp2400='' -n cp2400 -o jsonpath='{.items[*].status.conditions}' -> 

[0m
[INFO] RETRYING: Waiting for operator ibm-common-service-operator to be upgraded (24 left)
E0517 10:19:32.052867   74266 memcache.go:265] couldn't get current server API group list: Get "https://api.bvh.cp.fyre.ibm.com:6443/api?timeout=32s": dial tcp: lookup api.bvh.cp.fyre.ibm.com: no such host
E0517 10:19:32.053324   74266 memcache.go:265] couldn't get current server API group list: Get "https://api.bvh.cp.fyre.ibm.com:6443/api?timeout=32s": dial tcp: lookup api.bvh.cp.fyre.ibm.com: no such host
E0517 10:19:32.054459   74266 memcache.go:265] couldn't get current server API group list: Get "https://api.bvh.cp.fyre.ibm.com:6443/api?timeout=32s": dial tcp: lookup api.bvh.cp.fyre.ibm.com: no such host
E0517 10:19:32.054897   74266 memcache.go:265] couldn't get current server API group list: Get "https://api.bvh.cp.fyre.ibm.com:6443/api?timeout=32s": dial tcp: lookup api.bvh.cp.fyre.ibm.com: no such host
E0517 10:19:32.056025   74266 memcache.go:265] couldn't get current server API group list: Get "https://api.bvh.cp.fyre.ibm.com:6443/api?timeout=32s": dial tcp: lookup api.bvh.cp.fyre.ibm.com: no such host
E0517 10:19:32.056399   74266 memcache.go:265] couldn't get current server API group list: Get "https://api.bvh.cp.fyre.ibm.com:6443/api?timeout=32s": dial tcp: lookup api.bvh.cp.fyre.ibm.com: no such host
E0517 10:19:32.057628   74266 memcache.go:265] couldn't get current server API group list: Get "https://api.bvh.cp.fyre.ibm.com:6443/api?timeout=32s": dial tcp: lookup api.bvh.cp.fyre.ibm.com: no such host
Unable to connect to the server: dial tcp: lookup api.bvh.cp.fyre.ibm.com: no such host
E0517 11:09:01.808753   74360 memcache.go:265] couldn't get current server API group list: Get "https://api.bvh.cp.fyre.ibm.com:6443/api?timeout=32s": dial tcp: lookup api.bvh.cp.fyre.ibm.com: no such host
E0517 11:09:01.809459   74360 memcache.go:265] couldn't get current server API group list: Get "https://api.bvh.cp.fyre.ibm.com:6443/api?timeout=32s": dial tcp: lookup api.bvh.cp.fyre.ibm.com: no such host
E0517 11:09:01.810596   74360 memcache.go:265] couldn't get current server API group list: Get "https://api.bvh.cp.fyre.ibm.com:6443/api?timeout=32s": dial tcp: lookup api.bvh.cp.fyre.ibm.com: no such host
E0517 11:09:01.811089   74360 memcache.go:265] couldn't get current server API group list: Get "https://api.bvh.cp.fyre.ibm.com:6443/api?timeout=32s": dial tcp: lookup api.bvh.cp.fyre.ibm.com: no such host
E0517 11:09:01.812127   74360 memcache.go:265] couldn't get current server API group list: Get "https://api.bvh.cp.fyre.ibm.com:6443/api?timeout=32s": dial tcp: lookup api.bvh.cp.fyre.ibm.com: no such host
E0517 11:09:01.812486   74360 memcache.go:265] couldn't get current server API group list: Get "https://api.bvh.cp.fyre.ibm.com:6443/api?timeout=32s": dial tcp: lookup api.bvh.cp.fyre.ibm.com: no such host
E0517 11:09:01.813780   74360 memcache.go:265] couldn't get current server API group list: Get "https://api.bvh.cp.fyre.ibm.com:6443/api?timeout=32s": dial tcp: lookup api.bvh.cp.fyre.ibm.com: no such host
Unable to connect to the server: dial tcp: lookup api.bvh.cp.fyre.ibm.com: no such host
E0517 11:09:01.867173   74363 memcache.go:265] couldn't get current server API group list: Get "https://api.bvh.cp.fyre.ibm.com:6443/api?timeout=32s": dial tcp: lookup api.bvh.cp.fyre.ibm.com: no such host
E0517 11:09:01.867650   74363 memcache.go:265] couldn't get current server API group list: Get "https://api.bvh.cp.fyre.ibm.com:6443/api?timeout=32s": dial tcp: lookup api.bvh.cp.fyre.ibm.com: no such host
E0517 11:09:01.868747   74363 memcache.go:265] couldn't get current server API group list: Get "https://api.bvh.cp.fyre.ibm.com:6443/api?timeout=32s": dial tcp: lookup api.bvh.cp.fyre.ibm.com: no such host
E0517 11:09:01.869151   74363 memcache.go:265] couldn't get current server API group list: Get "https://api.bvh.cp.fyre.ibm.com:6443/api?timeout=32s": dial tcp: lookup api.bvh.cp.fyre.ibm.com: no such host
E0517 11:09:01.870368   74363 memcache.go:265] couldn't get current server API group list: Get "https://api.bvh.cp.fyre.ibm.com:6443/api?timeout=32s": dial tcp: lookup api.bvh.cp.fyre.ibm.com: no such host
E0517 11:09:01.870774   74363 memcache.go:265] couldn't get current server API group list: Get "https://api.bvh.cp.fyre.ibm.com:6443/api?timeout=32s": dial tcp: lookup api.bvh.cp.fyre.ibm.com: no such host
E0517 11:09:01.872022   74363 memcache.go:265] couldn't get current server API group list: Get "https://api.bvh.cp.fyre.ibm.com:6443/api?timeout=32s": dial tcp: lookup api.bvh.cp.fyre.ibm.com: no such host
Unable to connect to the server: dial tcp: lookup api.bvh.cp.fyre.ibm.com: no such host
[33m[DEBUG] oc get subscription.operators.coreos.com -l operators.coreos.com/ibm-common-service-operator.cp2400='' -n cp2400 -o jsonpath='{.items[*].status.conditions}' -> 

[0m
[INFO] RETRYING: Waiting for operator ibm-common-service-operator to be upgraded (23 left)
E0517 11:09:01.923983   74365 memcache.go:265] couldn't get current server API group list: Get "https://api.bvh.cp.fyre.ibm.com:6443/api?timeout=32s": dial tcp: lookup api.bvh.cp.fyre.ibm.com: no such host
E0517 11:09:01.924443   74365 memcache.go:265] couldn't get current server API group list: Get "https://api.bvh.cp.fyre.ibm.com:6443/api?timeout=32s": dial tcp: lookup api.bvh.cp.fyre.ibm.com: no such host
E0517 11:09:01.925605   74365 memcache.go:265] couldn't get current server API group list: Get "https://api.bvh.cp.fyre.ibm.com:6443/api?timeout=32s": dial tcp: lookup api.bvh.cp.fyre.ibm.com: no such host
E0517 11:09:01.926014   74365 memcache.go:265] couldn't get current server API group list: Get "https://api.bvh.cp.fyre.ibm.com:6443/api?timeout=32s": dial tcp: lookup api.bvh.cp.fyre.ibm.com: no such host
E0517 11:09:01.927514   74365 memcache.go:265] couldn't get current server API group list: Get "https://api.bvh.cp.fyre.ibm.com:6443/api?timeout=32s": dial tcp: lookup api.bvh.cp.fyre.ibm.com: no such host
E0517 11:09:01.927958   74365 memcache.go:265] couldn't get current server API group list: Get "https://api.bvh.cp.fyre.ibm.com:6443/api?timeout=32s": dial tcp: lookup api.bvh.cp.fyre.ibm.com: no such host
E0517 11:09:01.929119   74365 memcache.go:265] couldn't get current server API group list: Get "https://api.bvh.cp.fyre.ibm.com:6443/api?timeout=32s": dial tcp: lookup api.bvh.cp.fyre.ibm.com: no such host
Unable to connect to the server: dial tcp: lookup api.bvh.cp.fyre.ibm.com: no such host
E0517 11:48:06.436234   74467 memcache.go:265] couldn't get current server API group list: Get "https://api.bvh.cp.fyre.ibm.com:6443/api?timeout=32s": dial tcp: lookup api.bvh.cp.fyre.ibm.com: no such host
E0517 11:48:06.437217   74467 memcache.go:265] couldn't get current server API group list: Get "https://api.bvh.cp.fyre.ibm.com:6443/api?timeout=32s": dial tcp: lookup api.bvh.cp.fyre.ibm.com: no such host
E0517 11:48:06.437863   74467 memcache.go:265] couldn't get current server API group list: Get "https://api.bvh.cp.fyre.ibm.com:6443/api?timeout=32s": dial tcp: lookup api.bvh.cp.fyre.ibm.com: no such host
E0517 11:48:06.438764   74467 memcache.go:265] couldn't get current server API group list: Get "https://api.bvh.cp.fyre.ibm.com:6443/api?timeout=32s": dial tcp: lookup api.bvh.cp.fyre.ibm.com: no such host
E0517 11:48:06.440805   74467 memcache.go:265] couldn't get current server API group list: Get "https://api.bvh.cp.fyre.ibm.com:6443/api?timeout=32s": dial tcp: lookup api.bvh.cp.fyre.ibm.com: no such host
E0517 11:48:06.442990   74467 memcache.go:265] couldn't get current server API group list: Get "https://api.bvh.cp.fyre.ibm.com:6443/api?timeout=32s": dial tcp: lookup api.bvh.cp.fyre.ibm.com: no such host
E0517 11:48:06.443929   74467 memcache.go:265] couldn't get current server API group list: Get "https://api.bvh.cp.fyre.ibm.com:6443/api?timeout=32s": dial tcp: lookup api.bvh.cp.fyre.ibm.com: no such host
Unable to connect to the server: dial tcp: lookup api.bvh.cp.fyre.ibm.com: no such host
E0517 11:48:06.499451   74470 memcache.go:265] couldn't get current server API group list: Get "https://api.bvh.cp.fyre.ibm.com:6443/api?timeout=32s": dial tcp: lookup api.bvh.cp.fyre.ibm.com: no such host
E0517 11:48:06.499985   74470 memcache.go:265] couldn't get current server API group list: Get "https://api.bvh.cp.fyre.ibm.com:6443/api?timeout=32s": dial tcp: lookup api.bvh.cp.fyre.ibm.com: no such host
E0517 11:48:06.501084   74470 memcache.go:265] couldn't get current server API group list: Get "https://api.bvh.cp.fyre.ibm.com:6443/api?timeout=32s": dial tcp: lookup api.bvh.cp.fyre.ibm.com: no such host
E0517 11:48:06.501541   74470 memcache.go:265] couldn't get current server API group list: Get "https://api.bvh.cp.fyre.ibm.com:6443/api?timeout=32s": dial tcp: lookup api.bvh.cp.fyre.ibm.com: no such host
E0517 11:48:06.502658   74470 memcache.go:265] couldn't get current server API group list: Get "https://api.bvh.cp.fyre.ibm.com:6443/api?timeout=32s": dial tcp: lookup api.bvh.cp.fyre.ibm.com: no such host
E0517 11:48:06.503068   74470 memcache.go:265] couldn't get current server API group list: Get "https://api.bvh.cp.fyre.ibm.com:6443/api?timeout=32s": dial tcp: lookup api.bvh.cp.fyre.ibm.com: no such host
E0517 11:48:06.504282   74470 memcache.go:265] couldn't get current server API group list: Get "https://api.bvh.cp.fyre.ibm.com:6443/api?timeout=32s": dial tcp: lookup api.bvh.cp.fyre.ibm.com: no such host
Unable to connect to the server: dial tcp: lookup api.bvh.cp.fyre.ibm.com: no such host
[33m[DEBUG] oc get subscription.operators.coreos.com -l operators.coreos.com/ibm-common-service-operator.cp2400='' -n cp2400 -o jsonpath='{.items[*].status.conditions}' -> 

[0m
[INFO] RETRYING: Waiting for operator ibm-common-service-operator to be upgraded (22 left)
E0517 11:48:06.556635   74472 memcache.go:265] couldn't get current server API group list: Get "https://api.bvh.cp.fyre.ibm.com:6443/api?timeout=32s": dial tcp: lookup api.bvh.cp.fyre.ibm.com: no such host
E0517 11:48:06.557116   74472 memcache.go:265] couldn't get current server API group list: Get "https://api.bvh.cp.fyre.ibm.com:6443/api?timeout=32s": dial tcp: lookup api.bvh.cp.fyre.ibm.com: no such host
E0517 11:48:06.558269   74472 memcache.go:265] couldn't get current server API group list: Get "https://api.bvh.cp.fyre.ibm.com:6443/api?timeout=32s": dial tcp: lookup api.bvh.cp.fyre.ibm.com: no such host
E0517 11:48:06.558664   74472 memcache.go:265] couldn't get current server API group list: Get "https://api.bvh.cp.fyre.ibm.com:6443/api?timeout=32s": dial tcp: lookup api.bvh.cp.fyre.ibm.com: no such host
E0517 11:48:06.559906   74472 memcache.go:265] couldn't get current server API group list: Get "https://api.bvh.cp.fyre.ibm.com:6443/api?timeout=32s": dial tcp: lookup api.bvh.cp.fyre.ibm.com: no such host
E0517 11:48:06.560323   74472 memcache.go:265] couldn't get current server API group list: Get "https://api.bvh.cp.fyre.ibm.com:6443/api?timeout=32s": dial tcp: lookup api.bvh.cp.fyre.ibm.com: no such host
E0517 11:48:06.561522   74472 memcache.go:265] couldn't get current server API group list: Get "https://api.bvh.cp.fyre.ibm.com:6443/api?timeout=32s": dial tcp: lookup api.bvh.cp.fyre.ibm.com: no such host
Unable to connect to the server: dial tcp: lookup api.bvh.cp.fyre.ibm.com: no such host
E0517 12:21:33.037772   74618 memcache.go:265] couldn't get current server API group list: Get "https://api.bvh.cp.fyre.ibm.com:6443/api?timeout=32s": dial tcp: lookup api.bvh.cp.fyre.ibm.com: no such host
E0517 12:21:33.039868   74618 memcache.go:265] couldn't get current server API group list: Get "https://api.bvh.cp.fyre.ibm.com:6443/api?timeout=32s": dial tcp: lookup api.bvh.cp.fyre.ibm.com: no such host
E0517 12:21:33.040885   74618 memcache.go:265] couldn't get current server API group list: Get "https://api.bvh.cp.fyre.ibm.com:6443/api?timeout=32s": dial tcp: lookup api.bvh.cp.fyre.ibm.com: no such host
E0517 12:21:33.041701   74618 memcache.go:265] couldn't get current server API group list: Get "https://api.bvh.cp.fyre.ibm.com:6443/api?timeout=32s": dial tcp: lookup api.bvh.cp.fyre.ibm.com: no such host
E0517 12:21:33.042581   74618 memcache.go:265] couldn't get current server API group list: Get "https://api.bvh.cp.fyre.ibm.com:6443/api?timeout=32s": dial tcp: lookup api.bvh.cp.fyre.ibm.com: no such host
E0517 12:21:33.043564   74618 memcache.go:265] couldn't get current server API group list: Get "https://api.bvh.cp.fyre.ibm.com:6443/api?timeout=32s": dial tcp: lookup api.bvh.cp.fyre.ibm.com: no such host
E0517 12:21:33.044089   74618 memcache.go:265] couldn't get current server API group list: Get "https://api.bvh.cp.fyre.ibm.com:6443/api?timeout=32s": dial tcp: lookup api.bvh.cp.fyre.ibm.com: no such host
Unable to connect to the server: dial tcp: lookup api.bvh.cp.fyre.ibm.com: no such host
E0517 12:21:33.098702   74621 memcache.go:265] couldn't get current server API group list: Get "https://api.bvh.cp.fyre.ibm.com:6443/api?timeout=32s": dial tcp: lookup api.bvh.cp.fyre.ibm.com: no such host
E0517 12:21:33.099215   74621 memcache.go:265] couldn't get current server API group list: Get "https://api.bvh.cp.fyre.ibm.com:6443/api?timeout=32s": dial tcp: lookup api.bvh.cp.fyre.ibm.com: no such host
E0517 12:21:33.100366   74621 memcache.go:265] couldn't get current server API group list: Get "https://api.bvh.cp.fyre.ibm.com:6443/api?timeout=32s": dial tcp: lookup api.bvh.cp.fyre.ibm.com: no such host
E0517 12:21:33.100823   74621 memcache.go:265] couldn't get current server API group list: Get "https://api.bvh.cp.fyre.ibm.com:6443/api?timeout=32s": dial tcp: lookup api.bvh.cp.fyre.ibm.com: no such host
E0517 12:21:33.102124   74621 memcache.go:265] couldn't get current server API group list: Get "https://api.bvh.cp.fyre.ibm.com:6443/api?timeout=32s": dial tcp: lookup api.bvh.cp.fyre.ibm.com: no such host
E0517 12:21:33.102542   74621 memcache.go:265] couldn't get current server API group list: Get "https://api.bvh.cp.fyre.ibm.com:6443/api?timeout=32s": dial tcp: lookup api.bvh.cp.fyre.ibm.com: no such host
E0517 12:21:33.103804   74621 memcache.go:265] couldn't get current server API group list: Get "https://api.bvh.cp.fyre.ibm.com:6443/api?timeout=32s": dial tcp: lookup api.bvh.cp.fyre.ibm.com: no such host
Unable to connect to the server: dial tcp: lookup api.bvh.cp.fyre.ibm.com: no such host
[33m[DEBUG] oc get subscription.operators.coreos.com -l operators.coreos.com/ibm-common-service-operator.cp2400='' -n cp2400 -o jsonpath='{.items[*].status.conditions}' -> 

[0m
[INFO] RETRYING: Waiting for operator ibm-common-service-operator to be upgraded (21 left)
E0517 12:21:33.154077   74625 memcache.go:265] couldn't get current server API group list: Get "https://api.bvh.cp.fyre.ibm.com:6443/api?timeout=32s": dial tcp: lookup api.bvh.cp.fyre.ibm.com: no such host
E0517 12:21:33.154584   74625 memcache.go:265] couldn't get current server API group list: Get "https://api.bvh.cp.fyre.ibm.com:6443/api?timeout=32s": dial tcp: lookup api.bvh.cp.fyre.ibm.com: no such host
E0517 12:21:33.155665   74625 memcache.go:265] couldn't get current server API group list: Get "https://api.bvh.cp.fyre.ibm.com:6443/api?timeout=32s": dial tcp: lookup api.bvh.cp.fyre.ibm.com: no such host
E0517 12:21:33.156061   74625 memcache.go:265] couldn't get current server API group list: Get "https://api.bvh.cp.fyre.ibm.com:6443/api?timeout=32s": dial tcp: lookup api.bvh.cp.fyre.ibm.com: no such host
E0517 12:21:33.157334   74625 memcache.go:265] couldn't get current server API group list: Get "https://api.bvh.cp.fyre.ibm.com:6443/api?timeout=32s": dial tcp: lookup api.bvh.cp.fyre.ibm.com: no such host
E0517 12:21:33.157748   74625 memcache.go:265] couldn't get current server API group list: Get "https://api.bvh.cp.fyre.ibm.com:6443/api?timeout=32s": dial tcp: lookup api.bvh.cp.fyre.ibm.com: no such host
E0517 12:21:33.159333   74625 memcache.go:265] couldn't get current server API group list: Get "https://api.bvh.cp.fyre.ibm.com:6443/api?timeout=32s": dial tcp: lookup api.bvh.cp.fyre.ibm.com: no such host
Unable to connect to the server: dial tcp: lookup api.bvh.cp.fyre.ibm.com: no such host
E0517 12:56:43.507352   74796 memcache.go:265] couldn't get current server API group list: Get "https://api.bvh.cp.fyre.ibm.com:6443/api?timeout=32s": dial tcp: lookup api.bvh.cp.fyre.ibm.com: no such host
E0517 12:56:43.508335   74796 memcache.go:265] couldn't get current server API group list: Get "https://api.bvh.cp.fyre.ibm.com:6443/api?timeout=32s": dial tcp: lookup api.bvh.cp.fyre.ibm.com: no such host
E0517 12:56:43.508940   74796 memcache.go:265] couldn't get current server API group list: Get "https://api.bvh.cp.fyre.ibm.com:6443/api?timeout=32s": dial tcp: lookup api.bvh.cp.fyre.ibm.com: no such host
E0517 12:56:43.509995   74796 memcache.go:265] couldn't get current server API group list: Get "https://api.bvh.cp.fyre.ibm.com:6443/api?timeout=32s": dial tcp: lookup api.bvh.cp.fyre.ibm.com: no such host
E0517 12:56:43.510635   74796 memcache.go:265] couldn't get current server API group list: Get "https://api.bvh.cp.fyre.ibm.com:6443/api?timeout=32s": dial tcp: lookup api.bvh.cp.fyre.ibm.com: no such host
E0517 12:56:43.511823   74796 memcache.go:265] couldn't get current server API group list: Get "https://api.bvh.cp.fyre.ibm.com:6443/api?timeout=32s": dial tcp: lookup api.bvh.cp.fyre.ibm.com: no such host
E0517 12:56:43.512264   74796 memcache.go:265] couldn't get current server API group list: Get "https://api.bvh.cp.fyre.ibm.com:6443/api?timeout=32s": dial tcp: lookup api.bvh.cp.fyre.ibm.com: no such host
Unable to connect to the server: dial tcp: lookup api.bvh.cp.fyre.ibm.com: no such host
E0517 12:56:43.567092   74808 memcache.go:265] couldn't get current server API group list: Get "https://api.bvh.cp.fyre.ibm.com:6443/api?timeout=32s": dial tcp: lookup api.bvh.cp.fyre.ibm.com: no such host
E0517 12:56:43.567654   74808 memcache.go:265] couldn't get current server API group list: Get "https://api.bvh.cp.fyre.ibm.com:6443/api?timeout=32s": dial tcp: lookup api.bvh.cp.fyre.ibm.com: no such host
E0517 12:56:43.569061   74808 memcache.go:265] couldn't get current server API group list: Get "https://api.bvh.cp.fyre.ibm.com:6443/api?timeout=32s": dial tcp: lookup api.bvh.cp.fyre.ibm.com: no such host
E0517 12:56:43.569552   74808 memcache.go:265] couldn't get current server API group list: Get "https://api.bvh.cp.fyre.ibm.com:6443/api?timeout=32s": dial tcp: lookup api.bvh.cp.fyre.ibm.com: no such host
E0517 12:56:43.570834   74808 memcache.go:265] couldn't get current server API group list: Get "https://api.bvh.cp.fyre.ibm.com:6443/api?timeout=32s": dial tcp: lookup api.bvh.cp.fyre.ibm.com: no such host
E0517 12:56:43.571357   74808 memcache.go:265] couldn't get current server API group list: Get "https://api.bvh.cp.fyre.ibm.com:6443/api?timeout=32s": dial tcp: lookup api.bvh.cp.fyre.ibm.com: no such host
E0517 12:56:43.572567   74808 memcache.go:265] couldn't get current server API group list: Get "https://api.bvh.cp.fyre.ibm.com:6443/api?timeout=32s": dial tcp: lookup api.bvh.cp.fyre.ibm.com: no such host
Unable to connect to the server: dial tcp: lookup api.bvh.cp.fyre.ibm.com: no such host
[33m[DEBUG] oc get subscription.operators.coreos.com -l operators.coreos.com/ibm-common-service-operator.cp2400='' -n cp2400 -o jsonpath='{.items[*].status.conditions}' -> 

[0m
[INFO] RETRYING: Waiting for operator ibm-common-service-operator to be upgraded (20 left)
E0517 12:56:43.624102   74810 memcache.go:265] couldn't get current server API group list: Get "https://api.bvh.cp.fyre.ibm.com:6443/api?timeout=32s": dial tcp: lookup api.bvh.cp.fyre.ibm.com: no such host
E0517 12:56:43.624729   74810 memcache.go:265] couldn't get current server API group list: Get "https://api.bvh.cp.fyre.ibm.com:6443/api?timeout=32s": dial tcp: lookup api.bvh.cp.fyre.ibm.com: no such host
E0517 12:56:43.625828   74810 memcache.go:265] couldn't get current server API group list: Get "https://api.bvh.cp.fyre.ibm.com:6443/api?timeout=32s": dial tcp: lookup api.bvh.cp.fyre.ibm.com: no such host
E0517 12:56:43.626231   74810 memcache.go:265] couldn't get current server API group list: Get "https://api.bvh.cp.fyre.ibm.com:6443/api?timeout=32s": dial tcp: lookup api.bvh.cp.fyre.ibm.com: no such host
E0517 12:56:43.627490   74810 memcache.go:265] couldn't get current server API group list: Get "https://api.bvh.cp.fyre.ibm.com:6443/api?timeout=32s": dial tcp: lookup api.bvh.cp.fyre.ibm.com: no such host
E0517 12:56:43.628203   74810 memcache.go:265] couldn't get current server API group list: Get "https://api.bvh.cp.fyre.ibm.com:6443/api?timeout=32s": dial tcp: lookup api.bvh.cp.fyre.ibm.com: no such host
E0517 12:56:43.629430   74810 memcache.go:265] couldn't get current server API group list: Get "https://api.bvh.cp.fyre.ibm.com:6443/api?timeout=32s": dial tcp: lookup api.bvh.cp.fyre.ibm.com: no such host
Unable to connect to the server: dial tcp: lookup api.bvh.cp.fyre.ibm.com: no such host
E0517 13:22:40.976227   75003 memcache.go:265] couldn't get current server API group list: Get "https://api.bvh.cp.fyre.ibm.com:6443/api?timeout=32s": dial tcp: lookup api.bvh.cp.fyre.ibm.com: no such host
E0517 13:22:40.976944   75003 memcache.go:265] couldn't get current server API group list: Get "https://api.bvh.cp.fyre.ibm.com:6443/api?timeout=32s": dial tcp: lookup api.bvh.cp.fyre.ibm.com: no such host
E0517 13:22:40.978326   75003 memcache.go:265] couldn't get current server API group list: Get "https://api.bvh.cp.fyre.ibm.com:6443/api?timeout=32s": dial tcp: lookup api.bvh.cp.fyre.ibm.com: no such host
E0517 13:22:40.978944   75003 memcache.go:265] couldn't get current server API group list: Get "https://api.bvh.cp.fyre.ibm.com:6443/api?timeout=32s": dial tcp: lookup api.bvh.cp.fyre.ibm.com: no such host
E0517 13:22:40.979982   75003 memcache.go:265] couldn't get current server API group list: Get "https://api.bvh.cp.fyre.ibm.com:6443/api?timeout=32s": dial tcp: lookup api.bvh.cp.fyre.ibm.com: no such host
E0517 13:22:40.980427   75003 memcache.go:265] couldn't get current server API group list: Get "https://api.bvh.cp.fyre.ibm.com:6443/api?timeout=32s": dial tcp: lookup api.bvh.cp.fyre.ibm.com: no such host
E0517 13:22:40.981742   75003 memcache.go:265] couldn't get current server API group list: Get "https://api.bvh.cp.fyre.ibm.com:6443/api?timeout=32s": dial tcp: lookup api.bvh.cp.fyre.ibm.com: no such host
Unable to connect to the server: dial tcp: lookup api.bvh.cp.fyre.ibm.com: no such host
E0517 13:22:41.032178   75007 memcache.go:265] couldn't get current server API group list: Get "https://api.bvh.cp.fyre.ibm.com:6443/api?timeout=32s": dial tcp: lookup api.bvh.cp.fyre.ibm.com: no such host
E0517 13:22:41.033018   75007 memcache.go:265] couldn't get current server API group list: Get "https://api.bvh.cp.fyre.ibm.com:6443/api?timeout=32s": dial tcp: lookup api.bvh.cp.fyre.ibm.com: no such host
E0517 13:22:41.033753   75007 memcache.go:265] couldn't get current server API group list: Get "https://api.bvh.cp.fyre.ibm.com:6443/api?timeout=32s": dial tcp: lookup api.bvh.cp.fyre.ibm.com: no such host
E0517 13:22:41.034743   75007 memcache.go:265] couldn't get current server API group list: Get "https://api.bvh.cp.fyre.ibm.com:6443/api?timeout=32s": dial tcp: lookup api.bvh.cp.fyre.ibm.com: no such host
E0517 13:22:41.035228   75007 memcache.go:265] couldn't get current server API group list: Get "https://api.bvh.cp.fyre.ibm.com:6443/api?timeout=32s": dial tcp: lookup api.bvh.cp.fyre.ibm.com: no such host
E0517 13:22:41.037170   75007 memcache.go:265] couldn't get current server API group list: Get "https://api.bvh.cp.fyre.ibm.com:6443/api?timeout=32s": dial tcp: lookup api.bvh.cp.fyre.ibm.com: no such host
E0517 13:22:41.038317   75007 memcache.go:265] couldn't get current server API group list: Get "https://api.bvh.cp.fyre.ibm.com:6443/api?timeout=32s": dial tcp: lookup api.bvh.cp.fyre.ibm.com: no such host
Unable to connect to the server: dial tcp: lookup api.bvh.cp.fyre.ibm.com: no such host
[33m[DEBUG] oc get subscription.operators.coreos.com -l operators.coreos.com/ibm-common-service-operator.cp2400='' -n cp2400 -o jsonpath='{.items[*].status.conditions}' -> 

[0m
[INFO] RETRYING: Waiting for operator ibm-common-service-operator to be upgraded (19 left)
E0517 13:22:41.090541   75009 memcache.go:265] couldn't get current server API group list: Get "https://api.bvh.cp.fyre.ibm.com:6443/api?timeout=32s": dial tcp: lookup api.bvh.cp.fyre.ibm.com: no such host
E0517 13:22:41.091070   75009 memcache.go:265] couldn't get current server API group list: Get "https://api.bvh.cp.fyre.ibm.com:6443/api?timeout=32s": dial tcp: lookup api.bvh.cp.fyre.ibm.com: no such host
E0517 13:22:41.092122   75009 memcache.go:265] couldn't get current server API group list: Get "https://api.bvh.cp.fyre.ibm.com:6443/api?timeout=32s": dial tcp: lookup api.bvh.cp.fyre.ibm.com: no such host
E0517 13:22:41.092508   75009 memcache.go:265] couldn't get current server API group list: Get "https://api.bvh.cp.fyre.ibm.com:6443/api?timeout=32s": dial tcp: lookup api.bvh.cp.fyre.ibm.com: no such host
E0517 13:22:41.094158   75009 memcache.go:265] couldn't get current server API group list: Get "https://api.bvh.cp.fyre.ibm.com:6443/api?timeout=32s": dial tcp: lookup api.bvh.cp.fyre.ibm.com: no such host
E0517 13:22:41.094831   75009 memcache.go:265] couldn't get current server API group list: Get "https://api.bvh.cp.fyre.ibm.com:6443/api?timeout=32s": dial tcp: lookup api.bvh.cp.fyre.ibm.com: no such host
E0517 13:22:41.096063   75009 memcache.go:265] couldn't get current server API group list: Get "https://api.bvh.cp.fyre.ibm.com:6443/api?timeout=32s": dial tcp: lookup api.bvh.cp.fyre.ibm.com: no such host
Unable to connect to the server: dial tcp: lookup api.bvh.cp.fyre.ibm.com: no such host
E0517 13:54:27.359304   75128 memcache.go:265] couldn't get current server API group list: Get "https://api.bvh.cp.fyre.ibm.com:6443/api?timeout=32s": dial tcp: lookup api.bvh.cp.fyre.ibm.com: no such host
E0517 13:54:27.361551   75128 memcache.go:265] couldn't get current server API group list: Get "https://api.bvh.cp.fyre.ibm.com:6443/api?timeout=32s": dial tcp: lookup api.bvh.cp.fyre.ibm.com: no such host
E0517 13:54:27.363768   75128 memcache.go:265] couldn't get current server API group list: Get "https://api.bvh.cp.fyre.ibm.com:6443/api?timeout=32s": dial tcp: lookup api.bvh.cp.fyre.ibm.com: no such host
E0517 13:54:27.367089   75128 memcache.go:265] couldn't get current server API group list: Get "https://api.bvh.cp.fyre.ibm.com:6443/api?timeout=32s": dial tcp: lookup api.bvh.cp.fyre.ibm.com: no such host
E0517 13:54:27.368403   75128 memcache.go:265] couldn't get current server API group list: Get "https://api.bvh.cp.fyre.ibm.com:6443/api?timeout=32s": dial tcp: lookup api.bvh.cp.fyre.ibm.com: no such host
E0517 13:54:27.369510   75128 memcache.go:265] couldn't get current server API group list: Get "https://api.bvh.cp.fyre.ibm.com:6443/api?timeout=32s": dial tcp: lookup api.bvh.cp.fyre.ibm.com: no such host
E0517 13:54:27.370426   75128 memcache.go:265] couldn't get current server API group list: Get "https://api.bvh.cp.fyre.ibm.com:6443/api?timeout=32s": dial tcp: lookup api.bvh.cp.fyre.ibm.com: no such host
Unable to connect to the server: dial tcp: lookup api.bvh.cp.fyre.ibm.com: no such host
E0517 13:54:27.446888   75131 memcache.go:265] couldn't get current server API group list: Get "https://api.bvh.cp.fyre.ibm.com:6443/api?timeout=32s": dial tcp: lookup api.bvh.cp.fyre.ibm.com: no such host
E0517 13:54:27.447429   75131 memcache.go:265] couldn't get current server API group list: Get "https://api.bvh.cp.fyre.ibm.com:6443/api?timeout=32s": dial tcp: lookup api.bvh.cp.fyre.ibm.com: no such host
E0517 13:54:27.448682   75131 memcache.go:265] couldn't get current server API group list: Get "https://api.bvh.cp.fyre.ibm.com:6443/api?timeout=32s": dial tcp: lookup api.bvh.cp.fyre.ibm.com: no such host
E0517 13:54:27.449194   75131 memcache.go:265] couldn't get current server API group list: Get "https://api.bvh.cp.fyre.ibm.com:6443/api?timeout=32s": dial tcp: lookup api.bvh.cp.fyre.ibm.com: no such host
E0517 13:54:27.450462   75131 memcache.go:265] couldn't get current server API group list: Get "https://api.bvh.cp.fyre.ibm.com:6443/api?timeout=32s": dial tcp: lookup api.bvh.cp.fyre.ibm.com: no such host
E0517 13:54:27.450955   75131 memcache.go:265] couldn't get current server API group list: Get "https://api.bvh.cp.fyre.ibm.com:6443/api?timeout=32s": dial tcp: lookup api.bvh.cp.fyre.ibm.com: no such host
E0517 13:54:27.452465   75131 memcache.go:265] couldn't get current server API group list: Get "https://api.bvh.cp.fyre.ibm.com:6443/api?timeout=32s": dial tcp: lookup api.bvh.cp.fyre.ibm.com: no such host
Unable to connect to the server: dial tcp: lookup api.bvh.cp.fyre.ibm.com: no such host
[33m[DEBUG] oc get subscription.operators.coreos.com -l operators.coreos.com/ibm-common-service-operator.cp2400='' -n cp2400 -o jsonpath='{.items[*].status.conditions}' -> 

[0m
[INFO] RETRYING: Waiting for operator ibm-common-service-operator to be upgraded (18 left)
E0517 13:54:27.520998   75133 memcache.go:265] couldn't get current server API group list: Get "https://api.bvh.cp.fyre.ibm.com:6443/api?timeout=32s": dial tcp: lookup api.bvh.cp.fyre.ibm.com: no such host
E0517 13:54:27.521452   75133 memcache.go:265] couldn't get current server API group list: Get "https://api.bvh.cp.fyre.ibm.com:6443/api?timeout=32s": dial tcp: lookup api.bvh.cp.fyre.ibm.com: no such host
E0517 13:54:27.522730   75133 memcache.go:265] couldn't get current server API group list: Get "https://api.bvh.cp.fyre.ibm.com:6443/api?timeout=32s": dial tcp: lookup api.bvh.cp.fyre.ibm.com: no such host
E0517 13:54:27.523340   75133 memcache.go:265] couldn't get current server API group list: Get "https://api.bvh.cp.fyre.ibm.com:6443/api?timeout=32s": dial tcp: lookup api.bvh.cp.fyre.ibm.com: no such host
E0517 13:54:27.524327   75133 memcache.go:265] couldn't get current server API group list: Get "https://api.bvh.cp.fyre.ibm.com:6443/api?timeout=32s": dial tcp: lookup api.bvh.cp.fyre.ibm.com: no such host
E0517 13:54:27.524695   75133 memcache.go:265] couldn't get current server API group list: Get "https://api.bvh.cp.fyre.ibm.com:6443/api?timeout=32s": dial tcp: lookup api.bvh.cp.fyre.ibm.com: no such host
E0517 13:54:27.525824   75133 memcache.go:265] couldn't get current server API group list: Get "https://api.bvh.cp.fyre.ibm.com:6443/api?timeout=32s": dial tcp: lookup api.bvh.cp.fyre.ibm.com: no such host
Unable to connect to the server: dial tcp: lookup api.bvh.cp.fyre.ibm.com: no such host
E0517 14:23:39.838370   75287 memcache.go:265] couldn't get current server API group list: Get "https://api.bvh.cp.fyre.ibm.com:6443/api?timeout=32s": dial tcp: lookup api.bvh.cp.fyre.ibm.com: no such host
E0517 14:23:39.839357   75287 memcache.go:265] couldn't get current server API group list: Get "https://api.bvh.cp.fyre.ibm.com:6443/api?timeout=32s": dial tcp: lookup api.bvh.cp.fyre.ibm.com: no such host
E0517 14:23:39.839931   75287 memcache.go:265] couldn't get current server API group list: Get "https://api.bvh.cp.fyre.ibm.com:6443/api?timeout=32s": dial tcp: lookup api.bvh.cp.fyre.ibm.com: no such host
E0517 14:23:39.840968   75287 memcache.go:265] couldn't get current server API group list: Get "https://api.bvh.cp.fyre.ibm.com:6443/api?timeout=32s": dial tcp: lookup api.bvh.cp.fyre.ibm.com: no such host
E0517 14:23:39.841408   75287 memcache.go:265] couldn't get current server API group list: Get "https://api.bvh.cp.fyre.ibm.com:6443/api?timeout=32s": dial tcp: lookup api.bvh.cp.fyre.ibm.com: no such host
E0517 14:23:39.843035   75287 memcache.go:265] couldn't get current server API group list: Get "https://api.bvh.cp.fyre.ibm.com:6443/api?timeout=32s": dial tcp: lookup api.bvh.cp.fyre.ibm.com: no such host
E0517 14:23:39.843937   75287 memcache.go:265] couldn't get current server API group list: Get "https://api.bvh.cp.fyre.ibm.com:6443/api?timeout=32s": dial tcp: lookup api.bvh.cp.fyre.ibm.com: no such host
Unable to connect to the server: dial tcp: lookup api.bvh.cp.fyre.ibm.com: no such host
E0517 14:23:39.896644   75292 memcache.go:265] couldn't get current server API group list: Get "https://api.bvh.cp.fyre.ibm.com:6443/api?timeout=32s": dial tcp: lookup api.bvh.cp.fyre.ibm.com: no such host
E0517 14:23:39.897297   75292 memcache.go:265] couldn't get current server API group list: Get "https://api.bvh.cp.fyre.ibm.com:6443/api?timeout=32s": dial tcp: lookup api.bvh.cp.fyre.ibm.com: no such host
E0517 14:23:39.898296   75292 memcache.go:265] couldn't get current server API group list: Get "https://api.bvh.cp.fyre.ibm.com:6443/api?timeout=32s": dial tcp: lookup api.bvh.cp.fyre.ibm.com: no such host
E0517 14:23:39.898813   75292 memcache.go:265] couldn't get current server API group list: Get "https://api.bvh.cp.fyre.ibm.com:6443/api?timeout=32s": dial tcp: lookup api.bvh.cp.fyre.ibm.com: no such host
E0517 14:23:39.899957   75292 memcache.go:265] couldn't get current server API group list: Get "https://api.bvh.cp.fyre.ibm.com:6443/api?timeout=32s": dial tcp: lookup api.bvh.cp.fyre.ibm.com: no such host
E0517 14:23:39.900759   75292 memcache.go:265] couldn't get current server API group list: Get "https://api.bvh.cp.fyre.ibm.com:6443/api?timeout=32s": dial tcp: lookup api.bvh.cp.fyre.ibm.com: no such host
E0517 14:23:39.901448   75292 memcache.go:265] couldn't get current server API group list: Get "https://api.bvh.cp.fyre.ibm.com:6443/api?timeout=32s": dial tcp: lookup api.bvh.cp.fyre.ibm.com: no such host
Unable to connect to the server: dial tcp: lookup api.bvh.cp.fyre.ibm.com: no such host
[33m[DEBUG] oc get subscription.operators.coreos.com -l operators.coreos.com/ibm-common-service-operator.cp2400='' -n cp2400 -o jsonpath='{.items[*].status.conditions}' -> 

[0m
[INFO] RETRYING: Waiting for operator ibm-common-service-operator to be upgraded (17 left)
E0517 14:23:39.951160   75294 memcache.go:265] couldn't get current server API group list: Get "https://api.bvh.cp.fyre.ibm.com:6443/api?timeout=32s": dial tcp: lookup api.bvh.cp.fyre.ibm.com: no such host
E0517 14:23:39.951616   75294 memcache.go:265] couldn't get current server API group list: Get "https://api.bvh.cp.fyre.ibm.com:6443/api?timeout=32s": dial tcp: lookup api.bvh.cp.fyre.ibm.com: no such host
E0517 14:23:39.952833   75294 memcache.go:265] couldn't get current server API group list: Get "https://api.bvh.cp.fyre.ibm.com:6443/api?timeout=32s": dial tcp: lookup api.bvh.cp.fyre.ibm.com: no such host
E0517 14:23:39.953448   75294 memcache.go:265] couldn't get current server API group list: Get "https://api.bvh.cp.fyre.ibm.com:6443/api?timeout=32s": dial tcp: lookup api.bvh.cp.fyre.ibm.com: no such host
E0517 14:23:39.954537   75294 memcache.go:265] couldn't get current server API group list: Get "https://api.bvh.cp.fyre.ibm.com:6443/api?timeout=32s": dial tcp: lookup api.bvh.cp.fyre.ibm.com: no such host
E0517 14:23:39.955269   75294 memcache.go:265] couldn't get current server API group list: Get "https://api.bvh.cp.fyre.ibm.com:6443/api?timeout=32s": dial tcp: lookup api.bvh.cp.fyre.ibm.com: no such host
E0517 14:23:39.956301   75294 memcache.go:265] couldn't get current server API group list: Get "https://api.bvh.cp.fyre.ibm.com:6443/api?timeout=32s": dial tcp: lookup api.bvh.cp.fyre.ibm.com: no such host
Unable to connect to the server: dial tcp: lookup api.bvh.cp.fyre.ibm.com: no such host
E0517 15:24:34.333665   75408 memcache.go:265] couldn't get current server API group list: Get "https://api.bvh.cp.fyre.ibm.com:6443/api?timeout=32s": dial tcp: lookup api.bvh.cp.fyre.ibm.com: no such host
E0517 15:24:34.335690   75408 memcache.go:265] couldn't get current server API group list: Get "https://api.bvh.cp.fyre.ibm.com:6443/api?timeout=32s": dial tcp: lookup api.bvh.cp.fyre.ibm.com: no such host
E0517 15:24:34.336502   75408 memcache.go:265] couldn't get current server API group list: Get "https://api.bvh.cp.fyre.ibm.com:6443/api?timeout=32s": dial tcp: lookup api.bvh.cp.fyre.ibm.com: no such host
E0517 15:24:34.337339   75408 memcache.go:265] couldn't get current server API group list: Get "https://api.bvh.cp.fyre.ibm.com:6443/api?timeout=32s": dial tcp: lookup api.bvh.cp.fyre.ibm.com: no such host
E0517 15:24:34.338400   75408 memcache.go:265] couldn't get current server API group list: Get "https://api.bvh.cp.fyre.ibm.com:6443/api?timeout=32s": dial tcp: lookup api.bvh.cp.fyre.ibm.com: no such host
E0517 15:24:34.339096   75408 memcache.go:265] couldn't get current server API group list: Get "https://api.bvh.cp.fyre.ibm.com:6443/api?timeout=32s": dial tcp: lookup api.bvh.cp.fyre.ibm.com: no such host
E0517 15:24:34.340404   75408 memcache.go:265] couldn't get current server API group list: Get "https://api.bvh.cp.fyre.ibm.com:6443/api?timeout=32s": dial tcp: lookup api.bvh.cp.fyre.ibm.com: no such host
Unable to connect to the server: dial tcp: lookup api.bvh.cp.fyre.ibm.com: no such host
E0517 15:24:34.397221   75411 memcache.go:265] couldn't get current server API group list: Get "https://api.bvh.cp.fyre.ibm.com:6443/api?timeout=32s": dial tcp: lookup api.bvh.cp.fyre.ibm.com: no such host
E0517 15:24:34.397731   75411 memcache.go:265] couldn't get current server API group list: Get "https://api.bvh.cp.fyre.ibm.com:6443/api?timeout=32s": dial tcp: lookup api.bvh.cp.fyre.ibm.com: no such host
E0517 15:24:34.399019   75411 memcache.go:265] couldn't get current server API group list: Get "https://api.bvh.cp.fyre.ibm.com:6443/api?timeout=32s": dial tcp: lookup api.bvh.cp.fyre.ibm.com: no such host
E0517 15:24:34.399837   75411 memcache.go:265] couldn't get current server API group list: Get "https://api.bvh.cp.fyre.ibm.com:6443/api?timeout=32s": dial tcp: lookup api.bvh.cp.fyre.ibm.com: no such host
E0517 15:24:34.400886   75411 memcache.go:265] couldn't get current server API group list: Get "https://api.bvh.cp.fyre.ibm.com:6443/api?timeout=32s": dial tcp: lookup api.bvh.cp.fyre.ibm.com: no such host
E0517 15:24:34.401701   75411 memcache.go:265] couldn't get current server API group list: Get "https://api.bvh.cp.fyre.ibm.com:6443/api?timeout=32s": dial tcp: lookup api.bvh.cp.fyre.ibm.com: no such host
E0517 15:24:34.402775   75411 memcache.go:265] couldn't get current server API group list: Get "https://api.bvh.cp.fyre.ibm.com:6443/api?timeout=32s": dial tcp: lookup api.bvh.cp.fyre.ibm.com: no such host
Unable to connect to the server: dial tcp: lookup api.bvh.cp.fyre.ibm.com: no such host
[33m[DEBUG] oc get subscription.operators.coreos.com -l operators.coreos.com/ibm-common-service-operator.cp2400='' -n cp2400 -o jsonpath='{.items[*].status.conditions}' -> 

[0m
[INFO] RETRYING: Waiting for operator ibm-common-service-operator to be upgraded (16 left)
E0517 15:24:34.455232   75413 memcache.go:265] couldn't get current server API group list: Get "https://api.bvh.cp.fyre.ibm.com:6443/api?timeout=32s": dial tcp: lookup api.bvh.cp.fyre.ibm.com: no such host
E0517 15:24:34.455673   75413 memcache.go:265] couldn't get current server API group list: Get "https://api.bvh.cp.fyre.ibm.com:6443/api?timeout=32s": dial tcp: lookup api.bvh.cp.fyre.ibm.com: no such host
E0517 15:24:34.456851   75413 memcache.go:265] couldn't get current server API group list: Get "https://api.bvh.cp.fyre.ibm.com:6443/api?timeout=32s": dial tcp: lookup api.bvh.cp.fyre.ibm.com: no such host
E0517 15:24:34.457249   75413 memcache.go:265] couldn't get current server API group list: Get "https://api.bvh.cp.fyre.ibm.com:6443/api?timeout=32s": dial tcp: lookup api.bvh.cp.fyre.ibm.com: no such host
E0517 15:24:34.458573   75413 memcache.go:265] couldn't get current server API group list: Get "https://api.bvh.cp.fyre.ibm.com:6443/api?timeout=32s": dial tcp: lookup api.bvh.cp.fyre.ibm.com: no such host
E0517 15:24:34.459285   75413 memcache.go:265] couldn't get current server API group list: Get "https://api.bvh.cp.fyre.ibm.com:6443/api?timeout=32s": dial tcp: lookup api.bvh.cp.fyre.ibm.com: no such host
E0517 15:24:34.460509   75413 memcache.go:265] couldn't get current server API group list: Get "https://api.bvh.cp.fyre.ibm.com:6443/api?timeout=32s": dial tcp: lookup api.bvh.cp.fyre.ibm.com: no such host
Unable to connect to the server: dial tcp: lookup api.bvh.cp.fyre.ibm.com: no such host
E0517 16:17:30.267996   75574 memcache.go:265] couldn't get current server API group list: Get "https://api.bvh.cp.fyre.ibm.com:6443/api?timeout=32s": dial tcp: lookup api.bvh.cp.fyre.ibm.com: no such host
E0517 16:17:30.270884   75574 memcache.go:265] couldn't get current server API group list: Get "https://api.bvh.cp.fyre.ibm.com:6443/api?timeout=32s": dial tcp: lookup api.bvh.cp.fyre.ibm.com: no such host
E0517 16:17:30.272168   75574 memcache.go:265] couldn't get current server API group list: Get "https://api.bvh.cp.fyre.ibm.com:6443/api?timeout=32s": dial tcp: lookup api.bvh.cp.fyre.ibm.com: no such host
E0517 16:17:30.272845   75574 memcache.go:265] couldn't get current server API group list: Get "https://api.bvh.cp.fyre.ibm.com:6443/api?timeout=32s": dial tcp: lookup api.bvh.cp.fyre.ibm.com: no such host
E0517 16:17:30.275233   75574 memcache.go:265] couldn't get current server API group list: Get "https://api.bvh.cp.fyre.ibm.com:6443/api?timeout=32s": dial tcp: lookup api.bvh.cp.fyre.ibm.com: no such host
E0517 16:17:30.276198   75574 memcache.go:265] couldn't get current server API group list: Get "https://api.bvh.cp.fyre.ibm.com:6443/api?timeout=32s": dial tcp: lookup api.bvh.cp.fyre.ibm.com: no such host
E0517 16:17:30.277660   75574 memcache.go:265] couldn't get current server API group list: Get "https://api.bvh.cp.fyre.ibm.com:6443/api?timeout=32s": dial tcp: lookup api.bvh.cp.fyre.ibm.com: no such host
Unable to connect to the server: dial tcp: lookup api.bvh.cp.fyre.ibm.com: no such host
E0517 16:17:30.364824   75577 memcache.go:265] couldn't get current server API group list: Get "https://api.bvh.cp.fyre.ibm.com:6443/api?timeout=32s": dial tcp: lookup api.bvh.cp.fyre.ibm.com: no such host
E0517 16:17:30.365525   75577 memcache.go:265] couldn't get current server API group list: Get "https://api.bvh.cp.fyre.ibm.com:6443/api?timeout=32s": dial tcp: lookup api.bvh.cp.fyre.ibm.com: no such host
E0517 16:17:30.366537   75577 memcache.go:265] couldn't get current server API group list: Get "https://api.bvh.cp.fyre.ibm.com:6443/api?timeout=32s": dial tcp: lookup api.bvh.cp.fyre.ibm.com: no such host
E0517 16:17:30.367099   75577 memcache.go:265] couldn't get current server API group list: Get "https://api.bvh.cp.fyre.ibm.com:6443/api?timeout=32s": dial tcp: lookup api.bvh.cp.fyre.ibm.com: no such host
E0517 16:17:30.368427   75577 memcache.go:265] couldn't get current server API group list: Get "https://api.bvh.cp.fyre.ibm.com:6443/api?timeout=32s": dial tcp: lookup api.bvh.cp.fyre.ibm.com: no such host
E0517 16:17:30.369091   75577 memcache.go:265] couldn't get current server API group list: Get "https://api.bvh.cp.fyre.ibm.com:6443/api?timeout=32s": dial tcp: lookup api.bvh.cp.fyre.ibm.com: no such host
E0517 16:17:30.370266   75577 memcache.go:265] couldn't get current server API group list: Get "https://api.bvh.cp.fyre.ibm.com:6443/api?timeout=32s": dial tcp: lookup api.bvh.cp.fyre.ibm.com: no such host
Unable to connect to the server: dial tcp: lookup api.bvh.cp.fyre.ibm.com: no such host
[33m[DEBUG] oc get subscription.operators.coreos.com -l operators.coreos.com/ibm-common-service-operator.cp2400='' -n cp2400 -o jsonpath='{.items[*].status.conditions}' -> 

[0m
[INFO] RETRYING: Waiting for operator ibm-common-service-operator to be upgraded (15 left)
E0517 16:17:30.428068   75579 memcache.go:265] couldn't get current server API group list: Get "https://api.bvh.cp.fyre.ibm.com:6443/api?timeout=32s": dial tcp: lookup api.bvh.cp.fyre.ibm.com: no such host
E0517 16:17:30.428985   75579 memcache.go:265] couldn't get current server API group list: Get "https://api.bvh.cp.fyre.ibm.com:6443/api?timeout=32s": dial tcp: lookup api.bvh.cp.fyre.ibm.com: no such host
E0517 16:17:30.430250   75579 memcache.go:265] couldn't get current server API group list: Get "https://api.bvh.cp.fyre.ibm.com:6443/api?timeout=32s": dial tcp: lookup api.bvh.cp.fyre.ibm.com: no such host
E0517 16:17:30.431212   75579 memcache.go:265] couldn't get current server API group list: Get "https://api.bvh.cp.fyre.ibm.com:6443/api?timeout=32s": dial tcp: lookup api.bvh.cp.fyre.ibm.com: no such host
E0517 16:17:30.440057   75579 memcache.go:265] couldn't get current server API group list: Get "https://api.bvh.cp.fyre.ibm.com:6443/api?timeout=32s": dial tcp: lookup api.bvh.cp.fyre.ibm.com: no such host
E0517 16:17:30.441319   75579 memcache.go:265] couldn't get current server API group list: Get "https://api.bvh.cp.fyre.ibm.com:6443/api?timeout=32s": dial tcp: lookup api.bvh.cp.fyre.ibm.com: no such host
E0517 16:17:30.442227   75579 memcache.go:265] couldn't get current server API group list: Get "https://api.bvh.cp.fyre.ibm.com:6443/api?timeout=32s": dial tcp: lookup api.bvh.cp.fyre.ibm.com: no such host
Unable to connect to the server: dial tcp: lookup api.bvh.cp.fyre.ibm.com: no such host
E0517 16:26:01.438303   75720 memcache.go:265] couldn't get current server API group list: Get "https://api.bvh.cp.fyre.ibm.com:6443/api?timeout=32s": dial tcp: lookup api.bvh.cp.fyre.ibm.com: no such host
E0517 16:26:01.439537   75720 memcache.go:265] couldn't get current server API group list: Get "https://api.bvh.cp.fyre.ibm.com:6443/api?timeout=32s": dial tcp: lookup api.bvh.cp.fyre.ibm.com: no such host
E0517 16:26:01.440191   75720 memcache.go:265] couldn't get current server API group list: Get "https://api.bvh.cp.fyre.ibm.com:6443/api?timeout=32s": dial tcp: lookup api.bvh.cp.fyre.ibm.com: no such host
E0517 16:26:01.441178   75720 memcache.go:265] couldn't get current server API group list: Get "https://api.bvh.cp.fyre.ibm.com:6443/api?timeout=32s": dial tcp: lookup api.bvh.cp.fyre.ibm.com: no such host
E0517 16:26:01.441774   75720 memcache.go:265] couldn't get current server API group list: Get "https://api.bvh.cp.fyre.ibm.com:6443/api?timeout=32s": dial tcp: lookup api.bvh.cp.fyre.ibm.com: no such host
E0517 16:26:01.443591   75720 memcache.go:265] couldn't get current server API group list: Get "https://api.bvh.cp.fyre.ibm.com:6443/api?timeout=32s": dial tcp: lookup api.bvh.cp.fyre.ibm.com: no such host
E0517 16:26:01.444766   75720 memcache.go:265] couldn't get current server API group list: Get "https://api.bvh.cp.fyre.ibm.com:6443/api?timeout=32s": dial tcp: lookup api.bvh.cp.fyre.ibm.com: no such host
Unable to connect to the server: dial tcp: lookup api.bvh.cp.fyre.ibm.com: no such host
E0517 16:26:01.511574   75727 memcache.go:265] couldn't get current server API group list: Get "https://api.bvh.cp.fyre.ibm.com:6443/api?timeout=32s": dial tcp: lookup api.bvh.cp.fyre.ibm.com: no such host
E0517 16:26:01.512523   75727 memcache.go:265] couldn't get current server API group list: Get "https://api.bvh.cp.fyre.ibm.com:6443/api?timeout=32s": dial tcp: lookup api.bvh.cp.fyre.ibm.com: no such host
E0517 16:26:01.513211   75727 memcache.go:265] couldn't get current server API group list: Get "https://api.bvh.cp.fyre.ibm.com:6443/api?timeout=32s": dial tcp: lookup api.bvh.cp.fyre.ibm.com: no such host
E0517 16:26:01.514384   75727 memcache.go:265] couldn't get current server API group list: Get "https://api.bvh.cp.fyre.ibm.com:6443/api?timeout=32s": dial tcp: lookup api.bvh.cp.fyre.ibm.com: no such host
E0517 16:26:01.514934   75727 memcache.go:265] couldn't get current server API group list: Get "https://api.bvh.cp.fyre.ibm.com:6443/api?timeout=32s": dial tcp: lookup api.bvh.cp.fyre.ibm.com: no such host
E0517 16:26:01.515973   75727 memcache.go:265] couldn't get current server API group list: Get "https://api.bvh.cp.fyre.ibm.com:6443/api?timeout=32s": dial tcp: lookup api.bvh.cp.fyre.ibm.com: no such host
E0517 16:26:01.516436   75727 memcache.go:265] couldn't get current server API group list: Get "https://api.bvh.cp.fyre.ibm.com:6443/api?timeout=32s": dial tcp: lookup api.bvh.cp.fyre.ibm.com: no such host
Unable to connect to the server: dial tcp: lookup api.bvh.cp.fyre.ibm.com: no such host
[33m[DEBUG] oc get subscription.operators.coreos.com -l operators.coreos.com/ibm-common-service-operator.cp2400='' -n cp2400 -o jsonpath='{.items[*].status.conditions}' -> 

[0m
[INFO] RETRYING: Waiting for operator ibm-common-service-operator to be upgraded (14 left)
E0517 16:26:01.601725   75729 memcache.go:265] couldn't get current server API group list: Get "https://api.bvh.cp.fyre.ibm.com:6443/api?timeout=32s": dial tcp: lookup api.bvh.cp.fyre.ibm.com: no such host
E0517 16:26:01.602584   75729 memcache.go:265] couldn't get current server API group list: Get "https://api.bvh.cp.fyre.ibm.com:6443/api?timeout=32s": dial tcp: lookup api.bvh.cp.fyre.ibm.com: no such host
E0517 16:26:01.603508   75729 memcache.go:265] couldn't get current server API group list: Get "https://api.bvh.cp.fyre.ibm.com:6443/api?timeout=32s": dial tcp: lookup api.bvh.cp.fyre.ibm.com: no such host
E0517 16:26:01.604180   75729 memcache.go:265] couldn't get current server API group list: Get "https://api.bvh.cp.fyre.ibm.com:6443/api?timeout=32s": dial tcp: lookup api.bvh.cp.fyre.ibm.com: no such host
E0517 16:26:01.605264   75729 memcache.go:265] couldn't get current server API group list: Get "https://api.bvh.cp.fyre.ibm.com:6443/api?timeout=32s": dial tcp: lookup api.bvh.cp.fyre.ibm.com: no such host
E0517 16:26:01.605831   75729 memcache.go:265] couldn't get current server API group list: Get "https://api.bvh.cp.fyre.ibm.com:6443/api?timeout=32s": dial tcp: lookup api.bvh.cp.fyre.ibm.com: no such host
E0517 16:26:01.607616   75729 memcache.go:265] couldn't get current server API group list: Get "https://api.bvh.cp.fyre.ibm.com:6443/api?timeout=32s": dial tcp: lookup api.bvh.cp.fyre.ibm.com: no such host
Unable to connect to the server: dial tcp: lookup api.bvh.cp.fyre.ibm.com: no such host
E0517 16:26:21.715164   75816 memcache.go:265] couldn't get current server API group list: Get "https://api.bvh.cp.fyre.ibm.com:6443/api?timeout=32s": dial tcp: lookup api.bvh.cp.fyre.ibm.com: no such host
E0517 16:26:21.715608   75816 memcache.go:265] couldn't get current server API group list: Get "https://api.bvh.cp.fyre.ibm.com:6443/api?timeout=32s": dial tcp: lookup api.bvh.cp.fyre.ibm.com: no such host
E0517 16:26:21.716670   75816 memcache.go:265] couldn't get current server API group list: Get "https://api.bvh.cp.fyre.ibm.com:6443/api?timeout=32s": dial tcp: lookup api.bvh.cp.fyre.ibm.com: no such host
E0517 16:26:21.717038   75816 memcache.go:265] couldn't get current server API group list: Get "https://api.bvh.cp.fyre.ibm.com:6443/api?timeout=32s": dial tcp: lookup api.bvh.cp.fyre.ibm.com: no such host
E0517 16:26:21.718362   75816 memcache.go:265] couldn't get current server API group list: Get "https://api.bvh.cp.fyre.ibm.com:6443/api?timeout=32s": dial tcp: lookup api.bvh.cp.fyre.ibm.com: no such host
E0517 16:26:21.718761   75816 memcache.go:265] couldn't get current server API group list: Get "https://api.bvh.cp.fyre.ibm.com:6443/api?timeout=32s": dial tcp: lookup api.bvh.cp.fyre.ibm.com: no such host
E0517 16:26:21.719952   75816 memcache.go:265] couldn't get current server API group list: Get "https://api.bvh.cp.fyre.ibm.com:6443/api?timeout=32s": dial tcp: lookup api.bvh.cp.fyre.ibm.com: no such host
Unable to connect to the server: dial tcp: lookup api.bvh.cp.fyre.ibm.com: no such host
E0517 16:26:21.770604   75819 memcache.go:265] couldn't get current server API group list: Get "https://api.bvh.cp.fyre.ibm.com:6443/api?timeout=32s": dial tcp: lookup api.bvh.cp.fyre.ibm.com: no such host
E0517 16:26:21.771312   75819 memcache.go:265] couldn't get current server API group list: Get "https://api.bvh.cp.fyre.ibm.com:6443/api?timeout=32s": dial tcp: lookup api.bvh.cp.fyre.ibm.com: no such host
E0517 16:26:21.772278   75819 memcache.go:265] couldn't get current server API group list: Get "https://api.bvh.cp.fyre.ibm.com:6443/api?timeout=32s": dial tcp: lookup api.bvh.cp.fyre.ibm.com: no such host
E0517 16:26:21.772837   75819 memcache.go:265] couldn't get current server API group list: Get "https://api.bvh.cp.fyre.ibm.com:6443/api?timeout=32s": dial tcp: lookup api.bvh.cp.fyre.ibm.com: no such host
E0517 16:26:21.773850   75819 memcache.go:265] couldn't get current server API group list: Get "https://api.bvh.cp.fyre.ibm.com:6443/api?timeout=32s": dial tcp: lookup api.bvh.cp.fyre.ibm.com: no such host
E0517 16:26:21.774258   75819 memcache.go:265] couldn't get current server API group list: Get "https://api.bvh.cp.fyre.ibm.com:6443/api?timeout=32s": dial tcp: lookup api.bvh.cp.fyre.ibm.com: no such host
E0517 16:26:21.775636   75819 memcache.go:265] couldn't get current server API group list: Get "https://api.bvh.cp.fyre.ibm.com:6443/api?timeout=32s": dial tcp: lookup api.bvh.cp.fyre.ibm.com: no such host
Unable to connect to the server: dial tcp: lookup api.bvh.cp.fyre.ibm.com: no such host
[33m[DEBUG] oc get subscription.operators.coreos.com -l operators.coreos.com/ibm-common-service-operator.cp2400='' -n cp2400 -o jsonpath='{.items[*].status.conditions}' -> 

[0m
[INFO] RETRYING: Waiting for operator ibm-common-service-operator to be upgraded (13 left)
E0517 16:26:21.827140   75821 memcache.go:265] couldn't get current server API group list: Get "https://api.bvh.cp.fyre.ibm.com:6443/api?timeout=32s": dial tcp: lookup api.bvh.cp.fyre.ibm.com: no such host
E0517 16:26:21.827650   75821 memcache.go:265] couldn't get current server API group list: Get "https://api.bvh.cp.fyre.ibm.com:6443/api?timeout=32s": dial tcp: lookup api.bvh.cp.fyre.ibm.com: no such host
E0517 16:26:21.828641   75821 memcache.go:265] couldn't get current server API group list: Get "https://api.bvh.cp.fyre.ibm.com:6443/api?timeout=32s": dial tcp: lookup api.bvh.cp.fyre.ibm.com: no such host
E0517 16:26:21.829104   75821 memcache.go:265] couldn't get current server API group list: Get "https://api.bvh.cp.fyre.ibm.com:6443/api?timeout=32s": dial tcp: lookup api.bvh.cp.fyre.ibm.com: no such host
E0517 16:26:21.830228   75821 memcache.go:265] couldn't get current server API group list: Get "https://api.bvh.cp.fyre.ibm.com:6443/api?timeout=32s": dial tcp: lookup api.bvh.cp.fyre.ibm.com: no such host
E0517 16:26:21.830654   75821 memcache.go:265] couldn't get current server API group list: Get "https://api.bvh.cp.fyre.ibm.com:6443/api?timeout=32s": dial tcp: lookup api.bvh.cp.fyre.ibm.com: no such host
E0517 16:26:21.831942   75821 memcache.go:265] couldn't get current server API group list: Get "https://api.bvh.cp.fyre.ibm.com:6443/api?timeout=32s": dial tcp: lookup api.bvh.cp.fyre.ibm.com: no such host
Unable to connect to the server: dial tcp: lookup api.bvh.cp.fyre.ibm.com: no such host
E0517 16:26:41.977818   75893 memcache.go:265] couldn't get current server API group list: Get "https://api.bvh.cp.fyre.ibm.com:6443/api?timeout=32s": dial tcp: lookup api.bvh.cp.fyre.ibm.com: no such host
E0517 16:26:41.978294   75893 memcache.go:265] couldn't get current server API group list: Get "https://api.bvh.cp.fyre.ibm.com:6443/api?timeout=32s": dial tcp: lookup api.bvh.cp.fyre.ibm.com: no such host
E0517 16:26:41.979487   75893 memcache.go:265] couldn't get current server API group list: Get "https://api.bvh.cp.fyre.ibm.com:6443/api?timeout=32s": dial tcp: lookup api.bvh.cp.fyre.ibm.com: no such host
E0517 16:26:41.979922   75893 memcache.go:265] couldn't get current server API group list: Get "https://api.bvh.cp.fyre.ibm.com:6443/api?timeout=32s": dial tcp: lookup api.bvh.cp.fyre.ibm.com: no such host
E0517 16:26:41.985506   75893 memcache.go:265] couldn't get current server API group list: Get "https://api.bvh.cp.fyre.ibm.com:6443/api?timeout=32s": dial tcp: lookup api.bvh.cp.fyre.ibm.com: no such host
E0517 16:26:41.986240   75893 memcache.go:265] couldn't get current server API group list: Get "https://api.bvh.cp.fyre.ibm.com:6443/api?timeout=32s": dial tcp: lookup api.bvh.cp.fyre.ibm.com: no such host
E0517 16:26:41.987114   75893 memcache.go:265] couldn't get current server API group list: Get "https://api.bvh.cp.fyre.ibm.com:6443/api?timeout=32s": dial tcp: lookup api.bvh.cp.fyre.ibm.com: no such host
Unable to connect to the server: dial tcp: lookup api.bvh.cp.fyre.ibm.com: no such host
E0517 16:26:42.041933   75897 memcache.go:265] couldn't get current server API group list: Get "https://api.bvh.cp.fyre.ibm.com:6443/api?timeout=32s": dial tcp: lookup api.bvh.cp.fyre.ibm.com: no such host
E0517 16:26:42.042472   75897 memcache.go:265] couldn't get current server API group list: Get "https://api.bvh.cp.fyre.ibm.com:6443/api?timeout=32s": dial tcp: lookup api.bvh.cp.fyre.ibm.com: no such host
E0517 16:26:42.043484   75897 memcache.go:265] couldn't get current server API group list: Get "https://api.bvh.cp.fyre.ibm.com:6443/api?timeout=32s": dial tcp: lookup api.bvh.cp.fyre.ibm.com: no such host
E0517 16:26:42.043854   75897 memcache.go:265] couldn't get current server API group list: Get "https://api.bvh.cp.fyre.ibm.com:6443/api?timeout=32s": dial tcp: lookup api.bvh.cp.fyre.ibm.com: no such host
E0517 16:26:42.045008   75897 memcache.go:265] couldn't get current server API group list: Get "https://api.bvh.cp.fyre.ibm.com:6443/api?timeout=32s": dial tcp: lookup api.bvh.cp.fyre.ibm.com: no such host
E0517 16:26:42.045413   75897 memcache.go:265] couldn't get current server API group list: Get "https://api.bvh.cp.fyre.ibm.com:6443/api?timeout=32s": dial tcp: lookup api.bvh.cp.fyre.ibm.com: no such host
E0517 16:26:42.046532   75897 memcache.go:265] couldn't get current server API group list: Get "https://api.bvh.cp.fyre.ibm.com:6443/api?timeout=32s": dial tcp: lookup api.bvh.cp.fyre.ibm.com: no such host
Unable to connect to the server: dial tcp: lookup api.bvh.cp.fyre.ibm.com: no such host
[33m[DEBUG] oc get subscription.operators.coreos.com -l operators.coreos.com/ibm-common-service-operator.cp2400='' -n cp2400 -o jsonpath='{.items[*].status.conditions}' -> 

[0m
[INFO] RETRYING: Waiting for operator ibm-common-service-operator to be upgraded (12 left)
E0517 16:26:42.099536   75899 memcache.go:265] couldn't get current server API group list: Get "https://api.bvh.cp.fyre.ibm.com:6443/api?timeout=32s": dial tcp: lookup api.bvh.cp.fyre.ibm.com: no such host
E0517 16:26:42.100066   75899 memcache.go:265] couldn't get current server API group list: Get "https://api.bvh.cp.fyre.ibm.com:6443/api?timeout=32s": dial tcp: lookup api.bvh.cp.fyre.ibm.com: no such host
E0517 16:26:42.101121   75899 memcache.go:265] couldn't get current server API group list: Get "https://api.bvh.cp.fyre.ibm.com:6443/api?timeout=32s": dial tcp: lookup api.bvh.cp.fyre.ibm.com: no such host
E0517 16:26:42.101576   75899 memcache.go:265] couldn't get current server API group list: Get "https://api.bvh.cp.fyre.ibm.com:6443/api?timeout=32s": dial tcp: lookup api.bvh.cp.fyre.ibm.com: no such host
E0517 16:26:42.102660   75899 memcache.go:265] couldn't get current server API group list: Get "https://api.bvh.cp.fyre.ibm.com:6443/api?timeout=32s": dial tcp: lookup api.bvh.cp.fyre.ibm.com: no such host
E0517 16:26:42.103109   75899 memcache.go:265] couldn't get current server API group list: Get "https://api.bvh.cp.fyre.ibm.com:6443/api?timeout=32s": dial tcp: lookup api.bvh.cp.fyre.ibm.com: no such host
E0517 16:26:42.104710   75899 memcache.go:265] couldn't get current server API group list: Get "https://api.bvh.cp.fyre.ibm.com:6443/api?timeout=32s": dial tcp: lookup api.bvh.cp.fyre.ibm.com: no such host
Unable to connect to the server: dial tcp: lookup api.bvh.cp.fyre.ibm.com: no such host
E0517 16:27:02.793639   75968 memcache.go:265] couldn't get current server API group list: the server has asked for the client to provide credentials
E0517 16:27:03.180548   75968 memcache.go:265] couldn't get current server API group list: the server has asked for the client to provide credentials
E0517 16:27:03.761103   75968 memcache.go:265] couldn't get current server API group list: the server has asked for the client to provide credentials
E0517 16:27:04.814324   75968 memcache.go:265] couldn't get current server API group list: the server has asked for the client to provide credentials
E0517 16:27:05.674281   75968 memcache.go:265] couldn't get current server API group list: the server has asked for the client to provide credentials
E0517 16:27:06.190363   75968 memcache.go:265] couldn't get current server API group list: the server has asked for the client to provide credentials
E0517 16:27:06.544290   75968 memcache.go:265] couldn't get current server API group list: the server has asked for the client to provide credentials
error: You must be logged in to the server (the server has asked for the client to provide credentials)
E0517 16:27:06.961956   76013 memcache.go:265] couldn't get current server API group list: the server has asked for the client to provide credentials
E0517 16:27:07.296933   76013 memcache.go:265] couldn't get current server API group list: the server has asked for the client to provide credentials
E0517 16:27:07.633111   76013 memcache.go:265] couldn't get current server API group list: the server has asked for the client to provide credentials
E0517 16:27:07.986824   76013 memcache.go:265] couldn't get current server API group list: the server has asked for the client to provide credentials
E0517 16:27:08.331644   76013 memcache.go:265] couldn't get current server API group list: the server has asked for the client to provide credentials
E0517 16:27:08.687564   76013 memcache.go:265] couldn't get current server API group list: the server has asked for the client to provide credentials
E0517 16:27:09.028524   76013 memcache.go:265] couldn't get current server API group list: the server has asked for the client to provide credentials
error: You must be logged in to the server (the server has asked for the client to provide credentials)
[33m[DEBUG] oc get subscription.operators.coreos.com -l operators.coreos.com/ibm-common-service-operator.cp2400='' -n cp2400 -o jsonpath='{.items[*].status.conditions}' -> 

[0m
[INFO] RETRYING: Waiting for operator ibm-common-service-operator to be upgraded (11 left)
E0517 16:27:09.428468   76019 memcache.go:265] couldn't get current server API group list: the server has asked for the client to provide credentials
E0517 16:27:09.799447   76019 memcache.go:265] couldn't get current server API group list: the server has asked for the client to provide credentials
E0517 16:27:10.139841   76019 memcache.go:265] couldn't get current server API group list: the server has asked for the client to provide credentials
E0517 16:27:10.473750   76019 memcache.go:265] couldn't get current server API group list: the server has asked for the client to provide credentials
E0517 16:27:10.811461   76019 memcache.go:265] couldn't get current server API group list: the server has asked for the client to provide credentials
E0517 16:27:11.149632   76019 memcache.go:265] couldn't get current server API group list: the server has asked for the client to provide credentials
E0517 16:27:11.526744   76019 memcache.go:265] couldn't get current server API group list: the server has asked for the client to provide credentials
error: You must be logged in to the server (the server has asked for the client to provide credentials)
E0517 16:27:32.000676   76087 memcache.go:265] couldn't get current server API group list: the server has asked for the client to provide credentials
E0517 16:27:32.354357   76087 memcache.go:265] couldn't get current server API group list: the server has asked for the client to provide credentials
E0517 16:27:32.697838   76087 memcache.go:265] couldn't get current server API group list: the server has asked for the client to provide credentials
E0517 16:27:33.047587   76087 memcache.go:265] couldn't get current server API group list: the server has asked for the client to provide credentials
E0517 16:27:33.383193   76087 memcache.go:265] couldn't get current server API group list: the server has asked for the client to provide credentials
E0517 16:27:33.724530   76087 memcache.go:265] couldn't get current server API group list: the server has asked for the client to provide credentials
E0517 16:27:34.060454   76087 memcache.go:265] couldn't get current server API group list: the server has asked for the client to provide credentials
error: You must be logged in to the server (the server has asked for the client to provide credentials)
E0517 16:27:34.481427   76094 memcache.go:265] couldn't get current server API group list: the server has asked for the client to provide credentials
E0517 16:27:34.830606   76094 memcache.go:265] couldn't get current server API group list: the server has asked for the client to provide credentials
E0517 16:27:35.171569   76094 memcache.go:265] couldn't get current server API group list: the server has asked for the client to provide credentials
E0517 16:27:35.529328   76094 memcache.go:265] couldn't get current server API group list: the server has asked for the client to provide credentials
E0517 16:27:35.875216   76094 memcache.go:265] couldn't get current server API group list: the server has asked for the client to provide credentials
E0517 16:27:36.199481   76094 memcache.go:265] couldn't get current server API group list: the server has asked for the client to provide credentials
E0517 16:27:36.554954   76094 memcache.go:265] couldn't get current server API group list: the server has asked for the client to provide credentials
error: You must be logged in to the server (the server has asked for the client to provide credentials)
[33m[DEBUG] oc get subscription.operators.coreos.com -l operators.coreos.com/ibm-common-service-operator.cp2400='' -n cp2400 -o jsonpath='{.items[*].status.conditions}' -> 

[0m
[INFO] RETRYING: Waiting for operator ibm-common-service-operator to be upgraded (10 left)
E0517 16:27:36.972191   76159 memcache.go:265] couldn't get current server API group list: the server has asked for the client to provide credentials
E0517 16:27:37.314629   76159 memcache.go:265] couldn't get current server API group list: the server has asked for the client to provide credentials
E0517 16:27:37.641449   76159 memcache.go:265] couldn't get current server API group list: the server has asked for the client to provide credentials
E0517 16:27:37.975877   76159 memcache.go:265] couldn't get current server API group list: the server has asked for the client to provide credentials
E0517 16:27:38.314294   76159 memcache.go:265] couldn't get current server API group list: the server has asked for the client to provide credentials
E0517 16:27:38.674245   76159 memcache.go:265] couldn't get current server API group list: the server has asked for the client to provide credentials
E0517 16:27:39.027493   76159 memcache.go:265] couldn't get current server API group list: the server has asked for the client to provide credentials
error: You must be logged in to the server (the server has asked for the client to provide credentials)
E0517 16:27:59.510322   76213 memcache.go:265] couldn't get current server API group list: the server has asked for the client to provide credentials
E0517 16:27:59.864232   76213 memcache.go:265] couldn't get current server API group list: the server has asked for the client to provide credentials
E0517 16:28:00.213162   76213 memcache.go:265] couldn't get current server API group list: the server has asked for the client to provide credentials
E0517 16:28:00.569572   76213 memcache.go:265] couldn't get current server API group list: the server has asked for the client to provide credentials
E0517 16:28:00.902306   76213 memcache.go:265] couldn't get current server API group list: the server has asked for the client to provide credentials
E0517 16:28:01.229002   76213 memcache.go:265] couldn't get current server API group list: the server has asked for the client to provide credentials
E0517 16:28:01.569007   76213 memcache.go:265] couldn't get current server API group list: the server has asked for the client to provide credentials
error: You must be logged in to the server (the server has asked for the client to provide credentials)
E0517 16:28:01.997359   76221 memcache.go:265] couldn't get current server API group list: the server has asked for the client to provide credentials
E0517 16:28:02.339102   76221 memcache.go:265] couldn't get current server API group list: the server has asked for the client to provide credentials
E0517 16:28:02.686800   76221 memcache.go:265] couldn't get current server API group list: the server has asked for the client to provide credentials
E0517 16:28:03.041286   76221 memcache.go:265] couldn't get current server API group list: the server has asked for the client to provide credentials
E0517 16:28:03.388318   76221 memcache.go:265] couldn't get current server API group list: the server has asked for the client to provide credentials
E0517 16:28:03.741210   76221 memcache.go:265] couldn't get current server API group list: the server has asked for the client to provide credentials
E0517 16:28:04.071267   76221 memcache.go:265] couldn't get current server API group list: the server has asked for the client to provide credentials
error: You must be logged in to the server (the server has asked for the client to provide credentials)
[33m[DEBUG] oc get subscription.operators.coreos.com -l operators.coreos.com/ibm-common-service-operator.cp2400='' -n cp2400 -o jsonpath='{.items[*].status.conditions}' -> 

[0m
[INFO] RETRYING: Waiting for operator ibm-common-service-operator to be upgraded (9 left)
E0517 16:28:04.480262   76225 memcache.go:265] couldn't get current server API group list: the server has asked for the client to provide credentials
E0517 16:28:04.820807   76225 memcache.go:265] couldn't get current server API group list: the server has asked for the client to provide credentials
E0517 16:28:05.150485   76225 memcache.go:265] couldn't get current server API group list: the server has asked for the client to provide credentials
E0517 16:28:05.499201   76225 memcache.go:265] couldn't get current server API group list: the server has asked for the client to provide credentials
E0517 16:28:05.847203   76225 memcache.go:265] couldn't get current server API group list: the server has asked for the client to provide credentials
E0517 16:28:06.193587   76225 memcache.go:265] couldn't get current server API group list: the server has asked for the client to provide credentials
E0517 16:28:06.552095   76225 memcache.go:265] couldn't get current server API group list: the server has asked for the client to provide credentials
error: You must be logged in to the server (the server has asked for the client to provide credentials)
E0517 16:28:26.988635   76312 memcache.go:265] couldn't get current server API group list: the server has asked for the client to provide credentials
E0517 16:28:27.317337   76312 memcache.go:265] couldn't get current server API group list: the server has asked for the client to provide credentials
E0517 16:28:27.656121   76312 memcache.go:265] couldn't get current server API group list: the server has asked for the client to provide credentials
E0517 16:28:28.006004   76312 memcache.go:265] couldn't get current server API group list: the server has asked for the client to provide credentials
E0517 16:28:28.363653   76312 memcache.go:265] couldn't get current server API group list: the server has asked for the client to provide credentials
E0517 16:28:28.687607   76312 memcache.go:265] couldn't get current server API group list: the server has asked for the client to provide credentials
E0517 16:28:29.024525   76312 memcache.go:265] couldn't get current server API group list: the server has asked for the client to provide credentials
error: You must be logged in to the server (the server has asked for the client to provide credentials)
E0517 16:28:29.439115   76319 memcache.go:265] couldn't get current server API group list: the server has asked for the client to provide credentials
E0517 16:28:29.800863   76319 memcache.go:265] couldn't get current server API group list: the server has asked for the client to provide credentials
E0517 16:28:30.142551   76319 memcache.go:265] couldn't get current server API group list: the server has asked for the client to provide credentials
E0517 16:28:30.493139   76319 memcache.go:265] couldn't get current server API group list: the server has asked for the client to provide credentials
E0517 16:28:30.838866   76319 memcache.go:265] couldn't get current server API group list: the server has asked for the client to provide credentials
E0517 16:28:31.192662   76319 memcache.go:265] couldn't get current server API group list: the server has asked for the client to provide credentials
E0517 16:28:31.524577   76319 memcache.go:265] couldn't get current server API group list: the server has asked for the client to provide credentials
error: You must be logged in to the server (the server has asked for the client to provide credentials)
[33m[DEBUG] oc get subscription.operators.coreos.com -l operators.coreos.com/ibm-common-service-operator.cp2400='' -n cp2400 -o jsonpath='{.items[*].status.conditions}' -> 

[0m
[INFO] RETRYING: Waiting for operator ibm-common-service-operator to be upgraded (8 left)
E0517 16:28:31.929636   76321 memcache.go:265] couldn't get current server API group list: the server has asked for the client to provide credentials
E0517 16:28:32.269200   76321 memcache.go:265] couldn't get current server API group list: the server has asked for the client to provide credentials
E0517 16:28:32.627006   76321 memcache.go:265] couldn't get current server API group list: the server has asked for the client to provide credentials
E0517 16:28:32.972621   76321 memcache.go:265] couldn't get current server API group list: the server has asked for the client to provide credentials
E0517 16:28:33.340754   76321 memcache.go:265] couldn't get current server API group list: the server has asked for the client to provide credentials
E0517 16:28:33.698399   76321 memcache.go:265] couldn't get current server API group list: the server has asked for the client to provide credentials
E0517 16:28:34.047310   76321 memcache.go:265] couldn't get current server API group list: the server has asked for the client to provide credentials
error: You must be logged in to the server (the server has asked for the client to provide credentials)
E0517 16:28:54.541863   76378 memcache.go:265] couldn't get current server API group list: the server has asked for the client to provide credentials
E0517 16:28:54.887468   76378 memcache.go:265] couldn't get current server API group list: the server has asked for the client to provide credentials
E0517 16:28:55.275887   76378 memcache.go:265] couldn't get current server API group list: the server has asked for the client to provide credentials
E0517 16:28:55.648517   76378 memcache.go:265] couldn't get current server API group list: the server has asked for the client to provide credentials
E0517 16:28:56.010988   76378 memcache.go:265] couldn't get current server API group list: the server has asked for the client to provide credentials
E0517 16:28:56.423461   76378 memcache.go:265] couldn't get current server API group list: the server has asked for the client to provide credentials
E0517 16:28:56.847913   76378 memcache.go:265] couldn't get current server API group list: the server has asked for the client to provide credentials
error: You must be logged in to the server (the server has asked for the client to provide credentials)
E0517 16:28:57.321973   76420 memcache.go:265] couldn't get current server API group list: the server has asked for the client to provide credentials
E0517 16:28:57.696271   76420 memcache.go:265] couldn't get current server API group list: the server has asked for the client to provide credentials
E0517 16:28:58.052930   76420 memcache.go:265] couldn't get current server API group list: the server has asked for the client to provide credentials
E0517 16:28:58.406964   76420 memcache.go:265] couldn't get current server API group list: the server has asked for the client to provide credentials
E0517 16:28:58.768433   76420 memcache.go:265] couldn't get current server API group list: the server has asked for the client to provide credentials
E0517 16:28:59.144788   76420 memcache.go:265] couldn't get current server API group list: the server has asked for the client to provide credentials
E0517 16:28:59.515562   76420 memcache.go:265] couldn't get current server API group list: the server has asked for the client to provide credentials
error: You must be logged in to the server (the server has asked for the client to provide credentials)
[33m[DEBUG] oc get subscription.operators.coreos.com -l operators.coreos.com/ibm-common-service-operator.cp2400='' -n cp2400 -o jsonpath='{.items[*].status.conditions}' -> 

[0m
[INFO] RETRYING: Waiting for operator ibm-common-service-operator to be upgraded (7 left)
E0517 16:28:59.969402   76425 memcache.go:265] couldn't get current server API group list: the server has asked for the client to provide credentials
E0517 16:29:00.325838   76425 memcache.go:265] couldn't get current server API group list: the server has asked for the client to provide credentials
E0517 16:29:00.689071   76425 memcache.go:265] couldn't get current server API group list: the server has asked for the client to provide credentials
E0517 16:29:01.055325   76425 memcache.go:265] couldn't get current server API group list: the server has asked for the client to provide credentials
E0517 16:29:01.442042   76425 memcache.go:265] couldn't get current server API group list: the server has asked for the client to provide credentials
E0517 16:29:01.825423   76425 memcache.go:265] couldn't get current server API group list: the server has asked for the client to provide credentials
E0517 16:29:02.198374   76425 memcache.go:265] couldn't get current server API group list: the server has asked for the client to provide credentials
error: You must be logged in to the server (the server has asked for the client to provide credentials)
E0517 16:29:22.674576   76483 memcache.go:265] couldn't get current server API group list: the server has asked for the client to provide credentials
E0517 16:29:23.022677   76483 memcache.go:265] couldn't get current server API group list: the server has asked for the client to provide credentials
E0517 16:29:23.377595   76483 memcache.go:265] couldn't get current server API group list: the server has asked for the client to provide credentials
E0517 16:29:23.711735   76483 memcache.go:265] couldn't get current server API group list: the server has asked for the client to provide credentials
E0517 16:29:24.063633   76483 memcache.go:265] couldn't get current server API group list: the server has asked for the client to provide credentials
E0517 16:29:24.416354   76483 memcache.go:265] couldn't get current server API group list: the server has asked for the client to provide credentials
E0517 16:29:24.746620   76483 memcache.go:265] couldn't get current server API group list: the server has asked for the client to provide credentials
error: You must be logged in to the server (the server has asked for the client to provide credentials)
E0517 16:29:25.169552   76490 memcache.go:265] couldn't get current server API group list: the server has asked for the client to provide credentials
E0517 16:29:25.538763   76490 memcache.go:265] couldn't get current server API group list: the server has asked for the client to provide credentials
E0517 16:29:25.884705   76490 memcache.go:265] couldn't get current server API group list: the server has asked for the client to provide credentials
E0517 16:29:26.237073   76490 memcache.go:265] couldn't get current server API group list: the server has asked for the client to provide credentials
E0517 16:29:26.580289   76490 memcache.go:265] couldn't get current server API group list: the server has asked for the client to provide credentials
E0517 16:29:26.920549   76490 memcache.go:265] couldn't get current server API group list: the server has asked for the client to provide credentials
E0517 16:29:27.266196   76490 memcache.go:265] couldn't get current server API group list: the server has asked for the client to provide credentials
error: You must be logged in to the server (the server has asked for the client to provide credentials)
[33m[DEBUG] oc get subscription.operators.coreos.com -l operators.coreos.com/ibm-common-service-operator.cp2400='' -n cp2400 -o jsonpath='{.items[*].status.conditions}' -> 

[0m
[INFO] RETRYING: Waiting for operator ibm-common-service-operator to be upgraded (6 left)
E0517 16:29:27.672329   76527 memcache.go:265] couldn't get current server API group list: the server has asked for the client to provide credentials
E0517 16:29:28.029153   76527 memcache.go:265] couldn't get current server API group list: the server has asked for the client to provide credentials
E0517 16:29:28.375846   76527 memcache.go:265] couldn't get current server API group list: the server has asked for the client to provide credentials
